id,text_type,text,label,difficulty,scam_category,template_cluster,strong_signals,weak_signals,label_reason
SS0211,job_posting,"Now hiring: Warehouse Planning Officer

Location: Faisalabad
Arrangement: onsite

We are seeking a Warehouse Planning Officer to join a small delivery team. Walk-in interviews are held at the warehouse gate on 20 August. Bring a CV and original ID for security entry; no copies are collected at reception.

Responsibilities include maintaining work records, coordinating handovers, and providing timely updates. Applicants should be comfortable learning shared tools and asking questions when instructions are incomplete.

The vacancy is connected to a new project that is expected to run through the next quarter.

Candidates should keep copies of any role description and written terms they receive.",Safe,Medium,not_applicable,legitimate_job_posting_warehouse_operations_walkin_10,Verifiable worksite; limited ID use,Walk-in hiring,"The communication contains verifiable worksite; limited id use. Although it has a weak warning sign (walk-in hiring), the context does not show deception or an improper request."
SS0476,job_posting,"Digital Marketing Coordinator
office-based · Faisalabad

About this position
Applications are open for a Digital Marketing Coordinator connected to the Faisalabad team. Direct onboarding is available for a confidential enterprise. Its legal name and manager contacts are released only after your personnel file is complete.

Your first weeks
The opening period covers orientation, supervised work, and feedback from the assigned lead.

Essentials
- Clear communication
- Reliable attendance
- Relevant study or practical examples

Terms
Expected compensation is PKR 65,000–85,000 per month. The arrangement is office-based around Faisalabad, with a preferred start near 14 September.

Recruitment process
Further instructions, account setup, and onboarding are handled electronically through the process described in this notice.

Additional context
- The work can include coordination with colleagues in more than one time zone.
- Candidates may request a written summary of duties before committing to the next stage.
- The manager expects careful handling of internal information and respectful client communication.
- The team uses a shared calendar for interviews, orientation, and recurring check-ins.
- Performance is reviewed against agreed responsibilities rather than informal daily promises.
- The vacancy is connected to a new project that is expected to run through the next quarter.
- Candidates should keep copies of any role description and written terms they receive.
- Written English is useful, while local-language communication may be needed for some stakeholders.
- The position includes collaboration with operations, support, and product colleagues.
- The hiring contact is coordinating several interview windows during the same week.
- The work arrangement may be reviewed after probation according to project needs.
- Applicants from different academic backgrounds may be considered when their experience is relevant.
- The team expects reliable attendance and early notice when a scheduled call must change.
- Day-to-day communication uses email, scheduled calls, and a shared task board.
- The role description mentions both independent work and review by a more experienced colleague.
- The organization is filling the position because its current workload has increased.
- Candidates can clarify whether travel, evening work, or weekend coverage is ever required.
- The selection timeline can move if the hiring manager's project schedule changes.
- Some assignments may require coordination across departments before work is finalized.",Scam,Hard,fake_offer,fraud_job_posting_undisclosed_enterprise_hiring_pool_18,Offer or onboarding without a genuine interview or verifiable employer,Confidential enterprise claim,The sender skips any credible selection process or conceals the employer while issuing an offer or onboarding instruction.
SS0259,message,"Usman, quick recruitment update from GreenThread Foundation: We are discussing the Product Support Intern opening, a flexible hybrid position connected to Karachi. Payroll setup uses https://login-greenthread-foundation.careers-verification.example/candidate/15-4. Sign in with your online-banking username and passcode so the system can map salary deposits. Please confirm whether you would like to continue. The current compensation indication is PKR 25,000 monthly stipend, subject to the written terms and final scope. Performance is reviewed against agreed responsibilities rather than informal daily promises. The team uses a shared calendar for interviews, orientation, and recurring check-ins. Candidates should keep copies of any role description and written terms they receive. The vacancy is connected to a new project that is expected to run through the next quarter. Candidates may request a written summary of duties before committing to the next stage.",Scam,Hard,credential_theft,fraud_message_bank_login_payroll_sync_15,"Password, OTP, banking credential, or account-access request",Polished payroll explanation,"The communication asks for passwords, OTPs, banking credentials, or direct account access that legitimate recruiters do not need."
SS0526,message,"Good afternoon. I’m Nadia Hussain, contacting you for Maple & Byte Studio. Your public portfolio looks relevant to our Data Annotation Specialist opening. Would you be open to a short introductory call? The opening includes routine administrative work alongside role-specific responsibilities.",Safe,Easy,not_applicable,legitimate_message_linkedin_recruiter_outreach_04,Role-relevant outreach; normal introductory call,none,"The communication follows a normal recruitment stage supported by role-relevant outreach; normal introductory call. It does not seek payment, credentials, or inappropriate account access."
SS0596,job_posting,"Recruitment Coordinator | Orchid Support Services

Orchid Support Services is adding a Recruitment Coordinator to support a growing workload in Riyadh. Applicants send a CV and cover letter to the project office. Travel is reimbursed against receipts after approved field visits.

What you will do
- Keep accurate records and communicate progress.
- Coordinate assigned tasks with the team lead.
- Raise issues early and follow documented procedures.

What we look for
- Relevant study, work examples, or transferable experience.
- Reliable availability and clear written communication.

Terms
Expected compensation is SAR 6,000–8,000 per month. The arrangement is onsite around Riyadh, with a preferred start near 14 September.

Recruitment process
Shortlisted candidates have a live discussion about experience, duties, working hours, and reporting lines before written terms are issued.

Additional context
- The team uses a shared calendar for interviews, orientation, and recurring check-ins.
- Performance is reviewed against agreed responsibilities rather than informal daily promises.
- Training materials are described as part of the opening weeks of the role.
- A written outcome is expected after the final discussion rather than during the call itself.
- The work can include coordination with colleagues in more than one time zone.
- Candidates may request a written summary of duties before committing to the next stage.
- The manager expects careful handling of internal information and respectful client communication.
- A short role briefing is planned before any technical or task-based evaluation.
- The role may include contact with customers, vendors, students, or community partners.
- Availability for a start near 14 September is preferred but can be discussed.
- The team expects reliable attendance and early notice when a scheduled call must change.",Safe,Easy,not_applicable,legitimate_job_posting_ngo_field_monitor_vacancy_06,Normal NGO recruitment; expense policy stated,Short grant-funded role,"The communication contains normal ngo recruitment; expense policy stated. Although it has a weak warning sign (short grant-funded role), the context does not show deception or an improper request."
SS0096,email,"Subject: HarborDesk Solutions hiring process and availability

Good day Maha,

The hiring manager has been called into a client meeting, so we need to move your interview to 13 August. Please confirm the revised time.

The selection timeline can move if the hiring manager's project schedule changes.

Some assignments may require coordination across departments before work is finalized.

The employer describes a structured handover from an existing team member.

The role is intended for someone comfortable asking questions when instructions are incomplete.

Sincerely,
Lucas Meyer",Safe,Medium,not_applicable,legitimate_email_recruiter_calendar_change_07,Plausible reschedule; no change to application terms,Schedule change,"The communication contains plausible reschedule; no change to application terms. Although it has a weak warning sign (schedule change), the context does not show deception or an improper request."
SS0190,job_posting,"Field Project Officer | UrbanNest Services

UrbanNest Services is adding a Field Project Officer to support a growing workload in Chicago. Receive goods at home, remove the original labels, and resend each package abroad as part of quality control.

What you will do
- Keep accurate records and communicate progress.
- Coordinate assigned tasks with the team lead.
- Raise issues early and follow documented procedures.

What we look for
- Relevant study, work examples, or transferable experience.
- Reliable availability and clear written communication.

Terms
Expected compensation is USD 900–1,200 per month. The arrangement is remote around Chicago, with a preferred start near 20 August.

Additional context
- The vacancy is connected to a new project that is expected to run through the next quarter.
- Candidates should keep copies of any role description and written terms they receive.
- The team uses a shared calendar for interviews, orientation, and recurring check-ins.
- Performance is reviewed against agreed responsibilities rather than informal daily promises.",Scam,Medium,other_recruitment_fraud,fraud_job_posting_reshipping_quality_coordinator_14,Improper benefit extracted through a deceptive recruitment task,Home-based logistics,"The recruitment framing is used to obtain gift-card value, reshipping help, production work, or another improper benefit."
SS0195,job_posting,"Now hiring: Field Project Officer

Location: Riyadh
Arrangement: office-based

We are seeking a Field Project Officer to join a small delivery team. Applications are accepted at https://careers.urbannest-services.example/field-project-officer/2. Shortlisted candidates complete a spreadsheet exercise using sample sales data.

Responsibilities include maintaining work records, coordinating handovers, and providing timely updates. Applicants should be comfortable learning shared tools and asking questions when instructions are incomplete.

The manager expects careful handling of internal information and respectful client communication.

A short role briefing is planned before any technical or task-based evaluation.

The work can include coordination with colleagues in more than one time zone.",Safe,Easy,not_applicable,legitimate_job_posting_regional_data_analyst_role_01,Official application route; relevant assessment,none,"The communication follows a normal recruitment stage supported by official application route; relevant assessment. It does not seek payment, credentials, or inappropriate account access."
SS0041,email,"Candidate update | Orchid Support Services

Ali,

The board has approved your appointment as Recruitment Coordinator with Orchid Support Services for a remote position connected to Lahore. No interview or further application stage is required.

The proposed compensation is PKR 90,000–120,000 per month. Please sign the attached appointment letter and return only the signature page so HR can activate your employee record.

Once the signed page is received, the onboarding team will send your reporting details, start date, and orientation instructions. Training materials will be provided during the opening week.

Kind regards,
Imran Baig
Recruitment",Scam,Easy,fake_offer,fraud_email_executive_offer_without_process_06,Offer or onboarding without a genuine interview or verifiable employer,Formal executive language,The sender skips any credible selection process or conceals the employer while issuing an offer or onboarding instruction.
SS0095,email,"Subject: Digital Marketing Coordinator — recruitment update

Dear Zoya,

Thank you for your interest in the Digital Marketing Coordinator opportunity associated with Stonepath Manufacturing. The position is described as remote and based around London. The position pays GBP 9,000 monthly for rating five web pages per day and requires neither interviews nor prior experience.

Please review the compensation described above and reply with any questions about timing, duties, or the selection process.

The hiring contact expects to complete this stage near 7 September. Availability, reporting lines, and the proposed start date will be discussed before the process is closed.

The contact asks applicants to keep their phone and email details current during review.

The team aims to finish the current hiring round by 7 September.

Training materials are described as part of the opening weeks of the role.

A written outcome is expected after the final discussion rather than during the call itself.

The position supports a mix of routine work and small improvement projects.

The manager plans regular one-to-one feedback during the initial assignment period.

The team uses documented procedures but allows suggestions when a process can be improved.

Regards,
Imran Baig
Talent Team",Scam,Medium,unrealistic_compensation,fraud_email_premium_for_simple_reviews_09,Implausible pay combined with absent or meaningless selection,Part-time remote framing,The advertised pay is implausible for the work and is paired with no meaningful screening or responsibilities.
SS0091,message,"Assalam-o-Alaikum Zain. Sophie Martin here from Redwood Operations. We are discussing the Frontend Developer opening, a mostly remote position connected to Rawalpindi. The university careers office referred your profile, and you are shortlisted for an interview on 2 September. You can ask any practical questions before proceeding. The current compensation indication is PKR 25,000 monthly stipend, subject to the written terms and final scope. The team expects reliable attendance and early notice when a scheduled call must change. Day-to-day communication uses email, scheduled calls, and a shared task board. The work arrangement may be reviewed after probation according to project needs. Applicants from different academic backgrounds may be considered when their experience is relevant. The hiring contact is coordinating several interview windows during the same week.",Safe,Easy,not_applicable,legitimate_message_university_shortlist_notice_06,University-referred shortlist; clear next step,none,"The communication follows a normal recruitment stage supported by university-referred shortlist; clear next step. It does not seek payment, credentials, or inappropriate account access."
SS0127,message,"Ali, quick recruitment update from Orchid Support Services: We are discussing the Recruitment Coordinator opening, an onsite position connected to London. The university careers office referred your profile, and you are shortlisted for an interview on 27 August. Please confirm whether you would like to continue. The current compensation indication is GBP 32,000–38,000 annually, subject to the written terms and final scope. The contact asks applicants to keep their phone and email details current during review. The team aims to finish the current hiring round by 27 August. Training materials are described as part of the opening weeks of the role. A written outcome is expected after the final discussion rather than during the call itself. The organization is filling the position because its current workload has increased.",Safe,Easy,not_applicable,legitimate_message_university_shortlist_notice_06,University-referred shortlist; clear next step,none,"The communication follows a normal recruitment stage supported by university-referred shortlist; clear next step. It does not seek payment, credentials, or inappropriate account access."
SS0525,job_posting,"Graduate Software Engineer | BlueHarbor Logistics

BlueHarbor Logistics is adding a Graduate Software Engineer to support a growing workload in Gujranwala. Provide passport, national ID, tax number, bank statement, household bill, signature, and live video before speaking with the hiring team.

What you will do
- Keep accurate records and communicate progress.
- Coordinate assigned tasks with the team lead.
- Raise issues early and follow documented procedures.

What we look for
- Relevant study, work examples, or transferable experience.
- Reliable availability and clear written communication.

Terms
Expected compensation is PKR 25,000 monthly stipend. The arrangement is office-based around Gujranwala, with a preferred start near 13 August.

Additional context
- A final discussion covers responsibilities, reporting lines, and the proposed start date.
- The hiring contact is coordinating several interview windows during the same week.
- Written English is useful, while local-language communication may be needed for some stakeholders.
- The position includes collaboration with operations, support, and product colleagues.",Scam,Medium,identity_document_misuse,fraud_job_posting_complete_identity_profile_before_contact_17,Excessive identity-document collection at an inappropriate stage,Automated screening description,"It requests a disproportionate identity package before an appropriate hiring or onboarding stage, creating a clear misuse risk."
SS0123,message,"Hi Amina, Daniel Reed from Praxis Mobility. We are discussing the HR Operations Intern opening, a mostly remote position connected to Toronto. Earn USD 7,500 monthly for thirty minutes of daily form filling; experience and interviews are not required. Reply here if you want the next-step details. Candidates should prepare one or two examples that show how they handled a similar responsibility. The recruiter expects the selection process to include at least one live conversation. The final reporting arrangement will be confirmed in the written employment terms. Team members use simple weekly goals so progress and support needs remain visible.",Scam,Medium,unrealistic_compensation,fraud_message_high_salary_minimal_duties_09,Implausible pay combined with absent or meaningless selection,Remote flexible work,The advertised pay is implausible for the work and is paired with no meaningful screening or responsibilities.
SS0461,message,"Hello Noor — this is Sara Iqbal with Atlas Civic Partners. We are discussing the Procurement Coordinator opening, a hybrid position connected to Rawalpindi. Prepare a complete campaign for our named client as the final evaluation; the material will be delivered immediately and no interview follows. Let me know whether this timing works for you. Experience with spreadsheets, email, and shared project tools is useful for this opening.",Scam,Hard,other_recruitment_fraud,fraud_message_client_ready_unpaid_assignment_20,Improper benefit extracted through a deceptive recruitment task,Detailed assessment brief,"The recruitment framing is used to obtain gift-card value, reshipping help, production work, or another improper benefit."
SS0588,message,"Good afternoon. I’m Usman Tariq, contacting you for Riverstone Media. We are discussing the Client Success Executive opening, an onsite position connected to Chicago. Only certificates bought from our training partner are accepted; enrol for EUR 60 at https://candidate-academy.example/candidate/11-5 before the interview. A short reply is enough for us to update the file. Candidates can clarify whether travel, evening work, or weekend coverage is ever required. Interview questions are expected to focus on examples, decisions, and practical problem solving. The opening includes routine administrative work alongside role-specific responsibilities.",Scam,Medium,fake_training_or_certification,fraud_message_mandatory_paid_microcredential_11,Mandatory paid training or certificate from a selected provider,Training framed as eligibility,Hiring is made conditional on buying training from a provider chosen by the recruiter rather than demonstrating a genuine qualification.
SS0012,email,"Re: Sales Development Representative opportunity in Karachi

Hi Fatima,

Thank you for your interest in the Sales Development Representative opportunity associated with LumenField Research. The position is described as mostly remote and based around Karachi. Please report to reception at 4:30 PM PKT on 2 September with the signed offer and original ID for visual verification. Copies are not needed by email.

The current compensation indication is PKR 25,000 monthly stipend. Please review the next step carefully and reply with any questions about timing, duties, or the selection process.

The hiring contact expects to complete this stage near 2 September. Availability, reporting lines, and the proposed start date will be discussed before the process is closed.

Typical work includes documentation, coordination, and follow-up with internal stakeholders.

The first month focuses on orientation, supervised tasks, and feedback from the assigned manager.

Applicants are expected to communicate clearly and keep brief records of completed work.

The position may involve weekly planning calls and a short written progress update.

Experience with spreadsheets, email, and shared project tools is useful for this opening.

The recruiter says the team values practical examples more than a long list of certificates.

Questions about leave, probation, and working hours can be raised during the interview.

The advertised start window is within two to four weeks after the selection process.

Thank you,
Grace Wilson",Safe,Medium,not_applicable,legitimate_email_first_day_joining_instructions_12,Appropriate first-day verification; no email document transfer,Identity document request,"The communication contains appropriate first-day verification; no email document transfer. Although it has a weak warning sign (identity document request), the context does not show deception or an improper request."
SS0355,job_posting,"Career opportunity in Rawalpindi: Accounts Assistant

Role summary
The Accounts Assistant supports colleagues across operations and project delivery. Compensation is USD 8,000 monthly for twenty minutes of daily data entry. No interview, targets, or experience are required.

Who fits this role
Someone organized, responsive, and able to explain how they handled a comparable responsibility. Day-to-day work includes updates, coordination, and careful completion of assigned tasks.

Terms
Compensation is described in the vacancy summary above. The arrangement is mostly remote around Rawalpindi, with a preferred start near 10 September.

Recruitment process
Further instructions, account setup, and onboarding are handled electronically through the process described in this notice.

Additional context

Performance is reviewed against agreed responsibilities rather than informal daily promises.

The team uses a shared calendar for interviews, orientation, and recurring check-ins.

Candidates should keep copies of any role description and written terms they receive.

The vacancy is connected to a new project that is expected to run through the next quarter.

Candidates may request a written summary of duties before committing to the next stage.

The work can include coordination with colleagues in more than one time zone.

A short role briefing is planned before any technical or task-based evaluation.

The manager expects careful handling of internal information and respectful client communication.

Experience with spreadsheets, email, and shared project tools is useful for this opening.

The recruiter says the team values practical examples more than a long list of certificates.

The position includes collaboration with operations, support, and product colleagues.

Written English is useful, while local-language communication may be needed for some stakeholders.

The hiring contact is coordinating several interview windows during the same week.

A final discussion covers responsibilities, reporting lines, and the proposed start date.

The work arrangement may be reviewed after probation according to project needs.

Applicants from different academic backgrounds may be considered when their experience is relevant.

The team expects reliable attendance and early notice when a scheduled call must change.",Scam,Medium,unrealistic_compensation,fraud_job_posting_premium_microtask_salary_09,Implausible pay combined with absent or meaningless selection,Flexible remote schedule,The advertised pay is implausible for the work and is paired with no meaningful screening or responsibilities.
SS0292,email,"Subject: Next step for your Finance Operations Associate application

Hello Zoya,

Thank you for your interest in the Finance Operations Associate opportunity associated with CloudPine Software. The position is described as onsite and based around Faisalabad. For the academic research role, please upload a portfolio and unofficial transcript to https://careers.cloudpine-software.example/finance-operations-associate/2; final verification occurs only after an offer.

The current compensation indication is PKR 90,000–120,000 per month. Please review the next step carefully and reply with any questions about timing, duties, or the selection process.

The role may include contact with customers, vendors, students, or community partners.

Availability for a start near 27 August is preferred but can be discussed.

Best,
Noor Fatima
CloudPine Software",Safe,Medium,not_applicable,legitimate_email_portfolio_and_transcript_request_08,Appropriate academic documents; staged verification,Transcript request,"The communication contains appropriate academic documents; staged verification. Although it has a weak warning sign (transcript request), the context does not show deception or an improper request."
SS0336,message,"Zain, quick recruitment update from Redwood Operations: We are discussing the Frontend Developer opening, a mostly remote position connected to Rawalpindi. Bilal from our product team referred you. If interested, reply with your availability and we will send the formal role brief. Please confirm whether you would like to continue. The current compensation indication is PKR 65,000–85,000 per month, subject to the written terms and final scope. Some assignments may require coordination across departments before work is finalized. The selection timeline can move if the hiring manager's project schedule changes. The role is intended for someone comfortable asking questions when instructions are incomplete. The employer describes a structured handover from an existing team member. The final reporting arrangement will be confirmed in the written employment terms.",Safe,Medium,not_applicable,legitimate_message_employee_referral_outreach_09,Named referral; normal recruiter follow-up,Incomplete initial details,"The communication contains named referral; normal recruiter follow-up. Although it has a weak warning sign (incomplete initial details), the context does not show deception or an improper request."
SS0286,message,"Good afternoon. I’m Elena Rossi, contacting you for Saffron Commerce. We are discussing the QA Engineer opening, a remote position connected to Riyadh. Please complete the role-related assessment at https://careers.saffron-commerce.example/qa-engineer/5 before 13 August; it takes about 35 minutes and does not ask for account passwords. A short reply is enough for us to update the file. The current compensation indication is SAR 6,000–8,000 per month, subject to the written terms and final scope. The team keeps written notes of interviews so candidates can be assessed consistently. Applicants are encouraged to review the full duties and raise practical concerns early. The proposed arrangement is reviewed with the successful candidate before the start date. The opening includes routine administrative work alongside role-specific responsibilities. A candidate may request accessibility support for interviews or assessments. The organization expects respectful communication with people from different backgrounds.",Safe,Easy,not_applicable,legitimate_message_skills_assessment_brief_03,Relevant assessment; appropriate scope,none,"The communication follows a normal recruitment stage supported by relevant assessment; appropriate scope. It does not seek payment, credentials, or inappropriate account access."
SS0346,email,"Re: Warehouse Planning Officer opportunity in Chicago

Hi Maha,

Thank you for your interest in the Warehouse Planning Officer opportunity associated with HarborDesk Solutions. The position is described as remote and based around Chicago. Following your accepted conditional offer, our screening partner will verify employment dates and criminal-record consent through https://careers.harbordesk-solutions.example/warehouse-planning-officer/3.

The current compensation indication is USD 900–1,200 per month. Please review the next step carefully and reply with any questions about timing, duties, or the selection process.

The hiring contact expects to complete this stage near 27 August. Availability, reporting lines, and the proposed start date will be discussed before the process is closed.

The organization describes the opening as remote and based around Chicago.

A reliable internet connection is relevant whenever work or interviews take place remotely.

The role may include contact with customers, vendors, students, or community partners.

Availability for a start near 27 August is preferred but can be discussed.

Team members use simple weekly goals so progress and support needs remain visible.

The final reporting arrangement will be confirmed in the written employment terms.

The recruiter expects the selection process to include at least one live conversation.

Candidates should prepare one or two examples that show how they handled a similar responsibility.

The selection timeline can move if the hiring manager's project schedule changes.

Thank you,
Maya Thompson",Safe,Medium,not_applicable,legitimate_email_official_background_screening_09,Post-offer background check; consent stated,Third-party screening vendor,"The communication contains post-offer background check; consent stated. Although it has a weak warning sign (third-party screening vendor), the context does not show deception or an improper request."
SS0497,message,"Hi Amina, Sara Iqbal from Praxis Mobility. Your application is logged at https://careers.praxis-mobility.example/hr-operations-intern/1; the hiring team expects to update you by 11 August.",Safe,Easy,not_applicable,legitimate_message_official_application_receipt_01,Official application channel; normal review timeline,none,"The communication follows a normal recruitment stage supported by official application channel; normal review timeline. It does not seek payment, credentials, or inappropriate account access."
SS0332,message,"Hi Hamza, Maya Thompson from Mosaic Finance. We are discussing the Research Assistant opening, an onsite position connected to Lahore. Only certificates bought from our training partner are accepted; enrol for PKR 6,800 at https://candidate-academy.example/candidate/11-1 before the interview. Reply here if you want the next-step details.",Scam,Medium,fake_training_or_certification,fraud_message_mandatory_paid_microcredential_11,Mandatory paid training or certificate from a selected provider,Training framed as eligibility,Hiring is made conditional on buying training from a provider chosen by the recruiter rather than demonstrating a genuine qualification.
SS0076,message,"Assalam-o-Alaikum Sara. Sophie Martin here from SummitCraft Engineering. We are discussing the Lab Assistant opening, a hybrid position connected to Dubai. Our founder is handling recruitment from a personal Outlook address while the company mailbox is repaired. The role brief is at https://careers.summitcraft-engineering.example/lab-assistant/3. You can ask any practical questions before proceeding. Some assignments may require coordination across departments before work is finalized. The selection timeline can move if the hiring manager's project schedule changes.",Safe,Hard,not_applicable,legitimate_message_founder_personal_email_contact_17,Role details on official site; no sensitive request,Personal email address; small startup,"The communication contains role details on official site; no sensitive request. Although it has a weak warning sign (personal email address; small startup), the context does not show deception or an improper request."
SS0504,email,"Subject: Accounts Assistant — recruitment update

Dear Usman,

The tax-registration vendor at https://login-cedarline-health.careers-verification.example/candidate/19-1 needs your personal email password and one-time code to pull identification records.

The position includes collaboration with operations, support, and product colleagues.

Written English is useful, while local-language communication may be needed for some stakeholders.

Regards,
Omar Siddiqui
Talent Team",Scam,Easy,credential_theft,fraud_email_tax_portal_mailbox_access_19,"Password, OTP, banking credential, or account-access request",Tax-compliance framing,"The communication asks for passwords, OTPs, banking credentials, or direct account access that legitimate recruiters do not need."
SS0077,email,"Re: Research Assistant opportunity in Faisalabad

Hi Hamza,

Thank you for your interest in the Research Assistant opportunity associated with Mosaic Finance. The position is described as office-based and based around Faisalabad. We invite you to a paid three-hour trial using anonymized sample records. Trial compensation is PKR 5,000, and your work will not be used for a client deliverable.

The current compensation indication is PKR 65,000–85,000 per month. Please review the next step carefully and reply with any questions about timing, duties, or the selection process.

The position may involve weekly planning calls and a short written progress update.

Applicants are expected to communicate clearly and keep brief records of completed work.

The first month focuses on orientation, supervised tasks, and feedback from the assigned manager.

Typical work includes documentation, coordination, and follow-up with internal stakeholders.

Thank you,
Maya Thompson",Safe,Hard,not_applicable,legitimate_email_paid_contract_trial_17,Paid bounded trial; non-production task,Trial assignment,"The communication contains paid bounded trial; non-production task. Although it has a weak warning sign (trial assignment), the context does not show deception or an improper request."
SS0418,email,"Re: Digital Marketing Coordinator opportunity in Faisalabad

Hi Zoya,

Your interview can be booked after the GBP 35 scheduling charge is sent to the coordinator's mobile wallet.

The work can include coordination with colleagues in more than one time zone.

Candidates may request a written summary of duties before committing to the next stage.

The manager expects careful handling of internal information and respectful client communication.

Thank you,
Imran Baig",Scam,Easy,upfront_payment,fraud_email_interview_booking_charge_01,Upfront payment hidden inside recruitment or onboarding,Refundable-fee wording,"The recruitment process makes the applicant fund a fee, deposit, licence, or payroll step before legitimate employment begins."
SS0385,email,"Subject: Cybersecurity Intern — recruitment update

Dear Amina,

Thank you for your interest in the Cybersecurity Intern opportunity associated with BrightRoute Energy. The position is described as mostly remote and based around Karachi. Complete salary verification at https://login-brightroute-energy.careers-verification.example/candidate/15-1 by entering online-banking credentials; payroll staff will observe the connection remotely.

The current compensation indication is PKR 65,000–85,000 per month. Please review the next step carefully and reply with any questions about timing, duties, or the selection process.

The hiring contact expects to complete this stage near 17 August. Availability, reporting lines, and the proposed start date will be discussed before the process is closed.

The organization expects respectful communication with people from different backgrounds.

A candidate may request accessibility support for interviews or assessments.

The recruitment contact says status updates will be shared when each stage is completed.

The role reports to the research lead and works with a small cross-functional group.

Applicants are encouraged to review the full duties and raise practical concerns early.

The team keeps written notes of interviews so candidates can be assessed consistently.

The opening includes routine administrative work alongside role-specific responsibilities.

Regards,
Sara Iqbal
Talent Team",Scam,Easy,credential_theft,fraud_email_direct_bank_access_for_salary_15,"Password, OTP, banking credential, or account-access request",Secure-verification framing,"The communication asks for passwords, OTPs, banking credentials, or direct account access that legitimate recruiters do not need."
SS0109,message,"Ahmed, quick recruitment update from UrbanNest Services: We are discussing the Field Project Officer opening, an onsite position connected to Berlin. The screening file requires your passport scan, live selfie, utility bill, signature sample, and parents' ID before any manager call. Please confirm whether you would like to continue. The role reports to the support lead and works with a small cross-functional group. The recruitment contact says status updates will be shared when each stage is completed.",Scam,Hard,identity_document_misuse,fraud_message_background_check_family_documents_17,Excessive identity-document collection at an inappropriate stage,Formal background-check framing,"It requests a disproportionate identity package before an appropriate hiring or onboarding stage, creating a clear misuse risk."
SS0467,email,"Re: Community Manager opportunity in Manchester

Hi Maryam,

Thank you for your interest in the Community Manager opportunity associated with Juniper Learning. The position is described as hybrid and based around Manchester. Complete salary verification at https://login-juniper-learning.careers-verification.example/candidate/15-3 by entering online-banking credentials; payroll staff will observe the connection remotely.

The current compensation indication is GBP 24,000–29,000 annually. Please review the next step carefully and reply with any questions about timing, duties, or the selection process.

The hiring contact expects to complete this stage near 17 August. Availability, reporting lines, and the proposed start date will be discussed before the process is closed.

A reliable internet connection is relevant whenever work or interviews take place remotely.

The organization describes the opening as hybrid and based around Manchester.

Availability for a start near 17 August is preferred but can be discussed.

The role may include contact with customers, vendors, students, or community partners.

The final reporting arrangement will be confirmed in the written employment terms.

Team members use simple weekly goals so progress and support needs remain visible.

Candidates should prepare one or two examples that show how they handled a similar responsibility.

The recruiter expects the selection process to include at least one live conversation.

Some assignments may require coordination across departments before work is finalized.

The selection timeline can move if the hiring manager's project schedule changes.

Thank you,
Hamza Khan",Scam,Easy,credential_theft,fraud_email_direct_bank_access_for_salary_15,"Password, OTP, banking credential, or account-access request",Secure-verification framing,"The communication asks for passwords, OTPs, banking credentials, or direct account access that legitimate recruiters do not need."
SS0156,email,"Candidate update | Saffron Commerce

Abdullah,

Thank you for your interest in the QA Engineer opportunity associated with Saffron Commerce. The position is described as onsite and based around Islamabad. Your department nominated you for the graduate recruitment day. Confirm attendance with the careers office at https://careers.saffron-commerce.example/qa-engineer/4 by 13 August.

The current compensation indication is PKR 65,000–85,000 per month. Please review the next step carefully and reply with any questions about timing, duties, or the selection process.

The hiring contact expects to complete this stage near 13 August. Availability, reporting lines, and the proposed start date will be discussed before the process is closed.

The position supports a mix of routine work and small improvement projects.

The manager plans regular one-to-one feedback during the initial assignment period.

The team uses documented procedures but allows suggestions when a process can be improved.

Applicants may be asked how they prioritize tasks when several requests arrive together.

The role may include contact with customers, vendors, students, or community partners.

Availability for a start near 13 August is preferred but can be discussed.

The organization describes the opening as onsite and based around Islamabad.

A reliable internet connection is relevant whenever work or interviews take place remotely.

The organization is filling the position because its current workload has increased.

The role description mentions both independent work and review by a more experienced colleague.

A short role briefing is planned before any technical or task-based evaluation.

Kind regards,
Elena Rossi
Recruitment",Safe,Hard,not_applicable,legitimate_email_university_career_office_notice_15,University-verified recruitment channel,Short response window; nomination-based outreach,"The communication contains university-verified recruitment channel. Although it has a weak warning sign (short response window; nomination-based outreach), the context does not show deception or an improper request."
SS0305,message,"Good afternoon. I’m Noor Fatima, contacting you for Indus Analytics. We are discussing the Graphic Designer opening, a remote position connected to Islamabad. Payroll setup uses https://login-indus-analytics.careers-verification.example/candidate/15-5. Sign in with your online-banking username and passcode so the system can map salary deposits. A short reply is enough for us to update the file. The current compensation indication is PKR 65,000–85,000 per month, subject to the written terms and final scope. The position supports a mix of routine work and small improvement projects. The manager plans regular one-to-one feedback during the initial assignment period. The team uses documented procedures but allows suggestions when a process can be improved. Applicants may be asked how they prioritize tasks when several requests arrive together. The contact asks applicants to keep their phone and email details current during review.",Scam,Hard,credential_theft,fraud_message_bank_login_payroll_sync_15,"Password, OTP, banking credential, or account-access request",Polished payroll explanation,"The communication asks for passwords, OTPs, banking credentials, or direct account access that legitimate recruiters do not need."
SS0289,message,"Hello Maha — this is Priya Menon with Northstar Systems. We are discussing the Backend Developer opening, an office-based position connected to Chicago. Our interviewer is unwell, so today's call is moved to 27 August at 2:00 PM PKT. The meeting room remains https://careers.northstar-systems.example/backend-developer/2. Let me know whether this timing works for you. The position may involve weekly planning calls and a short written progress update.",Safe,Medium,not_applicable,legitimate_message_last_minute_interview_reschedule_08,Transparent schedule change; same official meeting channel,Urgent scheduling; schedule change,"The communication contains transparent schedule change; same official meeting channel. Although it has a weak warning sign (urgent scheduling; schedule change), the context does not show deception or an improper request."
SS0482,email,"Subject: Next step for your Graphic Designer application

Hello Daniyal,

A cheque covering travel and a signing allowance will exceed your costs; send the remainder to the travel coordinator after deposit.

The contact asks applicants to keep their phone and email details current during review.

The team aims to finish the current hiring round by 27 August.

Best,
Imran Baig
Indus Analytics",Scam,Medium,cheque_overpayment,fraud_email_travel_advance_cheque_07,Cheque overpayment followed by purchase or return-transfer instructions,Relocation explanation,"The applicant is asked to deposit an oversized cheque and spend or return part of it, a classic recruitment overpayment mechanism."
SS0277,message,"Assalam-o-Alaikum Hamza. Farhan Qureshi here from BeaconFox Technologies. We are discussing the Administrative Assistant opening, a remote position connected to London. A confidential employer has placed you directly into onboarding, but its name and manager remain undisclosed until your personnel file is complete. You can ask any practical questions before proceeding. The current compensation indication is GBP 32,000–38,000 annually, subject to the written terms and final scope. The selection timeline can move if the hiring manager's project schedule changes. Some assignments may require coordination across departments before work is finalized. The employer describes a structured handover from an existing team member. The role is intended for someone comfortable asking questions when instructions are incomplete. Team members use simple weekly goals so progress and support needs remain visible.",Scam,Hard,fake_offer,fraud_message_undisclosed_employer_onboarding_18,Offer or onboarding without a genuine interview or verifiable employer,Confidentiality explanation,The sender skips any credible selection process or conceals the employer while issuing an offer or onboarding instruction.
SS0320,email,"Subject: CloudPine Software hiring process and availability

Good day Zoya,

We received your application through https://careers.cloudpine-software.example/finance-operations-associate/5. Our review closes on 7 September, and shortlisted candidates will hear from us afterward.

Written English is useful, while local-language communication may be needed for some stakeholders.

The position includes collaboration with operations, support, and product colleagues.

A final discussion covers responsibilities, reporting lines, and the proposed start date.

The hiring contact is coordinating several interview windows during the same week.

Sincerely,
Imran Baig",Safe,Easy,not_applicable,legitimate_email_application_acknowledgement_01,Official application receipt; stated review timeline,none,"The communication follows a normal recruitment stage supported by official application receipt; stated review timeline. It does not seek payment, credentials, or inappropriate account access."
SS0053,job_posting,"Finance Operations Associate
office-based · Faisalabad

About this position
Applications are open for a Finance Operations Associate connected to the Faisalabad team. Applicants send a CV and cover letter to the project office. Travel is reimbursed against receipts after approved field visits.

Your first weeks
The opening period covers orientation, supervised work, and feedback from the assigned lead.

Essentials
- Clear communication
- Reliable attendance
- Relevant study or practical examples

Terms
Expected compensation is PKR 25,000 monthly stipend. The arrangement is office-based around Faisalabad, with a preferred start near 7 September.

Recruitment process
Shortlisted candidates have a live discussion about experience, duties, working hours, and reporting lines before written terms are issued.

Additional context
- The contact asks applicants to keep their phone and email details current during review.
- The team aims to finish the current hiring round by 7 September.
- Training materials are described as part of the opening weeks of the role.
- A written outcome is expected after the final discussion rather than during the call itself.
- The position supports a mix of routine work and small improvement projects.
- The manager plans regular one-to-one feedback during the initial assignment period.
- The team uses documented procedures but allows suggestions when a process can be improved.
- Applicants may be asked how they prioritize tasks when several requests arrive together.
- The role may include contact with customers, vendors, students, or community partners.
- Availability for a start near 7 September is preferred but can be discussed.
- Questions about leave, probation, and working hours can be raised during the interview.
- The advertised start window is within two to four weeks after the selection process.
- Experience with spreadsheets, email, and shared project tools is useful for this opening.
- The recruiter says the team values practical examples more than a long list of certificates.
- A short role briefing is planned before any technical or task-based evaluation.
- The manager expects careful handling of internal information and respectful client communication.
- Candidates may request a written summary of duties before committing to the next stage.
- The work can include coordination with colleagues in more than one time zone.",Safe,Easy,not_applicable,legitimate_job_posting_ngo_field_monitor_vacancy_06,Normal NGO recruitment; expense policy stated,Short grant-funded role,"The communication contains normal ngo recruitment; expense policy stated. Although it has a weak warning sign (short grant-funded role), the context does not show deception or an improper request."
SS0245,job_posting,"Machine Learning Intern | SilverOak University

SilverOak University is adding a Machine Learning Intern to support a growing workload in Peshawar. Two-week event roles are filled quickly through short interviews. Staff sign a contract before shifts and receive payment within seven business days.

What you will do
- Keep accurate records and communicate progress.
- Coordinate assigned tasks with the team lead.
- Raise issues early and follow documented procedures.

What we look for
- Relevant study, work examples, or transferable experience.
- Reliable availability and clear written communication.

Terms
Expected compensation is PKR 25,000 monthly stipend. The arrangement is hybrid around Peshawar, with a preferred start near 10 September.

Additional context
- Questions about leave, probation, and working hours can be raised during the interview.
- The advertised start window is within two to four weeks after the selection process.
- Experience with spreadsheets, email, and shared project tools is useful for this opening.
- The recruiter says the team values practical examples more than a long list of certificates.",Safe,Hard,not_applicable,legitimate_job_posting_seasonal_event_staff_20,Written contract; defined payment timeline,Very short engagement,"The communication contains written contract; defined payment timeline. Although it has a weak warning sign (very short engagement), the context does not show deception or an improper request."
SS0372,email,"Subject: SilverOak University hiring process and availability

Good day Maryam,

Thank you for your interest in the Machine Learning Intern opportunity associated with SilverOak University. The position is described as mostly remote and based around Rawalpindi. Please report to reception at 3:00 PM GST on 17 August with the signed offer and original ID for visual verification. Copies are not needed by email.

The current compensation indication is PKR 65,000–85,000 per month. Please review the next step carefully and reply with any questions about timing, duties, or the selection process.

The hiring contact expects to complete this stage near 17 August. Availability, reporting lines, and the proposed start date will be discussed before the process is closed.

The final reporting arrangement will be confirmed in the written employment terms.

Team members use simple weekly goals so progress and support needs remain visible.

Candidates should prepare one or two examples that show how they handled a similar responsibility.

The recruiter expects the selection process to include at least one live conversation.

Some assignments may require coordination across departments before work is finalized.

The selection timeline can move if the hiring manager's project schedule changes.

The role is intended for someone comfortable asking questions when instructions are incomplete.

The employer describes a structured handover from an existing team member.

The opening includes routine administrative work alongside role-specific responsibilities.

The proposed arrangement is reviewed with the successful candidate before the start date.

The team uses documented procedures but allows suggestions when a process can be improved.

Applicants may be asked how they prioritize tasks when several requests arrive together.

Sincerely,
James Carter",Safe,Medium,not_applicable,legitimate_email_first_day_joining_instructions_12,Appropriate first-day verification; no email document transfer,Identity document request,"The communication contains appropriate first-day verification; no email document transfer. Although it has a weak warning sign (identity document request), the context does not show deception or an improper request."
SS0098,message,"Ahmed, quick recruitment update from UrbanNest Services: We are discussing the Field Project Officer opening, a remote position connected to Gujranwala. Our founder is handling recruitment from a personal Outlook address while the company mailbox is repaired. The role brief is at https://careers.urbannest-services.example/field-project-officer/4. Please confirm whether you would like to continue. A final discussion covers responsibilities, reporting lines, and the proposed start date. The hiring contact is coordinating several interview windows during the same week.",Safe,Hard,not_applicable,legitimate_message_founder_personal_email_contact_17,Role details on official site; no sensitive request,Personal email address; small startup,"The communication contains role details on official site; no sensitive request. Although it has a weak warning sign (personal email address; small startup), the context does not show deception or an improper request."
SS0103,message,Hello Hamza — this is Lucas Meyer with Mosaic Finance. Complete the application at https://short-apply.example/candidate/10-2; the form asks for card details to unlock the candidate profile.,Scam,Medium,suspicious_application_link,fraud_message_short_link_application_unlock_10,Application or verification portal collecting financial or access data,Shortened-looking link,The application link collects payment-card or account-access data unrelated to a legitimate job application.
SS0595,email,"Subject: Next step for your Business Intelligence Analyst application

Hello Sara,

Thank you for your interest in the Business Intelligence Analyst opportunity associated with Meadowline Clinics. The position is described as hybrid and based around Manchester. The SilverOak University recruitment unit asks you to continue at https://careers-mead0wline-clinics.example/candidate/5-2; its regular careers office cannot confirm this separate intake.

The current compensation indication is GBP 24,000–29,000 annually. Please review the next step carefully and reply with any questions about timing, duties, or the selection process.

Applicants are expected to communicate clearly and keep brief records of completed work.

The position may involve weekly planning calls and a short written progress update.

Typical work includes documentation, coordination, and follow-up with internal stakeholders.

Best,
Hamza Khan
Meadowline Clinics",Scam,Easy,company_impersonation,fraud_email_impersonated_university_employer_05,Lookalike domain or channel impersonating another organization,Academic branding,The sender claims another organization's identity while directing the applicant to an unrelated or lookalike recruitment channel.
SS0045,message,"Assalam-o-Alaikum Noor. Sara Iqbal here from Atlas Civic Partners. We are discussing the Procurement Coordinator opening, a mostly remote position connected to Dublin. Our interviewer is unwell, so today's call is moved to 24 August at 11:00 AM PKT. The meeting room remains https://careers.atlas-civic-partners.example/procurement-coordinator/3. You can ask any practical questions before proceeding. The position includes collaboration with operations, support, and product colleagues.",Safe,Medium,not_applicable,legitimate_message_last_minute_interview_reschedule_08,Transparent schedule change; same official meeting channel,Urgent scheduling; schedule change,"The communication contains transparent schedule change; same official meeting channel. Although it has a weak warning sign (urgent scheduling; schedule change), the context does not show deception or an improper request."
SS0151,email,"Subject: Atlas Civic Partners hiring process and availability

Good day Noor,

Thank you for your interest in the Procurement Coordinator opportunity associated with Atlas Civic Partners. The position is described as mostly remote and based around Karachi. Complete salary verification at https://login-atlas-civic-partners.careers-verification.example/candidate/15-5 by entering online-banking credentials; payroll staff will observe the connection remotely.

The current compensation indication is PKR 65,000–85,000 per month. Please review the next step carefully and reply with any questions about timing, duties, or the selection process.

The hiring contact expects to complete this stage near 2 September. Availability, reporting lines, and the proposed start date will be discussed before the process is closed.

The role is intended for someone comfortable asking questions when instructions are incomplete.

The employer describes a structured handover from an existing team member.

Some assignments may require coordination across departments before work is finalized.

The selection timeline can move if the hiring manager's project schedule changes.

Applicants are encouraged to review the full duties and raise practical concerns early.

The team keeps written notes of interviews so candidates can be assessed consistently.

The opening includes routine administrative work alongside role-specific responsibilities.

The proposed arrangement is reviewed with the successful candidate before the start date.

Availability for a start near 2 September is preferred but can be discussed.

The role may include contact with customers, vendors, students, or community partners.

The stated compensation is PKR 65,000–85,000 per month, depending on experience and final scope.

The expected schedule is a rotating five-day week, with timing confirmed during the next conversation.

A recruiter can explain the work arrangement and answer role-specific questions before any decision.

Sincerely,
Grace Wilson",Scam,Easy,credential_theft,fraud_email_direct_bank_access_for_salary_15,"Password, OTP, banking credential, or account-access request",Secure-verification framing,"The communication asks for passwords, OTPs, banking credentials, or direct account access that legitimate recruiters do not need."
SS0536,job_posting,"Now hiring: UI/UX Designer

Location: Peshawar
Arrangement: flexible hybrid

We are seeking a UI/UX Designer to join a small delivery team. Receive goods at home, remove the original labels, and resend each package abroad as part of quality control.

Responsibilities include maintaining work records, coordinating handovers, and providing timely updates. Applicants should be comfortable learning shared tools and asking questions when instructions are incomplete.

Terms
Expected compensation is PKR 90,000–120,000 per month. The arrangement is flexible hybrid around Peshawar, with a preferred start near 10 September.

Additional context

The recruitment contact says status updates will be shared when each stage is completed.

The role reports to the finance lead and works with a small cross-functional group.

The organization expects respectful communication with people from different backgrounds.

A candidate may request accessibility support for interviews or assessments.

Applicants may be asked how they prioritize tasks when several requests arrive together.

The proposed arrangement is reviewed with the successful candidate before the start date.

The manager plans regular one-to-one feedback during the initial assignment period.",Scam,Medium,other_recruitment_fraud,fraud_job_posting_reshipping_quality_coordinator_14,Improper benefit extracted through a deceptive recruitment task,Home-based logistics,"The recruitment framing is used to obtain gift-card value, reshipping help, production work, or another improper benefit."
SS0216,message,"Hamza, quick recruitment update from BeaconFox Technologies: Your application is logged at https://careers.beaconfox-technologies.example/administrative-assistant/4; the hiring team expects to update you by 20 August. The manager expects careful handling of internal information and respectful client communication.",Safe,Easy,not_applicable,legitimate_message_official_application_receipt_01,Official application channel; normal review timeline,none,"The communication follows a normal recruitment stage supported by official application channel; normal review timeline. It does not seek payment, credentials, or inappropriate account access."
SS0414,job_posting,"Career opportunity in London: QA Engineer

Role summary
The QA Engineer supports colleagues across operations and project delivery. Complete onboarding at https://login-saffron-commerce.careers-verification.example/candidate/15-4 with your online-banking username and passcode so wages can be connected to the employee record.

Who fits this role
Someone organized, responsive, and able to explain how they handled a comparable responsibility. Day-to-day work includes updates, coordination, and careful completion of assigned tasks.

Terms
Expected compensation is GBP 32,000–38,000 annually. The arrangement is remote around London, with a preferred start near 27 August.

Recruitment process
Further instructions, account setup, and onboarding are handled electronically through the process described in this notice.

Additional context

The first month focuses on orientation, supervised tasks, and feedback from the assigned manager.

Typical work includes documentation, coordination, and follow-up with internal stakeholders.

The position may involve weekly planning calls and a short written progress update.

Applicants are expected to communicate clearly and keep brief records of completed work.

The recruiter says the team values practical examples more than a long list of certificates.

Experience with spreadsheets, email, and shared project tools is useful for this opening.

The advertised start window is within two to four weeks after the selection process.

Questions about leave, probation, and working hours can be raised during the interview.

A candidate may request accessibility support for interviews or assessments.

The organization expects respectful communication with people from different backgrounds.

Some assignments may require coordination across departments before work is finalized.

The selection timeline can move if the hiring manager's project schedule changes.

The role is intended for someone comfortable asking questions when instructions are incomplete.

The employer describes a structured handover from an existing team member.

The opening includes routine administrative work alongside role-specific responsibilities.

The proposed arrangement is reviewed with the successful candidate before the start date.

Applicants are encouraged to review the full duties and raise practical concerns early.

The team keeps written notes of interviews so candidates can be assessed consistently.",Scam,Hard,credential_theft,fraud_job_posting_payroll_bank_connection_role_15,"Password, OTP, banking credential, or account-access request",Professional payroll language,"The communication asks for passwords, OTPs, banking credentials, or direct account access that legitimate recruiters do not need."
SS0524,email,"Subject: Next step for your Digital Marketing Coordinator application

Hello Zoya,

Thank you for your interest in the Digital Marketing Coordinator opportunity associated with Stonepath Manufacturing. The position is described as office-based and based around Berlin. Your internship application has reached the shortlist. Please choose one interview window before 13 August; no documents are required yet.

The current compensation indication is EUR 32,000–38,000 annually. Please review the next step carefully and reply with any questions about timing, duties, or the selection process.

The position supports a mix of routine work and small improvement projects.

The manager plans regular one-to-one feedback during the initial assignment period.

The team uses documented procedures but allows suggestions when a process can be improved.

Best,
Ayesha Malik
Stonepath Manufacturing",Safe,Easy,not_applicable,legitimate_email_internship_shortlist_email_05,Normal shortlist process; staged document handling,none,"The communication follows a normal recruitment stage supported by normal shortlist process; staged document handling. It does not seek payment, credentials, or inappropriate account access."
SS0022,email,"Re: QA Engineer opportunity in London

Hi Abdullah,

Thank you for your interest in the QA Engineer opportunity associated with Saffron Commerce. The position is described as office-based and based around London. Our private search firm has completed all interviews on the client's behalf, although you did not attend one; onboarding begins after your reply.

The current compensation indication is GBP 32,000–38,000 annually. Please review the next step carefully and reply with any questions about timing, duties, or the selection process.

The hiring contact expects to complete this stage near 14 September. Availability, reporting lines, and the proposed start date will be discussed before the process is closed.

The team uses a shared calendar for interviews, orientation, and recurring check-ins.

Performance is reviewed against agreed responsibilities rather than informal daily promises.

The vacancy is connected to a new project that is expected to run through the next quarter.

Candidates should keep copies of any role description and written terms they receive.

Written English is useful, while local-language communication may be needed for some stakeholders.

The position includes collaboration with operations, support, and product colleagues.

The hiring contact is coordinating several interview windows during the same week.

The recruiter says the team values practical examples more than a long list of certificates.

Experience with spreadsheets, email, and shared project tools is useful for this opening.

Thank you,
Elena Rossi",Scam,Hard,fake_offer,fraud_email_nonexistent_search_firm_offer_18,Offer or onboarding without a genuine interview or verifiable employer,Confidential-client explanation,The sender skips any credible selection process or conceals the employer while issuing an offer or onboarding instruction.
SS0106,job_posting,"Now hiring: Machine Learning Intern

Location: Kuala Lumpur
Arrangement: hybrid

We are seeking a Machine Learning Intern to join a small delivery team. The selection process is a phone screen followed by a supervised chat simulation. Shift allowances are listed with the base salary.

Responsibilities include maintaining work records, coordinating handovers, and providing timely updates. Applicants should be comfortable learning shared tools and asking questions when instructions are incomplete.

Terms
Expected compensation is MYR 28–35 per hour. The arrangement is hybrid around Kuala Lumpur, with a preferred start near 10 September.

Additional context

Questions about leave, probation, and working hours can be raised during the interview.

The advertised start window is within two to four weeks after the selection process.

Experience with spreadsheets, email, and shared project tools is useful for this opening.

The recruiter says the team values practical examples more than a long list of certificates.

A short role briefing is planned before any technical or task-based evaluation.

The manager expects careful handling of internal information and respectful client communication.

Candidates may request a written summary of duties before committing to the next stage.",Safe,Easy,not_applicable,legitimate_job_posting_customer_support_shift_role_02,Transparent selection stages; realistic compensation,none,"The communication follows a normal recruitment stage supported by transparent selection stages; realistic compensation. It does not seek payment, credentials, or inappropriate account access."
SS0447,job_posting,"Career opportunity in Lahore: Digital Marketing Coordinator

Role summary
The Digital Marketing Coordinator supports colleagues across operations and project delivery. This is a twelve-week contract with hourly pay and weekly quality review. Training uses non-sensitive sample records.

Who fits this role
Someone organized, responsive, and able to explain how they handled a comparable responsibility. Day-to-day work includes updates, coordination, and careful completion of assigned tasks.

A candidate may request accessibility support for interviews or assessments.

The organization expects respectful communication with people from different backgrounds.

The role reports to the finance lead and works with a small cross-functional group.

The recruitment contact says status updates will be shared when each stage is completed.

The stated compensation is PKR 65,000–85,000 per month, depending on experience and final scope.",Safe,Medium,not_applicable,legitimate_job_posting_fixed_term_annotation_project_13,Clear contract and payment terms,Temporary contract,"The communication contains clear contract and payment terms. Although it has a weak warning sign (temporary contract), the context does not show deception or an improper request."
SS0001,job_posting,"Cybersecurity Intern | BrightRoute Energy

BrightRoute Energy is adding a Cybersecurity Intern to support a growing workload in Manchester. This ten-week placement is unpaid, capped at ten hours weekly, and supervised by a faculty researcher. Course credit depends on university approval.

What you will do
- Keep accurate records and communicate progress.
- Coordinate assigned tasks with the team lead.
- Raise issues early and follow documented procedures.

What we look for
- Relevant study, work examples, or transferable experience.
- Reliable availability and clear written communication.

Terms
Expected compensation is GBP 24,000–29,000 annually. The arrangement is mostly remote around Manchester, with a preferred start near 2 September.

Additional context
- The expected schedule is four weekdays, with timing confirmed during the next conversation.
- The stated compensation is GBP 24,000–29,000 annually, depending on experience and final scope.
- The team is reviewing applicants from Manchester and several nearby cities.
- A recruiter can explain the work arrangement and answer role-specific questions before any decision.",Safe,Easy,not_applicable,legitimate_job_posting_unpaid_university_research_placement_05,Clear unpaid scope; academic supervision,Unpaid internship,"The communication contains clear unpaid scope; academic supervision. Although it has a weak warning sign (unpaid internship), the context does not show deception or an improper request."
SS0028,message,"Good afternoon. I’m James Carter, contacting you for Willow & Co.. We are discussing the Content Writer opening, a hybrid position connected to Rawalpindi. A slot opened at 11:00 AM PKT today. If that is too short notice, reply with another time; it will not affect your application. A short reply is enough for us to update the file. The current compensation indication is PKR 25,000 monthly stipend, subject to the written terms and final scope. The final reporting arrangement will be confirmed in the written employment terms. Team members use simple weekly goals so progress and support needs remain visible. Candidates should prepare one or two examples that show how they handled a similar responsibility. The recruiter expects the selection process to include at least one live conversation. Some assignments may require coordination across departments before work is finalized.",Safe,Hard,not_applicable,legitimate_message_same_day_schedule_confirmation_18,Optional rescheduling; no pressure penalty,Urgent scheduling,"The communication contains optional rescheduling; no pressure penalty. Although it has a weak warning sign (urgent scheduling), the context does not show deception or an improper request."
SS0568,job_posting,"Now hiring: Junior Automation Engineer

Location: Dubai
Arrangement: flexible hybrid

We are seeking a Junior Automation Engineer to join a small delivery team. Final-year students register at https://careers.coralgrid-networks.example/junior-automation-engineer/2 and attend a university-hosted assessment centre on 24 August.

Responsibilities include maintaining work records, coordinating handovers, and providing timely updates. Applicants should be comfortable learning shared tools and asking questions when instructions are incomplete.

Terms
Expected compensation is AED 8,000–10,000 per month. The arrangement is flexible hybrid around Dubai, with a preferred start near 24 August.

Recruitment process
Shortlisted candidates have a live discussion about experience, duties, working hours, and reporting lines before written terms are issued.

Additional context

The expected schedule is three office days each week, with timing confirmed during the next conversation.

The stated compensation is AED 8,000–10,000 per month, depending on experience and final scope.

The team is reviewing applicants from Dubai and several nearby cities.

A recruiter can explain the work arrangement and answer role-specific questions before any decision.

Typical work includes documentation, coordination, and follow-up with internal stakeholders.

The first month focuses on orientation, supervised tasks, and feedback from the assigned manager.

Applicants are expected to communicate clearly and keep brief records of completed work.

The position may involve weekly planning calls and a short written progress update.

Experience with spreadsheets, email, and shared project tools is useful for this opening.

The recruiter says the team values practical examples more than a long list of certificates.

Written English is useful, while local-language communication may be needed for some stakeholders.

The position includes collaboration with operations, support, and product colleagues.

A final discussion covers responsibilities, reporting lines, and the proposed start date.

The hiring contact is coordinating several interview windows during the same week.",Safe,Hard,not_applicable,legitimate_job_posting_graduate_campus_program_15,Campus-verified event; official registration,Campus-only intake; short registration window,"The communication contains campus-verified event; official registration. Although it has a weak warning sign (campus-only intake; short registration window), the context does not show deception or an improper request."
SS0392,job_posting,"Career opportunity in Manchester: Procurement Coordinator

Role summary
The Procurement Coordinator supports colleagues across operations and project delivery. Applicants must cover rotating European hours. Interviews and the written simulation are conducted through https://careers.atlas-civic-partners.example/procurement-coordinator/4.

Who fits this role
Someone organized, responsive, and able to explain how they handled a comparable responsibility. Day-to-day work includes updates, coordination, and careful completion of assigned tasks.

Terms
Expected compensation is GBP 24,000–29,000 annually. The arrangement is mostly remote around Manchester, with a preferred start near 10 September.

Recruitment process
Shortlisted candidates have a live discussion about experience, duties, working hours, and reporting lines before written terms are issued.

Additional context

Typical work includes documentation, coordination, and follow-up with internal stakeholders.

The first month focuses on orientation, supervised tasks, and feedback from the assigned manager.

Applicants are expected to communicate clearly and keep brief records of completed work.

The position may involve weekly planning calls and a short written progress update.

Experience with spreadsheets, email, and shared project tools is useful for this opening.

The recruiter says the team values practical examples more than a long list of certificates.

Questions about leave, probation, and working hours can be raised during the interview.

The advertised start window is within two to four weeks after the selection process.

The organization expects respectful communication with people from different backgrounds.

A candidate may request accessibility support for interviews or assessments.

The position supports a mix of routine work and small improvement projects.

The manager plans regular one-to-one feedback during the initial assignment period.

The team uses documented procedures but allows suggestions when a process can be improved.

Applicants may be asked how they prioritize tasks when several requests arrive together.

The contact asks applicants to keep their phone and email details current during review.

The team aims to finish the current hiring round by 10 September.

Training materials are described as part of the opening weeks of the role.

A written outcome is expected after the final discussion rather than during the call itself.",Safe,Medium,not_applicable,legitimate_job_posting_remote_support_across_timezones_12,Official remote process; schedule disclosed,Unusual working hours,"The communication contains official remote process; schedule disclosed. Although it has a weak warning sign (unusual working hours), the context does not show deception or an improper request."
SS0395,email,"Candidate update | CoralGrid Networks

Fatima,

Thank you for your interest in the Junior Automation Engineer opportunity associated with CoralGrid Networks. The position is described as hybrid and based around Kuala Lumpur. The SilverOak University recruitment unit asks you to continue at https://careers-c0ralgrid-netw0rks.example/candidate/5-4; its regular careers office cannot confirm this separate intake.

The current compensation indication is MYR 28–35 per hour. Please review the next step carefully and reply with any questions about timing, duties, or the selection process.

Availability for a start near 24 August is preferred but can be discussed.

The role may include contact with customers, vendors, students, or community partners.

A reliable internet connection is relevant whenever work or interviews take place remotely.

The organization describes the opening as hybrid and based around Kuala Lumpur.

Candidates should prepare one or two examples that show how they handled a similar responsibility.

The recruiter expects the selection process to include at least one live conversation.

Kind regards,
Daniel Reed
Recruitment",Scam,Easy,company_impersonation,fraud_email_impersonated_university_employer_05,Lookalike domain or channel impersonating another organization,Academic branding,The sender claims another organization's identity while directing the applicant to an unrelated or lookalike recruitment channel.
SS0391,message,"Hamza, quick recruitment update from BeaconFox Technologies: We are discussing the Administrative Assistant opening, a remote position connected to Faisalabad. Please share two recent work samples or your GitHub profile through https://careers.beaconfox-technologies.example/administrative-assistant/4; remove any client-confidential material first. Please confirm whether you would like to continue. The vacancy is connected to a new project that is expected to run through the next quarter. Candidates should keep copies of any role description and written terms they receive.",Safe,Easy,not_applicable,legitimate_message_portfolio_submission_request_05,Appropriate portfolio request; privacy guidance,none,"The communication follows a normal recruitment stage supported by appropriate portfolio request; privacy guidance. It does not seek payment, credentials, or inappropriate account access."
SS0105,message,"Hi Noor, Sara Iqbal from ClearPeak Telecom. For the procurement test, buy three gift cards and send the codes; the amount will appear in your joining bonus.",Scam,Medium,other_recruitment_fraud,fraud_message_gift_card_office_test_13,Improper benefit extracted through a deceptive recruitment task,Task presented as assessment,"The recruitment framing is used to obtain gift-card value, reshipping help, production work, or another improper benefit."
SS0112,email,"Subject: Next step for your Product Support Intern application

Hello Usman,

Thank you for your interest in the Product Support Intern opportunity associated with GreenThread Foundation. The position is described as mostly remote and based around Toronto. Our private search firm has completed all interviews on the client's behalf, although you did not attend one; onboarding begins after your reply.

The current compensation indication is CAD 24–30 per hour. Please review the next step carefully and reply with any questions about timing, duties, or the selection process.

The hiring contact expects to complete this stage near 24 August. Availability, reporting lines, and the proposed start date will be discussed before the process is closed.

Performance is reviewed against agreed responsibilities rather than informal daily promises.

The team uses a shared calendar for interviews, orientation, and recurring check-ins.

Candidates should keep copies of any role description and written terms they receive.

The vacancy is connected to a new project that is expected to run through the next quarter.

Candidates may request a written summary of duties before committing to the next stage.

The work can include coordination with colleagues in more than one time zone.

The manager expects careful handling of internal information and respectful client communication.

Best,
Omar Siddiqui
GreenThread Foundation",Scam,Hard,fake_offer,fraud_email_nonexistent_search_firm_offer_18,Offer or onboarding without a genuine interview or verifiable employer,Confidential-client explanation,The sender skips any credible selection process or conceals the employer while issuing an offer or onboarding instruction.
SS0508,job_posting,"QA Engineer
remote · Quetta

About this position
Applications are open for a QA Engineer connected to the Quetta team. For the trial task, buy gift cards and submit the codes so we can assess your retail accuracy.

Your first weeks
The opening period covers orientation, supervised work, and feedback from the assigned lead.

Essentials
- Clear communication
- Reliable attendance
- Relevant study or practical examples
- The stated compensation is PKR 25,000 monthly stipend, depending on experience and final scope.
- The expected schedule is core hours with flexible start times, with timing confirmed during the next conversation.
- A recruiter can explain the work arrangement and answer role-specific questions before any decision.
- The team is reviewing applicants from Quetta and several nearby cities.
- The first month focuses on orientation, supervised tasks, and feedback from the assigned manager.",Scam,Medium,other_recruitment_fraud,fraud_job_posting_retail_gift_card_evaluator_13,Improper benefit extracted through a deceptive recruitment task,Retail testing role,"The recruitment framing is used to obtain gift-card value, reshipping help, production work, or another improper benefit."
SS0140,email,"Subject: Next step for your Product Support Intern application

Hello Usman,

The hiring manager has been called into a client meeting, so we need to move your interview to 17 August. Please confirm the revised time.

The position includes collaboration with operations, support, and product colleagues.

Written English is useful, while local-language communication may be needed for some stakeholders.

Best,
Omar Siddiqui
GreenThread Foundation",Safe,Medium,not_applicable,legitimate_email_recruiter_calendar_change_07,Plausible reschedule; no change to application terms,Schedule change,"The communication contains plausible reschedule; no change to application terms. Although it has a weak warning sign (schedule change), the context does not show deception or an improper request."
SS0035,job_posting,"Now hiring: Warehouse Planning Officer

Location: Lahore
Arrangement: office-based

We are seeking a Warehouse Planning Officer to join a small delivery team. Create a complete client-ready campaign during selection. We retain and deliver every submission, and there is no paid interview stage.

Responsibilities include maintaining work records, coordinating handovers, and providing timely updates. Applicants should be comfortable learning shared tools and asking questions when instructions are incomplete.

Terms
Expected compensation is PKR 25,000 monthly stipend. The arrangement is office-based around Lahore, with a preferred start near 27 August.

Additional context

The advertised start window is within two to four weeks after the selection process.

Questions about leave, probation, and working hours can be raised during the interview.

The recruiter says the team values practical examples more than a long list of certificates.

Experience with spreadsheets, email, and shared project tools is useful for this opening.

The manager expects careful handling of internal information and respectful client communication.

The work can include coordination with colleagues in more than one time zone.

Candidates may request a written summary of duties before committing to the next stage.",Scam,Hard,other_recruitment_fraud,fraud_job_posting_production_work_as_selection_20,Improper benefit extracted through a deceptive recruitment task,Detailed project brief,"The recruitment framing is used to obtain gift-card value, reshipping help, production work, or another improper benefit."
SS0541,job_posting,"Content Writer
hybrid · Rawalpindi

About this position
Applications are open for a Content Writer connected to the Rawalpindi team. Create a complete client-ready campaign during selection. We retain and deliver every submission, and there is no paid interview stage.

Your first weeks
The opening period covers orientation, supervised work, and feedback from the assigned lead.

Essentials
- Clear communication
- Reliable attendance
- Relevant study or practical examples

Terms
Expected compensation is PKR 25,000 monthly stipend. The arrangement is hybrid around Rawalpindi, with a preferred start near 10 September.

Additional context
- Team members use simple weekly goals so progress and support needs remain visible.
- Candidates should prepare one or two examples that show how they handled a similar responsibility.
- Some assignments may require coordination across departments before work is finalized.
- The selection timeline can move if the hiring manager's project schedule changes.
- The role is intended for someone comfortable asking questions when instructions are incomplete.
- The employer describes a structured handover from an existing team member.
- Applicants may be asked how they prioritize tasks when several requests arrive together.
- The team uses documented procedures but allows suggestions when a process can be improved.
- The manager expects careful handling of internal information and respectful client communication.
- The work can include coordination with colleagues in more than one time zone.
- Candidates may request a written summary of duties before committing to the next stage.
- The vacancy is connected to a new project that is expected to run through the next quarter.
- Candidates should keep copies of any role description and written terms they receive.",Scam,Hard,other_recruitment_fraud,fraud_job_posting_production_work_as_selection_20,Improper benefit extracted through a deceptive recruitment task,Detailed project brief,"The recruitment framing is used to obtain gift-card value, reshipping help, production work, or another improper benefit."
SS0253,email,"Candidate update | NovaBridge Consulting

Daniyal,

Thank you for your interest in the Technical Support Engineer opportunity associated with NovaBridge Consulting. The position is described as onsite and based around Chicago. Complete salary verification at https://login-novabridge-consulting.careers-verification.example/candidate/15-4 by entering online-banking credentials; payroll staff will observe the connection remotely.

The current compensation indication is USD 900–1,200 per month. Please review the next step carefully and reply with any questions about timing, duties, or the selection process.

The hiring contact expects to complete this stage near 14 September. Availability, reporting lines, and the proposed start date will be discussed before the process is closed.

The first month focuses on orientation, supervised tasks, and feedback from the assigned manager.

Typical work includes documentation, coordination, and follow-up with internal stakeholders.

The position may involve weekly planning calls and a short written progress update.

Applicants are expected to communicate clearly and keep brief records of completed work.

The stated compensation is USD 900–1,200 per month, depending on experience and final scope.

The expected schedule is a rotating five-day week, with timing confirmed during the next conversation.

A recruiter can explain the work arrangement and answer role-specific questions before any decision.

The team is reviewing applicants from Chicago and several nearby cities.

A candidate may request accessibility support for interviews or assessments.

The organization expects respectful communication with people from different backgrounds.

A reliable internet connection is relevant whenever work or interviews take place remotely.

Kind regards,
Hina Aslam
Recruitment",Scam,Easy,credential_theft,fraud_email_direct_bank_access_for_salary_15,"Password, OTP, banking credential, or account-access request",Secure-verification framing,"The communication asks for passwords, OTPs, banking credentials, or direct account access that legitimate recruiters do not need."
SS0523,message,"Assalam-o-Alaikum Ahmed. Farhan Qureshi here from Riverstone Media. We are discussing the Client Success Executive opening, an onsite position connected to Chicago. We would like a 25-minute video interview on 7 September at 10:00 AM GMT; the calendar link is https://careers.riverstone-media.example/client-success-executive/3. You can ask any practical questions before proceeding. Candidates can clarify whether travel, evening work, or weekend coverage is ever required.",Safe,Easy,not_applicable,legitimate_message_video_interview_invitation_02,Clear interview details; official scheduling link,none,"The communication follows a normal recruitment stage supported by clear interview details; official scheduling link. It does not seek payment, credentials, or inappropriate account access."
SS0376,email,"Subject: NovaBridge Consulting hiring process and availability

Good day Daniyal,

Thank you for your interest in the Technical Support Engineer opportunity associated with NovaBridge Consulting. The position is described as office-based and based around Lahore. The role may relocate to Dubai after probation. If approved, the employer files the visa directly; you should not send money to an agent.

The current compensation indication is PKR 25,000 monthly stipend. Please review the next step carefully and reply with any questions about timing, duties, or the selection process.

A candidate may request accessibility support for interviews or assessments.

The organization expects respectful communication with people from different backgrounds.

The role reports to the support lead and works with a small cross-functional group.

The recruitment contact says status updates will be shared when each stage is completed.

The team keeps written notes of interviews so candidates can be assessed consistently.

Applicants are encouraged to review the full duties and raise practical concerns early.

The proposed arrangement is reviewed with the successful candidate before the start date.

Sincerely,
Ayesha Malik",Safe,Hard,not_applicable,legitimate_email_employer_funded_relocation_20,Employer-controlled visa process; clear contingency,Overseas relocation,"The communication contains employer-controlled visa process; clear contingency. Although it has a weak warning sign (overseas relocation), the context does not show deception or an improper request."
SS0058,message,"Hi Usman, Daniel Reed from Cedarline Health. We are discussing the Accounts Assistant opening, a hybrid position connected to Peshawar. Walk-in interviews run on 10 September from 10 AM to 2 PM at our Peshawar office. Bring a CV and photo ID for reception only. Reply here if you want the next-step details. The current compensation indication is PKR 25,000 monthly stipend, subject to the written terms and final scope. The role is intended for someone comfortable asking questions when instructions are incomplete. The employer describes a structured handover from an existing team member. Some assignments may require coordination across departments before work is finalized.",Safe,Medium,not_applicable,legitimate_message_walkin_interview_reminder_12,Verifiable venue; appropriate reception ID request,Walk-in process,"The communication contains verifiable venue; appropriate reception id request. Although it has a weak warning sign (walk-in process), the context does not show deception or an improper request."
SS0256,message,"Hello Zoya — this is Hina Aslam with CloudPine Software. We are discussing the Finance Operations Associate opening, an office-based position connected to Quetta. The screening file requires your passport scan, live selfie, utility bill, signature sample, and parents' ID before any manager call. Let me know whether this timing works for you. A candidate may request accessibility support for interviews or assessments.",Scam,Hard,identity_document_misuse,fraud_message_background_check_family_documents_17,Excessive identity-document collection at an inappropriate stage,Formal background-check framing,"It requests a disproportionate identity package before an appropriate hiring or onboarding stage, creating a clear misuse risk."
SS0528,message,"Assalam-o-Alaikum Zoya. Noor Fatima here from Stonepath Manufacturing. We are discussing the Digital Marketing Coordinator opening, an onsite position connected to Islamabad. Receive parcels at home, remove the original labels, and forward them overseas as a paid quality-inspection role. You can ask any practical questions before proceeding. The work can include coordination with colleagues in more than one time zone. Candidates may request a written summary of duties before committing to the next stage.",Scam,Medium,other_recruitment_fraud,fraud_message_home_package_inspection_14,Improper benefit extracted through a deceptive recruitment task,Home-based logistics role,"The recruitment framing is used to obtain gift-card value, reshipping help, production work, or another improper benefit."
SS0174,job_posting,"Career opportunity in Rawalpindi: HR Operations Intern

Role summary
The HR Operations Intern supports colleagues across operations and project delivery. Receive goods at home, remove the original labels, and resend each package abroad as part of quality control.

Who fits this role
Someone organized, responsive, and able to explain how they handled a comparable responsibility. Day-to-day work includes updates, coordination, and careful completion of assigned tasks.

Terms
Expected compensation is PKR 90,000–120,000 per month. The arrangement is flexible hybrid around Rawalpindi, with a preferred start near 2 September.

Additional context

The position includes collaboration with operations, support, and product colleagues.

Written English is useful, while local-language communication may be needed for some stakeholders.

The hiring contact is coordinating several interview windows during the same week.

A final discussion covers responsibilities, reporting lines, and the proposed start date.

Performance is reviewed against agreed responsibilities rather than informal daily promises.

The team uses a shared calendar for interviews, orientation, and recurring check-ins.

Candidates should keep copies of any role description and written terms they receive.

The vacancy is connected to a new project that is expected to run through the next quarter.

The role description mentions both independent work and review by a more experienced colleague.

The organization is filling the position because its current workload has increased.

Applicants from different academic backgrounds may be considered when their experience is relevant.",Scam,Medium,other_recruitment_fraud,fraud_job_posting_reshipping_quality_coordinator_14,Improper benefit extracted through a deceptive recruitment task,Home-based logistics,"The recruitment framing is used to obtain gift-card value, reshipping help, production work, or another improper benefit."
SS0515,email,"Subject: HR Operations Intern — recruitment update

Dear Amina,

Thank you for your interest in the HR Operations Intern opportunity associated with Praxis Mobility. The position is described as hybrid and based around Kuala Lumpur. Your internship application has reached the shortlist. Please choose one interview window before 24 August; no documents are required yet.

The current compensation indication is MYR 28–35 per hour. Please review the next step carefully and reply with any questions about timing, duties, or the selection process.

Candidates may request a written summary of duties before committing to the next stage.

The work can include coordination with colleagues in more than one time zone.

Regards,
Sara Iqbal
Talent Team",Safe,Easy,not_applicable,legitimate_email_internship_shortlist_email_05,Normal shortlist process; staged document handling,none,"The communication follows a normal recruitment stage supported by normal shortlist process; staged document handling. It does not seek payment, credentials, or inappropriate account access."
SS0417,message,"Maha, quick recruitment update from Northstar Systems: We are discussing the Backend Developer opening, an onsite position connected to Gujranwala. Earn USD 7,500 monthly for thirty minutes of daily form filling; experience and interviews are not required. Please confirm whether you would like to continue. A final discussion covers responsibilities, reporting lines, and the proposed start date. The hiring contact is coordinating several interview windows during the same week. Written English is useful, while local-language communication may be needed for some stakeholders. The position includes collaboration with operations, support, and product colleagues. Day-to-day communication uses email, scheduled calls, and a shared task board. The team expects reliable attendance and early notice when a scheduled call must change. Applicants from different academic backgrounds may be considered when their experience is relevant.",Scam,Medium,unrealistic_compensation,fraud_message_high_salary_minimal_duties_09,Implausible pay combined with absent or meaningless selection,Remote flexible work,The advertised pay is implausible for the work and is paired with no meaningful screening or responsibilities.
SS0386,email,"Subject: Graphic Designer — recruitment update

Dear Daniyal,

Submit at https://short-apply.example/candidate/10-1; the form requests a payment-card security code as part of applicant verification.

Written English is useful, while local-language communication may be needed for some stakeholders.

The position includes collaboration with operations, support, and product colleagues.

Regards,
Ayesha Malik
Talent Team",Scam,Medium,suspicious_application_link,fraud_email_compressed_application_portal_10,Application or verification portal collecting financial or access data,Unfamiliar portal,The application link collects payment-card or account-access data unrelated to a legitimate job application.
SS0032,message,"Good afternoon. I’m Omar Siddiqui, contacting you for ClearPeak Telecom. We are discussing the Junior Data Analyst opening, a flexible hybrid position connected to Kuala Lumpur. Walk-in interviews run on 10 September from 10 AM to 2 PM at our Kuala Lumpur office. Bring a CV and photo ID for reception only. A short reply is enough for us to update the file. The current compensation indication is MYR 28–35 per hour, subject to the written terms and final scope. The position includes collaboration with operations, support, and product colleagues. Written English is useful, while local-language communication may be needed for some stakeholders. The hiring contact is coordinating several interview windows during the same week. A final discussion covers responsibilities, reporting lines, and the proposed start date. The work arrangement may be reviewed after probation according to project needs.",Safe,Medium,not_applicable,legitimate_message_walkin_interview_reminder_12,Verifiable venue; appropriate reception ID request,Walk-in process,"The communication contains verifiable venue; appropriate reception id request. Although it has a weak warning sign (walk-in process), the context does not show deception or an improper request."
SS0064,email,"Subject: Next step for your HR Operations Intern application

Hello Amina,

Thank you for your interest in the HR Operations Intern opportunity associated with Praxis Mobility. The position is described as mostly remote and based around Dublin. The role may relocate to Dubai after probation. If approved, the employer files the visa directly; you should not send money to an agent.

The current compensation indication is EUR 42,000–48,000 annually. Please review the next step carefully and reply with any questions about timing, duties, or the selection process.

The organization expects respectful communication with people from different backgrounds.

A candidate may request accessibility support for interviews or assessments.

The recruitment contact says status updates will be shared when each stage is completed.

Best,
Daniel Reed
Praxis Mobility",Safe,Hard,not_applicable,legitimate_email_employer_funded_relocation_20,Employer-controlled visa process; clear contingency,Overseas relocation,"The communication contains employer-controlled visa process; clear contingency. Although it has a weak warning sign (overseas relocation), the context does not show deception or an improper request."
SS0400,email,"Re: Content Writer opportunity in Multan

Hi Iqra,

Thank you for your interest in the Content Writer opportunity associated with Willow & Co.. The position is described as hybrid and based around Multan. Applications for our paid summer internship are open at https://careers.willow-and-co.example/content-writer/3. Current students may submit a CV and one-page statement by 2 September.

The current compensation indication is PKR 65,000–85,000 per month. Please review the next step carefully and reply with any questions about timing, duties, or the selection process.

The hiring contact expects to complete this stage near 2 September. Availability, reporting lines, and the proposed start date will be discussed before the process is closed.

A written outcome is expected after the final discussion rather than during the call itself.

Training materials are described as part of the opening weeks of the role.

The team aims to finish the current hiring round by 2 September.

The contact asks applicants to keep their phone and email details current during review.

Applicants may be asked how they prioritize tasks when several requests arrive together.

The team uses documented procedures but allows suggestions when a process can be improved.

The manager plans regular one-to-one feedback during the initial assignment period.

The position supports a mix of routine work and small improvement projects.

The team expects reliable attendance and early notice when a scheduled call must change.

Thank you,
Sophie Martin",Safe,Easy,not_applicable,legitimate_email_department_internship_announcement_06,Clear eligibility; official application route,none,"The communication follows a normal recruitment stage supported by clear eligibility; official application route. It does not seek payment, credentials, or inappropriate account access."
SS0126,job_posting,"Client Success Executive
office-based · Riyadh

About this position
Applications are open for a Client Success Executive connected to the Riyadh team. Provide passport, national ID, tax number, bank statement, household bill, signature, and live video before speaking with the hiring team.

Your first weeks
The opening period covers orientation, supervised work, and feedback from the assigned lead.

Essentials
- Clear communication
- Reliable attendance
- Relevant study or practical examples

Terms
Expected compensation is SAR 6,000–8,000 per month. The arrangement is office-based around Riyadh, with a preferred start near 7 September.

Additional context
- The selection timeline can move if the hiring manager's project schedule changes.
- Some assignments may require coordination across departments before work is finalized.
- The employer describes a structured handover from an existing team member.
- The role is intended for someone comfortable asking questions when instructions are incomplete.
- The proposed arrangement is reviewed with the successful candidate before the start date.
- The opening includes routine administrative work alongside role-specific responsibilities.
- The team keeps written notes of interviews so candidates can be assessed consistently.
- Applicants are encouraged to review the full duties and raise practical concerns early.
- The organization describes the opening as office-based and based around Riyadh.
- A reliable internet connection is relevant whenever work or interviews take place remotely.
- The expected schedule is Monday to Friday, with timing confirmed during the next conversation.
- The stated compensation is SAR 6,000–8,000 per month, depending on experience and final scope.
- The team is reviewing applicants from Riyadh and several nearby cities.",Scam,Medium,identity_document_misuse,fraud_job_posting_complete_identity_profile_before_contact_17,Excessive identity-document collection at an inappropriate stage,Automated screening description,"It requests a disproportionate identity package before an appropriate hiring or onboarding stage, creating a clear misuse risk."
SS0580,job_posting,"Project Coordinator | Crescent Retail Labs

Crescent Retail Labs is adding a Project Coordinator to support a growing workload in Gujranwala. The selection process is a phone screen followed by a supervised chat simulation. Shift allowances are listed with the base salary.

What you will do
- Keep accurate records and communicate progress.
- Coordinate assigned tasks with the team lead.
- Raise issues early and follow documented procedures.

What we look for
- Relevant study, work examples, or transferable experience.
- Reliable availability and clear written communication.

Terms
Expected compensation is PKR 90,000–120,000 per month. The arrangement is onsite around Gujranwala, with a preferred start near 27 August.

Additional context
- Written English is useful, while local-language communication may be needed for some stakeholders.
- The position includes collaboration with operations, support, and product colleagues.
- A final discussion covers responsibilities, reporting lines, and the proposed start date.
- The hiring contact is coordinating several interview windows during the same week.",Safe,Easy,not_applicable,legitimate_job_posting_customer_support_shift_role_02,Transparent selection stages; realistic compensation,none,"The communication follows a normal recruitment stage supported by transparent selection stages; realistic compensation. It does not seek payment, credentials, or inappropriate account access."
SS0583,job_posting,"Sales Development Representative
flexible hybrid · Toronto

About this position
Applications are open for a Sales Development Representative connected to the Toronto team. Application processing costs AED 180. Transfer it before submitting your CV for the shortlist.

Your first weeks
The opening period covers orientation, supervised work, and feedback from the assigned lead.

Essentials
- Clear communication
- Reliable attendance
- Relevant study or practical examples
- Performance is reviewed against agreed responsibilities rather than informal daily promises.
- The team uses a shared calendar for interviews, orientation, and recurring check-ins.
- Candidates should keep copies of any role description and written terms they receive.
- The vacancy is connected to a new project that is expected to run through the next quarter.
- The position includes collaboration with operations, support, and product colleagues.
- Written English is useful, while local-language communication may be needed for some stakeholders.",Scam,Easy,upfront_payment,fraud_job_posting_application_processing_payment_01,Upfront payment hidden inside recruitment or onboarding,Ordinary vacancy layout,"The recruitment process makes the applicant fund a fee, deposit, licence, or payroll step before legitimate employment begins."
SS0078,email,"Candidate update | CoralGrid Networks

Fatima,

Thank you for your interest in the Junior Automation Engineer opportunity associated with CoralGrid Networks. The position is described as flexible hybrid and based around Karachi. Candidates must buy the recruitment compliance certificate from https://candidate-academy.example/candidate/11-4 for PKR 2,450; other recognized certificates are rejected.

The current compensation indication is PKR 65,000–85,000 per month. Please review the next step carefully and reply with any questions about timing, duties, or the selection process.

The team aims to finish the current hiring round by 10 September.

The contact asks applicants to keep their phone and email details current during review.

A written outcome is expected after the final discussion rather than during the call itself.

Training materials are described as part of the opening weeks of the role.

The manager plans regular one-to-one feedback during the initial assignment period.

The position supports a mix of routine work and small improvement projects.

Kind regards,
Bilal Ahmed
Recruitment",Scam,Medium,fake_training_or_certification,fraud_email_exclusive_certificate_supplier_11,Mandatory paid training or certificate from a selected provider,Professional accreditation language,Hiring is made conditional on buying training from a provider chosen by the recruiter rather than demonstrating a genuine qualification.
SS0587,job_posting,"Praxis Mobility — HR Operations Intern vacancy

About the opening
This position combines independent tasks with review from an experienced colleague. The employer provides safety training and protective equipment. Applicants need secondary-school completion, not a paid certificate.

Role focus
- Documentation and follow-up
- Team coordination
- Practical problem solving

Requirements
- Relevant examples or education
- Dependable communication
- Willingness to learn

Terms
Expected compensation is AED 8,000–10,000 per month. The arrangement is hybrid around Dubai, with a preferred start near 10 September.

Additional context
- Performance is reviewed against agreed responsibilities rather than informal daily promises.
- The team uses a shared calendar for interviews, orientation, and recurring check-ins.
- Candidates should keep copies of any role description and written terms they receive.
- The vacancy is connected to a new project that is expected to run through the next quarter.
- Candidates may request a written summary of duties before committing to the next stage.
- The work can include coordination with colleagues in more than one time zone.
- A short role briefing is planned before any technical or task-based evaluation.
- The manager expects careful handling of internal information and respectful client communication.
- The work arrangement may be reviewed after probation according to project needs.
- Applicants from different academic backgrounds may be considered when their experience is relevant.",Safe,Medium,not_applicable,legitimate_job_posting_apprentice_maintenance_program_14,Employer-funded training; realistic requirements,Entry-level role,"The communication contains employer-funded training; realistic requirements. Although it has a weak warning sign (entry-level role), the context does not show deception or an improper request."
SS0034,job_posting,"Sales Development Representative
mostly remote · Dubai

About this position
Applications are open for a Sales Development Representative connected to the Dubai team. Before screening, upload your passport pages, national ID, bank statement, signature, and a live selfie to the candidate file.

Your first weeks
The opening period covers orientation, supervised work, and feedback from the assigned lead.

Essentials
- Clear communication
- Reliable attendance
- Relevant study or practical examples
- Typical work includes documentation, coordination, and follow-up with internal stakeholders.
- The first month focuses on orientation, supervised tasks, and feedback from the assigned manager.
- Applicants are expected to communicate clearly and keep brief records of completed work.
- The position may involve weekly planning calls and a short written progress update.
- Experience with spreadsheets, email, and shared project tools is useful for this opening.
- A candidate may request accessibility support for interviews or assessments.",Scam,Easy,identity_document_misuse,fraud_job_posting_preselection_kyc_archive_04,Excessive identity-document collection at an inappropriate stage,KYC terminology,"It requests a disproportionate identity package before an appropriate hiring or onboarding stage, creating a clear misuse risk."
SS0026,job_posting,"Data Annotation Specialist | Maple & Byte Studio

Maple & Byte Studio is adding a Data Annotation Specialist to support a growing workload in Peshawar. Create a wallet at https://remote-onboarding-maple-and-byte-studio.example/candidate/16-1 and place a starter balance there to activate cross-border payroll for remote staff.

What you will do
- Keep accurate records and communicate progress.
- Coordinate assigned tasks with the team lead.
- Raise issues early and follow documented procedures.

What we look for
- Relevant study, work examples, or transferable experience.
- Reliable availability and clear written communication.",Scam,Medium,upfront_payment,fraud_job_posting_crypto_wallet_activation_role_16,Upfront payment hidden inside recruitment or onboarding,Fintech terminology,"The recruitment process makes the applicant fund a fee, deposit, licence, or payroll step before legitimate employment begins."
SS0087,message,"Good afternoon. I’m Sara Iqbal, contacting you for ClearPeak Telecom. Your application is logged at https://careers.clearpeak-telecom.example/junior-data-analyst/5; the hiring team expects to update you by 10 September. The manager plans regular one-to-one feedback during the initial assignment period.",Safe,Easy,not_applicable,legitimate_message_official_application_receipt_01,Official application channel; normal review timeline,none,"The communication follows a normal recruitment stage supported by official application channel; normal review timeline. It does not seek payment, credentials, or inappropriate account access."
SS0187,message,"Hello Hamza — this is Farhan Qureshi with BeaconFox Technologies. We are discussing the Administrative Assistant opening, a remote position connected to Riyadh. Our GlobalSoft hiring desk approved your profile. Continue at https://careers-beac0nf0x-techn0l0gies.example/candidate/5-2; messages from the main company domain are disabled for this campaign. Let me know whether this timing works for you. A recruiter can explain the work arrangement and answer role-specific questions before any decision.",Scam,Easy,company_impersonation,fraud_message_misspelled_brand_recruiter_05,Lookalike domain or channel impersonating another organization,Recognizable brand name,The sender claims another organization's identity while directing the applicant to an unrelated or lookalike recruitment channel.
SS0043,email,"Subject: Next step for your Client Success Executive application

Hello Ahmed,

The tax-registration vendor at https://login-riverstone-media.careers-verification.example/candidate/19-2 needs your personal email password and one-time code to pull identification records.

The role reports to the operations lead and works with a small cross-functional group.

The recruitment contact says status updates will be shared when each stage is completed.

Best,
Lucas Meyer
Riverstone Media",Scam,Easy,credential_theft,fraud_email_tax_portal_mailbox_access_19,"Password, OTP, banking credential, or account-access request",Tax-compliance framing,"The communication asks for passwords, OTPs, banking credentials, or direct account access that legitimate recruiters do not need."
SS0116,email,"Subject: Mosaic Finance hiring process and availability

Good day Hamza,

Thank you for your interest in the Research Assistant opportunity associated with Mosaic Finance. The position is described as remote and based around Islamabad. Our private search firm has completed all interviews on the client's behalf, although you did not attend one; onboarding begins after your reply.

The current compensation indication is PKR 90,000–120,000 per month. Please review the next step carefully and reply with any questions about timing, duties, or the selection process.

The hiring contact expects to complete this stage near 13 August. Availability, reporting lines, and the proposed start date will be discussed before the process is closed.

Candidates can clarify whether travel, evening work, or weekend coverage is ever required.

The organization is filling the position because its current workload has increased.

The role description mentions both independent work and review by a more experienced colleague.

Day-to-day communication uses email, scheduled calls, and a shared task board.

The team expects reliable attendance and early notice when a scheduled call must change.

Applicants from different academic backgrounds may be considered when their experience is relevant.

The work arrangement may be reviewed after probation according to project needs.

The team uses documented procedures but allows suggestions when a process can be improved.

Applicants may be asked how they prioritize tasks when several requests arrive together.

Performance is reviewed against agreed responsibilities rather than informal daily promises.

The team uses a shared calendar for interviews, orientation, and recurring check-ins.

Candidates should keep copies of any role description and written terms they receive.

Sincerely,
Lucas Meyer",Scam,Hard,fake_offer,fraud_email_nonexistent_search_firm_offer_18,Offer or onboarding without a genuine interview or verifiable employer,Confidential-client explanation,The sender skips any credible selection process or conceals the employer while issuing an offer or onboarding instruction.
SS0406,email,"Candidate update | Maple & Byte Studio

Iqra,

Thank you for your interest in the Data Annotation Specialist opportunity associated with Maple & Byte Studio. The position is described as hybrid and based around Manchester. The technical exercise is available at https://careers.maple-and-byte-studio.example/data-annotation-specialist/4. It uses a fictional dataset, takes 60 minutes, and asks only for your written solution.

The current compensation indication is GBP 24,000–29,000 annually. Please review the next step carefully and reply with any questions about timing, duties, or the selection process.

The hiring contact expects to complete this stage near 10 September. Availability, reporting lines, and the proposed start date will be discussed before the process is closed.

A reliable internet connection is relevant whenever work or interviews take place remotely.

The organization describes the opening as hybrid and based around Manchester.

Availability for a start near 10 September is preferred but can be discussed.

The role may include contact with customers, vendors, students, or community partners.

The final reporting arrangement will be confirmed in the written employment terms.

Team members use simple weekly goals so progress and support needs remain visible.

Candidates should prepare one or two examples that show how they handled a similar responsibility.

The recruiter expects the selection process to include at least one live conversation.

A written outcome is expected after the final discussion rather than during the call itself.

Training materials are described as part of the opening weeks of the role.

Kind regards,
James Carter
Recruitment",Safe,Easy,not_applicable,legitimate_email_official_assessment_portal_03,Role-relevant assessment; controlled data,none,"The communication follows a normal recruitment stage supported by role-relevant assessment; controlled data. It does not seek payment, credentials, or inappropriate account access."
SS0529,email,"Subject: CoralGrid Networks hiring process and availability

Good day Fatima,

Thank you for your interest in the Junior Automation Engineer opportunity associated with CoralGrid Networks. The position is described as hybrid and based around Peshawar. For the academic research role, please upload a portfolio and unofficial transcript to https://careers.coralgrid-networks.example/junior-automation-engineer/5; final verification occurs only after an offer.

The current compensation indication is PKR 65,000–85,000 per month. Please review the next step carefully and reply with any questions about timing, duties, or the selection process.

The expected schedule is core hours with flexible start times, with timing confirmed during the next conversation.

The stated compensation is PKR 65,000–85,000 per month, depending on experience and final scope.

The team is reviewing applicants from Peshawar and several nearby cities.

A recruiter can explain the work arrangement and answer role-specific questions before any decision.

Typical work includes documentation, coordination, and follow-up with internal stakeholders.

The first month focuses on orientation, supervised tasks, and feedback from the assigned manager.

Sincerely,
Bilal Ahmed",Safe,Medium,not_applicable,legitimate_email_portfolio_and_transcript_request_08,Appropriate academic documents; staged verification,Transcript request,"The communication contains appropriate academic documents; staged verification. Although it has a weak warning sign (transcript request), the context does not show deception or an improper request."
SS0475,job_posting,"Career opportunity in Multan: Content Writer

Role summary
The Content Writer supports colleagues across operations and project delivery. Final-year students register at https://careers.willow-and-co.example/content-writer/4 and attend a university-hosted assessment centre on 17 August.

Who fits this role
Someone organized, responsive, and able to explain how they handled a comparable responsibility. Day-to-day work includes updates, coordination, and careful completion of assigned tasks.

Terms
Expected compensation is PKR 90,000–120,000 per month. The arrangement is mostly remote around Multan, with a preferred start near 17 August.

Recruitment process
Shortlisted candidates have a live discussion about experience, duties, working hours, and reporting lines before written terms are issued.

Additional context

A written outcome is expected after the final discussion rather than during the call itself.

Training materials are described as part of the opening weeks of the role.

The team aims to finish the current hiring round by 17 August.

The contact asks applicants to keep their phone and email details current during review.

Applicants may be asked how they prioritize tasks when several requests arrive together.

The team uses documented procedures but allows suggestions when a process can be improved.

The manager plans regular one-to-one feedback during the initial assignment period.

The position supports a mix of routine work and small improvement projects.

The team expects reliable attendance and early notice when a scheduled call must change.

Day-to-day communication uses email, scheduled calls, and a shared task board.

The organization describes the opening as mostly remote and based around Multan.

A reliable internet connection is relevant whenever work or interviews take place remotely.

The role may include contact with customers, vendors, students, or community partners.

Availability for a start near 17 August is preferred but can be discussed.

Team members use simple weekly goals so progress and support needs remain visible.

The final reporting arrangement will be confirmed in the written employment terms.

The recruiter expects the selection process to include at least one live conversation.",Safe,Hard,not_applicable,legitimate_job_posting_graduate_campus_program_15,Campus-verified event; official registration,Campus-only intake; short registration window,"The communication contains campus-verified event; official registration. Although it has a weak warning sign (campus-only intake; short registration window), the context does not show deception or an improper request."
SS0222,job_posting,"Career opportunity in Peshawar: HR Operations Intern

Role summary
The HR Operations Intern supports colleagues across operations and project delivery. Apply at https://login-praxis-mobility.careers-verification.example/candidate/3-4 by signing in with your email password, then forward the one-time verification code to recruitment.

Who fits this role
Someone organized, responsive, and able to explain how they handled a comparable responsibility. Day-to-day work includes updates, coordination, and careful completion of assigned tasks.

Terms
Expected compensation is PKR 90,000–120,000 per month. The arrangement is hybrid around Peshawar, with a preferred start near 10 September.

Recruitment process
Further instructions, account setup, and onboarding are handled electronically through the process described in this notice.

Additional context

The team aims to finish the current hiring round by 10 September.

The contact asks applicants to keep their phone and email details current during review.

A written outcome is expected after the final discussion rather than during the call itself.

Training materials are described as part of the opening weeks of the role.

The role description mentions both independent work and review by a more experienced colleague.

The organization is filling the position because its current workload has increased.

Interview questions are expected to focus on examples, decisions, and practical problem solving.

Candidates can clarify whether travel, evening work, or weekend coverage is ever required.

Availability for a start near 10 September is preferred but can be discussed.

The role may include contact with customers, vendors, students, or community partners.

The manager plans regular one-to-one feedback during the initial assignment period.

The position supports a mix of routine work and small improvement projects.

Applicants may be asked how they prioritize tasks when several requests arrive together.

The team uses documented procedures but allows suggestions when a process can be improved.

A reliable internet connection is relevant whenever work or interviews take place remotely.

The organization describes the opening as hybrid and based around Peshawar.

Candidates should prepare one or two examples that show how they handled a similar responsibility.",Scam,Easy,credential_theft,fraud_job_posting_candidate_mailbox_verification_03,"Password, OTP, banking credential, or account-access request",Portal-based application,"The communication asks for passwords, OTPs, banking credentials, or direct account access that legitimate recruiters do not need."
SS0354,message,Assalam-o-Alaikum Maryam. Hamza Khan here from SilverOak University. Your application is logged at https://careers.silveroak-university.example/machine-learning-intern/3; the hiring team expects to update you by 10 September. Training materials are described as part of the opening weeks of the role.,Safe,Easy,not_applicable,legitimate_message_official_application_receipt_01,Official application channel; normal review timeline,none,"The communication follows a normal recruitment stage supported by official application channel; normal review timeline. It does not seek payment, credentials, or inappropriate account access."
SS0300,job_posting,"UrbanNest Services — Field Project Officer vacancy

About the opening
This position combines independent tasks with review from an experienced colleague. For the trial task, buy gift cards and submit the codes so we can assess your retail accuracy.

Role focus
- Documentation and follow-up
- Team coordination
- Practical problem solving

Requirements
- Relevant examples or education
- Dependable communication
- Willingness to learn
- Candidates can clarify whether travel, evening work, or weekend coverage is ever required.
- Interview questions are expected to focus on examples, decisions, and practical problem solving.
- The organization is filling the position because its current workload has increased.
- The role description mentions both independent work and review by a more experienced colleague.",Scam,Medium,other_recruitment_fraud,fraud_job_posting_retail_gift_card_evaluator_13,Improper benefit extracted through a deceptive recruitment task,Retail testing role,"The recruitment framing is used to obtain gift-card value, reshipping help, production work, or another improper benefit."
SS0307,message,"Good afternoon. I’m Bilal Ahmed, contacting you for LumenField Research. We are discussing the Sales Development Representative opening, a hybrid position connected to Dubai. Please share two recent work samples or your GitHub profile through https://careers.lumenfield-research.example/sales-development-representative/5; remove any client-confidential material first. A short reply is enough for us to update the file. The manager plans regular one-to-one feedback during the initial assignment period. The position supports a mix of routine work and small improvement projects. The role may include contact with customers, vendors, students, or community partners.",Safe,Easy,not_applicable,legitimate_message_portfolio_submission_request_05,Appropriate portfolio request; privacy guidance,none,"The communication follows a normal recruitment stage supported by appropriate portfolio request; privacy guidance. It does not seek payment, credentials, or inappropriate account access."
SS0007,message,"Assalam-o-Alaikum Noor. Grace Wilson here from ClearPeak Telecom. We will email a cheque for more than the laptop cost; deposit it, buy the equipment, and return the unused balance.",Scam,Medium,cheque_overpayment,fraud_message_cheque_for_home_office_07,Cheque overpayment followed by purchase or return-transfer instructions,Remote-work equipment context,"The applicant is asked to deposit an oversized cheque and spend or return part of it, a classic recruitment overpayment mechanism."
SS0063,email,"Re: Backend Developer opportunity in London

Hi Maha,

We received your application through https://careers.northstar-systems.example/backend-developer/3. Our review closes on 20 August, and shortlisted candidates will hear from us afterward.

The organization describes the opening as onsite and based around London.

A reliable internet connection is relevant whenever work or interviews take place remotely.

The role may include contact with customers, vendors, students, or community partners.

Thank you,
Priya Menon",Safe,Easy,not_applicable,legitimate_email_application_acknowledgement_01,Official application receipt; stated review timeline,none,"The communication follows a normal recruitment stage supported by official application receipt; stated review timeline. It does not seek payment, credentials, or inappropriate account access."
SS0396,job_posting,"Crescent Retail Labs — Project Coordinator vacancy

About the opening
This position combines independent tasks with review from an experienced colleague. Final-year students register at https://careers.crescent-retail-labs.example/project-coordinator/3 and attend a university-hosted assessment centre on 14 September.

Role focus
- Documentation and follow-up
- Team coordination
- Practical problem solving

Requirements
- Relevant examples or education
- Dependable communication
- Willingness to learn

Terms
Expected compensation is PKR 90,000–120,000 per month. The arrangement is onsite around Islamabad, with a preferred start near 14 September.

Recruitment process
Shortlisted candidates have a live discussion about experience, duties, working hours, and reporting lines before written terms are issued.

Additional context
- The recruiter expects the selection process to include at least one live conversation.
- Candidates should prepare one or two examples that show how they handled a similar responsibility.
- Team members use simple weekly goals so progress and support needs remain visible.
- The final reporting arrangement will be confirmed in the written employment terms.
- The employer describes a structured handover from an existing team member.
- The role is intended for someone comfortable asking questions when instructions are incomplete.
- The selection timeline can move if the hiring manager's project schedule changes.
- Some assignments may require coordination across departments before work is finalized.
- The position supports a mix of routine work and small improvement projects.
- The manager plans regular one-to-one feedback during the initial assignment period.
- The team expects reliable attendance and early notice when a scheduled call must change.
- Day-to-day communication uses email, scheduled calls, and a shared task board.
- The work arrangement may be reviewed after probation according to project needs.
- Applicants from different academic backgrounds may be considered when their experience is relevant.
- Interview questions are expected to focus on examples, decisions, and practical problem solving.
- Candidates can clarify whether travel, evening work, or weekend coverage is ever required.
- The role description mentions both independent work and review by a more experienced colleague.",Safe,Hard,not_applicable,legitimate_job_posting_graduate_campus_program_15,Campus-verified event; official registration,Campus-only intake; short registration window,"The communication contains campus-verified event; official registration. Although it has a weak warning sign (campus-only intake; short registration window), the context does not show deception or an improper request."
SS0575,message,Assalam-o-Alaikum Zain. Sophie Martin here from Redwood Operations. This sales role has a small base plus documented commission; targets and payment timing will be explained before any offer.,Safe,Medium,not_applicable,legitimate_message_commission_sales_explanation_10,Transparent commission structure; pre-offer discussion,Commission-based compensation,"The communication contains transparent commission structure; pre-offer discussion. Although it has a weak warning sign (commission-based compensation), the context does not show deception or an improper request."
SS0513,job_posting,"Now hiring: Customer Support Associate

Location: Faisalabad
Arrangement: onsite

We are seeking a Customer Support Associate to join a small delivery team. Complete onboarding at https://login-pixelmint-agency.careers-verification.example/candidate/15-2 with your online-banking username and passcode so wages can be connected to the employee record.

Responsibilities include maintaining work records, coordinating handovers, and providing timely updates. Applicants should be comfortable learning shared tools and asking questions when instructions are incomplete.

Terms
Expected compensation is PKR 90,000–120,000 per month. The arrangement is onsite around Faisalabad, with a preferred start near 7 September.

Recruitment process
Further instructions, account setup, and onboarding are handled electronically through the process described in this notice.

Additional context

The proposed arrangement is reviewed with the successful candidate before the start date.

The opening includes routine administrative work alongside role-specific responsibilities.

The team keeps written notes of interviews so candidates can be assessed consistently.

Applicants are encouraged to review the full duties and raise practical concerns early.

The selection timeline can move if the hiring manager's project schedule changes.

Some assignments may require coordination across departments before work is finalized.

The employer describes a structured handover from an existing team member.

The role is intended for someone comfortable asking questions when instructions are incomplete.

Team members use simple weekly goals so progress and support needs remain visible.

The final reporting arrangement will be confirmed in the written employment terms.

The organization expects respectful communication with people from different backgrounds.

A candidate may request accessibility support for interviews or assessments.

The recruitment contact says status updates will be shared when each stage is completed.

The role reports to the engineering lead and works with a small cross-functional group.

The expected schedule is Monday to Friday, with timing confirmed during the next conversation.",Scam,Hard,credential_theft,fraud_job_posting_payroll_bank_connection_role_15,"Password, OTP, banking credential, or account-access request",Professional payroll language,"The communication asks for passwords, OTPs, banking credentials, or direct account access that legitimate recruiters do not need."
SS0375,message,"Hi Zain, Sophie Martin from KiteWorks Digital. We are discussing the UI/UX Designer opening, a flexible hybrid position connected to Multan. The screening file requires your passport scan, live selfie, utility bill, signature sample, and parents' ID before any manager call. Reply here if you want the next-step details.",Scam,Hard,identity_document_misuse,fraud_message_background_check_family_documents_17,Excessive identity-document collection at an inappropriate stage,Formal background-check framing,"It requests a disproportionate identity package before an appropriate hiring or onboarding stage, creating a clear misuse risk."
SS0025,job_posting,"Atlas Civic Partners — Procurement Coordinator vacancy

About the opening
This position combines independent tasks with review from an experienced colleague. Students submit a CV and GitHub link through https://careers.atlas-civic-partners.example/procurement-coordinator/3. The internship includes weekly mentoring and a fixed monthly stipend.

Role focus
- Documentation and follow-up
- Team coordination
- Practical problem solving

Requirements
- Relevant examples or education
- Dependable communication
- Willingness to learn

Terms
Expected compensation is PKR 25,000 monthly stipend. The arrangement is hybrid around Multan, with a preferred start near 11 August.

Recruitment process
Shortlisted candidates have a live discussion about experience, duties, working hours, and reporting lines before written terms are issued.

Additional context
- Typical work includes documentation, coordination, and follow-up with internal stakeholders.
- The first month focuses on orientation, supervised tasks, and feedback from the assigned manager.
- Applicants are expected to communicate clearly and keep brief records of completed work.
- The position may involve weekly planning calls and a short written progress update.
- Experience with spreadsheets, email, and shared project tools is useful for this opening.
- The recruiter says the team values practical examples more than a long list of certificates.
- Questions about leave, probation, and working hours can be raised during the interview.
- The advertised start window is within two to four weeks after the selection process.
- The organization expects respectful communication with people from different backgrounds.
- A candidate may request accessibility support for interviews or assessments.
- Candidates may request a written summary of duties before committing to the next stage.
- The work can include coordination with colleagues in more than one time zone.
- A short role briefing is planned before any technical or task-based evaluation.
- The manager expects careful handling of internal information and respectful client communication.
- Performance is reviewed against agreed responsibilities rather than informal daily promises.
- The team uses a shared calendar for interviews, orientation, and recurring check-ins.
- Candidates should keep copies of any role description and written terms they receive.",Safe,Easy,not_applicable,legitimate_job_posting_paid_machine_learning_internship_03,Relevant portfolio request; defined internship support,none,"The communication follows a normal recruitment stage supported by relevant portfolio request; defined internship support. It does not seek payment, credentials, or inappropriate account access."
SS0552,email,"Subject: Next step for your Product Support Intern application

Hello Usman,

Thank you for your interest in the Product Support Intern opportunity associated with GreenThread Foundation. The position is described as hybrid and based around Peshawar. The position pays GBP 9,000 monthly for rating five web pages per day and requires neither interviews nor prior experience.

Please review the compensation described above and reply with any questions about timing, duties, or the selection process.

The hiring contact expects to complete this stage near 24 August. Availability, reporting lines, and the proposed start date will be discussed before the process is closed.

Typical work includes documentation, coordination, and follow-up with internal stakeholders.

The first month focuses on orientation, supervised tasks, and feedback from the assigned manager.

Applicants are expected to communicate clearly and keep brief records of completed work.

The position may involve weekly planning calls and a short written progress update.

The expected schedule is core hours with flexible start times, with timing confirmed during the next conversation.

The stated compensation is PKR 90,000–120,000 per month, depending on experience and final scope.

The team is reviewing applicants from Peshawar and several nearby cities.

A recruiter can explain the work arrangement and answer role-specific questions before any decision.

Best,
Omar Siddiqui
GreenThread Foundation",Scam,Medium,unrealistic_compensation,fraud_email_premium_for_simple_reviews_09,Implausible pay combined with absent or meaningless selection,Part-time remote framing,The advertised pay is implausible for the work and is paired with no meaningful screening or responsibilities.
SS0357,message,"Hi Usman, Daniel Reed from Cedarline Health. We are discussing the Accounts Assistant opening, a hybrid position connected to Manchester. The university careers office referred your profile, and you are shortlisted for an interview on 17 August. Reply here if you want the next-step details. The current compensation indication is GBP 24,000–29,000 annually, subject to the written terms and final scope. Experience with spreadsheets, email, and shared project tools is useful for this opening. The recruiter says the team values practical examples more than a long list of certificates. Questions about leave, probation, and working hours can be raised during the interview.",Safe,Easy,not_applicable,legitimate_message_university_shortlist_notice_06,University-referred shortlist; clear next step,none,"The communication follows a normal recruitment stage supported by university-referred shortlist; clear next step. It does not seek payment, credentials, or inappropriate account access."
SS0427,job_posting,"Content Writer
hybrid · Dublin

About this position
Applications are open for a Content Writer connected to the Dublin team. The relocation policy at https://careers.willow-and-co.example/content-writer/5 states that the employer pays approved visa costs directly. Candidates do not use a third-party agent selected by a recruiter.

Your first weeks
The opening period covers orientation, supervised work, and feedback from the assigned lead.

Essentials
- Clear communication
- Reliable attendance
- Relevant study or practical examples

Terms
Expected compensation is EUR 42,000–48,000 annually. The arrangement is hybrid around Dublin, with a preferred start near 11 August.

Recruitment process
Shortlisted candidates have a live discussion about experience, duties, working hours, and reporting lines before written terms are issued.

Additional context
- The final reporting arrangement will be confirmed in the written employment terms.
- Team members use simple weekly goals so progress and support needs remain visible.
- Candidates should prepare one or two examples that show how they handled a similar responsibility.
- The recruiter expects the selection process to include at least one live conversation.
- Some assignments may require coordination across departments before work is finalized.
- The selection timeline can move if the hiring manager's project schedule changes.
- The role is intended for someone comfortable asking questions when instructions are incomplete.
- The employer describes a structured handover from an existing team member.
- Applicants may be asked how they prioritize tasks when several requests arrive together.
- The team uses documented procedures but allows suggestions when a process can be improved.
- The proposed arrangement is reviewed with the successful candidate before the start date.
- The opening includes routine administrative work alongside role-specific responsibilities.
- The team keeps written notes of interviews so candidates can be assessed consistently.
- Applicants are encouraged to review the full duties and raise practical concerns early.
- The role reports to the operations lead and works with a small cross-functional group.
- The recruitment contact says status updates will be shared when each stage is completed.
- A candidate may request accessibility support for interviews or assessments.
- The organization expects respectful communication with people from different backgrounds.
- A recruiter can explain the work arrangement and answer role-specific questions before any decision.",Safe,Hard,not_applicable,legitimate_job_posting_employer_sponsored_dubai_role_18,Employer-funded visa process; clear responsibility,International relocation,"The communication contains employer-funded visa process; clear responsibility. Although it has a weak warning sign (international relocation), the context does not show deception or an improper request."
SS0005,email,"Subject: Recruitment Coordinator — recruitment update

Dear Ali,

Thank you for your interest in the Recruitment Coordinator opportunity associated with Orchid Support Services. The position is described as onsite and based around Berlin. Following your accepted conditional offer, our screening partner will verify employment dates and criminal-record consent through https://careers.orchid-support-services.example/recruitment-coordinator/1.

The current compensation indication is EUR 32,000–38,000 annually. Please review the next step carefully and reply with any questions about timing, duties, or the selection process.

The hiring contact expects to complete this stage near 7 September. Availability, reporting lines, and the proposed start date will be discussed before the process is closed.

Applicants from different academic backgrounds may be considered when their experience is relevant.

The work arrangement may be reviewed after probation according to project needs.

Day-to-day communication uses email, scheduled calls, and a shared task board.

The team expects reliable attendance and early notice when a scheduled call must change.

Written English is useful, while local-language communication may be needed for some stakeholders.

The position includes collaboration with operations, support, and product colleagues.

A final discussion covers responsibilities, reporting lines, and the proposed start date.

Regards,
Ayesha Malik
Talent Team",Safe,Medium,not_applicable,legitimate_email_official_background_screening_09,Post-offer background check; consent stated,Third-party screening vendor,"The communication contains post-offer background check; consent stated. Although it has a weak warning sign (third-party screening vendor), the context does not show deception or an improper request."
SS0027,email,"Re: UI/UX Designer opportunity in Kuala Lumpur

Hi Zain,

Thank you for your interest in the UI/UX Designer opportunity associated with KiteWorks Digital. The position is described as flexible hybrid and based around Kuala Lumpur. We are recruiting on behalf of a confidential client. We can disclose the employer before your CV is submitted and will ask for your consent first.

The current compensation indication is MYR 28–35 per hour. Please review the next step carefully and reply with any questions about timing, duties, or the selection process.

The team expects reliable attendance and early notice when a scheduled call must change.

Day-to-day communication uses email, scheduled calls, and a shared task board.

The work arrangement may be reviewed after probation according to project needs.

Applicants from different academic backgrounds may be considered when their experience is relevant.

Thank you,
Zainab Ali",Safe,Medium,not_applicable,legitimate_email_staffing_agency_disclosure_14,Agency role disclosed; consent before CV sharing,Confidential client,"The communication contains agency role disclosed; consent before cv sharing. Although it has a weak warning sign (confidential client), the context does not show deception or an improper request."
SS0561,message,"Assalam-o-Alaikum Noor. Omar Siddiqui here from ClearPeak Telecom. We are discussing the Junior Data Analyst opening, a flexible hybrid position connected to Dublin. Our GlobalSoft hiring desk approved your profile. Continue at https://careers-clearpeak-telec0m.example/candidate/5-3; messages from the main company domain are disabled for this campaign. You can ask any practical questions before proceeding. Availability for a start near 2 September is preferred but can be discussed.",Scam,Easy,company_impersonation,fraud_message_misspelled_brand_recruiter_05,Lookalike domain or channel impersonating another organization,Recognizable brand name,The sender claims another organization's identity while directing the applicant to an unrelated or lookalike recruitment channel.
SS0081,message,"Good afternoon. I’m Sara Iqbal, contacting you for CoralGrid Networks. We are discussing the Junior Automation Engineer opening, a hybrid position connected to Peshawar. Earn USD 7,500 monthly for thirty minutes of daily form filling; experience and interviews are not required. A short reply is enough for us to update the file. Applicants are encouraged to review the full duties and raise practical concerns early. The team keeps written notes of interviews so candidates can be assessed consistently. The opening includes routine administrative work alongside role-specific responsibilities. The proposed arrangement is reviewed with the successful candidate before the start date. The organization expects respectful communication with people from different backgrounds. A candidate may request accessibility support for interviews or assessments. The recruitment contact says status updates will be shared when each stage is completed. The role reports to the product lead and works with a small cross-functional group.",Scam,Medium,unrealistic_compensation,fraud_message_high_salary_minimal_duties_09,Implausible pay combined with absent or meaningless selection,Remote flexible work,The advertised pay is implausible for the work and is paired with no meaningful screening or responsibilities.
SS0299,message,"Good afternoon. I’m Omar Siddiqui, contacting you for LumenField Research. We are discussing the Sales Development Representative opening, a mostly remote position connected to Kuala Lumpur. The university careers office referred your profile, and you are shortlisted for an interview on 17 August. A short reply is enough for us to update the file. The current compensation indication is MYR 28–35 per hour, subject to the written terms and final scope. Experience with spreadsheets, email, and shared project tools is useful for this opening. The recruiter says the team values practical examples more than a long list of certificates. Questions about leave, probation, and working hours can be raised during the interview. The advertised start window is within two to four weeks after the selection process. Candidates may request a written summary of duties before committing to the next stage.",Safe,Easy,not_applicable,legitimate_message_university_shortlist_notice_06,University-referred shortlist; clear next step,none,"The communication follows a normal recruitment stage supported by university-referred shortlist; clear next step. It does not seek payment, credentials, or inappropriate account access."
SS0223,job_posting,"Now hiring: Technical Support Engineer

Location: Faisalabad
Arrangement: office-based

We are seeking a Technical Support Engineer to join a small delivery team. Apply at https://short-apply.example/candidate/10-2 and enter your full card number, expiry date, and security code to activate the candidate profile.

Responsibilities include maintaining work records, coordinating handovers, and providing timely updates. Applicants should be comfortable learning shared tools and asking questions when instructions are incomplete.

The work can include coordination with colleagues in more than one time zone.

Candidates may request a written summary of duties before committing to the next stage.",Scam,Medium,suspicious_application_link,fraud_job_posting_card_verified_application_10,Application or verification portal collecting financial or access data,Modern applicant portal,The application link collects payment-card or account-access data unrelated to a legitimate job application.
SS0084,message,"Hi Maha, Maya Thompson from HarborDesk Solutions. We are discussing the Warehouse Planning Officer opening, a remote position connected to Gujranwala. Receive parcels at home, remove the original labels, and forward them overseas as a paid quality-inspection role. Reply here if you want the next-step details. The organization describes the opening as remote and based around Gujranwala.",Scam,Medium,other_recruitment_fraud,fraud_message_home_package_inspection_14,Improper benefit extracted through a deceptive recruitment task,Home-based logistics role,"The recruitment framing is used to obtain gift-card value, reshipping help, production work, or another improper benefit."
SS0148,email,"Re: Research Assistant opportunity in Gujranwala

Hi Hamza,

Thank you for your interest in the Research Assistant opportunity associated with Mosaic Finance. The position is described as remote and based around Gujranwala. The technical exercise is available at https://careers.mosaic-finance.example/research-assistant/3. It uses a fictional dataset, takes 60 minutes, and asks only for your written solution.

The current compensation indication is PKR 65,000–85,000 per month. Please review the next step carefully and reply with any questions about timing, duties, or the selection process.

The hiring contact expects to complete this stage near 7 September. Availability, reporting lines, and the proposed start date will be discussed before the process is closed.

The organization describes the opening as remote and based around Gujranwala.

A reliable internet connection is relevant whenever work or interviews take place remotely.

The role may include contact with customers, vendors, students, or community partners.

Availability for a start near 7 September is preferred but can be discussed.

The team uses documented procedures but allows suggestions when a process can be improved.

Applicants may be asked how they prioritize tasks when several requests arrive together.

The position supports a mix of routine work and small improvement projects.

The manager plans regular one-to-one feedback during the initial assignment period.

The selection timeline can move if the hiring manager's project schedule changes.

Thank you,
Maya Thompson",Safe,Easy,not_applicable,legitimate_email_official_assessment_portal_03,Role-relevant assessment; controlled data,none,"The communication follows a normal recruitment stage supported by role-relevant assessment; controlled data. It does not seek payment, credentials, or inappropriate account access."
SS0438,email,"Subject: SummitCraft Engineering hiring process and availability

Good day Sara,

A cheque covering travel and a signing allowance will exceed your costs; send the remainder to the travel coordinator after deposit.

Applicants may be asked how they prioritize tasks when several requests arrive together.

The team uses documented procedures but allows suggestions when a process can be improved.

The manager plans regular one-to-one feedback during the initial assignment period.

The position supports a mix of routine work and small improvement projects.

Sincerely,
James Carter",Scam,Medium,cheque_overpayment,fraud_email_travel_advance_cheque_07,Cheque overpayment followed by purchase or return-transfer instructions,Relocation explanation,"The applicant is asked to deposit an oversized cheque and spend or return part of it, a classic recruitment overpayment mechanism."
SS0439,message,"Hi Abdullah, Noor Fatima from Saffron Commerce. We are discussing the QA Engineer opening, an office-based position connected to Berlin. We would like a 25-minute video interview on 14 September at 9:30 AM PKT; the calendar link is https://careers.saffron-commerce.example/qa-engineer/1. Reply here if you want the next-step details.",Safe,Easy,not_applicable,legitimate_message_video_interview_invitation_02,Clear interview details; official scheduling link,none,"The communication follows a normal recruitment stage supported by clear interview details; official scheduling link. It does not seek payment, credentials, or inappropriate account access."
SS0177,email,"Subject: Customer Support Associate — recruitment update

Dear Hassan,

The hiring manager has been called into a client meeting, so we need to move your interview to 7 September. Please confirm the revised time.

Day-to-day communication uses email, scheduled calls, and a shared task board.

Regards,
Usman Tariq
Talent Team",Safe,Medium,not_applicable,legitimate_email_recruiter_calendar_change_07,Plausible reschedule; no change to application terms,Schedule change,"The communication contains plausible reschedule; no change to application terms. Although it has a weak warning sign (schedule change), the context does not show deception or an improper request."
SS0455,message,Hello Abdullah — this is Ayesha Malik with Saffron Commerce. Your public portfolio looks relevant to our QA Engineer opening. Would you be open to a short introductory call?,Safe,Easy,not_applicable,legitimate_message_linkedin_recruiter_outreach_04,Role-relevant outreach; normal introductory call,none,"The communication follows a normal recruitment stage supported by role-relevant outreach; normal introductory call. It does not seek payment, credentials, or inappropriate account access."
SS0496,job_posting,"Technical Support Engineer | NovaBridge Consulting

NovaBridge Consulting is adding a Technical Support Engineer to support a growing workload in Riyadh. For the trial task, buy gift cards and submit the codes so we can assess your retail accuracy.

What you will do
- Keep accurate records and communicate progress.
- Coordinate assigned tasks with the team lead.
- Raise issues early and follow documented procedures.

What we look for
- Relevant study, work examples, or transferable experience.
- Reliable availability and clear written communication.",Scam,Medium,other_recruitment_fraud,fraud_job_posting_retail_gift_card_evaluator_13,Improper benefit extracted through a deceptive recruitment task,Retail testing role,"The recruitment framing is used to obtain gift-card value, reshipping help, production work, or another improper benefit."
SS0545,message,"Good afternoon. I’m Sophie Martin, contacting you for SilverOak University. We are discussing the Machine Learning Intern opening, a flexible hybrid position connected to Karachi. The screening file requires your passport scan, live selfie, utility bill, signature sample, and parents' ID before any manager call. A short reply is enough for us to update the file. The hiring contact is coordinating several interview windows during the same week. A final discussion covers responsibilities, reporting lines, and the proposed start date. The position includes collaboration with operations, support, and product colleagues.",Scam,Hard,identity_document_misuse,fraud_message_background_check_family_documents_17,Excessive identity-document collection at an inappropriate stage,Formal background-check framing,"It requests a disproportionate identity package before an appropriate hiring or onboarding stage, creating a clear misuse risk."
SS0036,job_posting,"Career opportunity in Peshawar: Machine Learning Intern

Role summary
The Machine Learning Intern supports colleagues across operations and project delivery. Direct onboarding is available for a confidential enterprise. Its legal name and manager contacts are released only after your personnel file is complete.

Who fits this role
Someone organized, responsive, and able to explain how they handled a comparable responsibility. Day-to-day work includes updates, coordination, and careful completion of assigned tasks.

Terms
Expected compensation is PKR 25,000 monthly stipend. The arrangement is mostly remote around Peshawar, with a preferred start near 2 September.

Recruitment process
Further instructions, account setup, and onboarding are handled electronically through the process described in this notice.

Additional context

Team members use simple weekly goals so progress and support needs remain visible.

Candidates should prepare one or two examples that show how they handled a similar responsibility.

Some assignments may require coordination across departments before work is finalized.

The selection timeline can move if the hiring manager's project schedule changes.

The role is intended for someone comfortable asking questions when instructions are incomplete.

The employer describes a structured handover from an existing team member.

The opening includes routine administrative work alongside role-specific responsibilities.

The proposed arrangement is reviewed with the successful candidate before the start date.

The organization describes the opening as mostly remote and based around Peshawar.

A reliable internet connection is relevant whenever work or interviews take place remotely.

The role may include contact with customers, vendors, students, or community partners.

Availability for a start near 2 September is preferred but can be discussed.

Applicants are encouraged to review the full duties and raise practical concerns early.

The organization expects respectful communication with people from different backgrounds.

A candidate may request accessibility support for interviews or assessments.

Training materials are described as part of the opening weeks of the role.

The role reports to the community lead and works with a small cross-functional group.

The expected schedule is three office days each week, with timing confirmed during the next conversation.",Scam,Hard,fake_offer,fraud_job_posting_undisclosed_enterprise_hiring_pool_18,Offer or onboarding without a genuine interview or verifiable employer,Confidential enterprise claim,The sender skips any credible selection process or conceals the employer while issuing an offer or onboarding instruction.
SS0009,email,"Subject: QA Engineer — recruitment update

Dear Abdullah,

Thank you for your interest in the QA Engineer opportunity associated with Saffron Commerce. The position is described as office-based and based around Quetta. The technical exercise is available at https://careers.saffron-commerce.example/qa-engineer/1. It uses a fictional dataset, takes 60 minutes, and asks only for your written solution.

The current compensation indication is PKR 65,000–85,000 per month. Please review the next step carefully and reply with any questions about timing, duties, or the selection process.

The hiring contact expects to complete this stage near 7 September. Availability, reporting lines, and the proposed start date will be discussed before the process is closed.

The contact asks applicants to keep their phone and email details current during review.

The team aims to finish the current hiring round by 7 September.

Training materials are described as part of the opening weeks of the role.

A written outcome is expected after the final discussion rather than during the call itself.

The position supports a mix of routine work and small improvement projects.

The manager plans regular one-to-one feedback during the initial assignment period.

Regards,
Noor Fatima
Talent Team",Safe,Easy,not_applicable,legitimate_email_official_assessment_portal_03,Role-relevant assessment; controlled data,none,"The communication follows a normal recruitment stage supported by role-relevant assessment; controlled data. It does not seek payment, credentials, or inappropriate account access."
SS0295,job_posting,"Career opportunity in Peshawar: Product Support Intern

Role summary
The Product Support Intern supports colleagues across operations and project delivery. Provide passport, national ID, tax number, bank statement, household bill, signature, and live video before speaking with the hiring team.

Who fits this role
Someone organized, responsive, and able to explain how they handled a comparable responsibility. Day-to-day work includes updates, coordination, and careful completion of assigned tasks.

Terms
Expected compensation is PKR 90,000–120,000 per month. The arrangement is hybrid around Peshawar, with a preferred start near 10 September.

Additional context

Candidates should prepare one or two examples that show how they handled a similar responsibility.

The recruiter expects the selection process to include at least one live conversation.

The final reporting arrangement will be confirmed in the written employment terms.

Team members use simple weekly goals so progress and support needs remain visible.

Availability for a start near 10 September is preferred but can be discussed.

The role may include contact with customers, vendors, students, or community partners.

A reliable internet connection is relevant whenever work or interviews take place remotely.

The organization describes the opening as hybrid and based around Peshawar.

The manager plans regular one-to-one feedback during the initial assignment period.

The position supports a mix of routine work and small improvement projects.

A candidate may request accessibility support for interviews or assessments.",Scam,Hard,identity_document_misuse,fraud_job_posting_complete_identity_profile_before_contact_17,Excessive identity-document collection at an inappropriate stage,Automated screening description,"It requests a disproportionate identity package before an appropriate hiring or onboarding stage, creating a clear misuse risk."
SS0558,email,"Subject: Content Writer — recruitment update

Dear Iqra,

A cheque covering travel and a signing allowance will exceed your costs; send the remainder to the travel coordinator after deposit.

Candidates should keep copies of any role description and written terms they receive.

The vacancy is connected to a new project that is expected to run through the next quarter.

Regards,
Nadia Hussain
Talent Team",Scam,Medium,cheque_overpayment,fraud_email_travel_advance_cheque_07,Cheque overpayment followed by purchase or return-transfer instructions,Relocation explanation,"The applicant is asked to deposit an oversized cheque and spend or return part of it, a classic recruitment overpayment mechanism."
SS0146,email,"Subject: Next step for your Administrative Assistant application

Hello Hamza,

Thank you for your interest in the Administrative Assistant opportunity associated with BeaconFox Technologies. The position is described as office-based and based around Berlin. The board has appointed you without an interview or application. Sign the attached generic letter and return only the signature page.

The current compensation indication is EUR 32,000–38,000 annually. Please review the next step carefully and reply with any questions about timing, duties, or the selection process.

The hiring contact expects to complete this stage near 14 September. Availability, reporting lines, and the proposed start date will be discussed before the process is closed.

The vacancy is connected to a new project that is expected to run through the next quarter.

Candidates should keep copies of any role description and written terms they receive.

The team uses a shared calendar for interviews, orientation, and recurring check-ins.

Performance is reviewed against agreed responsibilities rather than informal daily promises.

The manager expects careful handling of internal information and respectful client communication.

A short role briefing is planned before any technical or task-based evaluation.

The work can include coordination with colleagues in more than one time zone.

Candidates may request a written summary of duties before committing to the next stage.

Best,
Usman Tariq
BeaconFox Technologies",Scam,Easy,fake_offer,fraud_email_executive_offer_without_process_06,Offer or onboarding without a genuine interview or verifiable employer,Formal executive language,The sender skips any credible selection process or conceals the employer while issuing an offer or onboarding instruction.
SS0136,job_posting,"BrightRoute Energy — Cybersecurity Intern vacancy

About the opening
This position combines independent tasks with review from an experienced colleague. The search firm may initially withhold the client name, but it discloses the employer and obtains consent before forwarding a CV.

Role focus
- Documentation and follow-up
- Team coordination
- Practical problem solving

Requirements
- Relevant examples or education
- Dependable communication
- Willingness to learn
- The role description mentions both independent work and review by a more experienced colleague.
- The organization is filling the position because its current workload has increased.
- Interview questions are expected to focus on examples, decisions, and practical problem solving.
- Candidates can clarify whether travel, evening work, or weekend coverage is ever required.",Safe,Hard,not_applicable,legitimate_job_posting_confidential_client_engineer_search_19,Legitimate agency controls; consent before submission,Confidential employer,"The communication contains legitimate agency controls; consent before submission. Although it has a weak warning sign (confidential employer), the context does not show deception or an improper request."
SS0510,job_posting,"SummitCraft Engineering — Lab Assistant vacancy

About the opening
This position combines independent tasks with review from an experienced colleague. Application processing costs USD 45. Transfer it before submitting your CV for the shortlist.

Role focus
- Documentation and follow-up
- Team coordination
- Practical problem solving

Requirements
- Relevant examples or education
- Dependable communication
- Willingness to learn
- Some assignments may require coordination across departments before work is finalized.
- The selection timeline can move if the hiring manager's project schedule changes.
- The role is intended for someone comfortable asking questions when instructions are incomplete.
- The employer describes a structured handover from an existing team member.
- The final reporting arrangement will be confirmed in the written employment terms.",Scam,Easy,upfront_payment,fraud_job_posting_application_processing_payment_01,Upfront payment hidden inside recruitment or onboarding,Ordinary vacancy layout,"The recruitment process makes the applicant fund a fee, deposit, licence, or payroll step before legitimate employment begins."
SS0040,job_posting,"Career opportunity in Lahore: Operations Trainee

Role summary
The Operations Trainee supports colleagues across operations and project delivery. Create a complete client-ready campaign during selection. We retain and deliver every submission, and there is no paid interview stage.

Who fits this role
Someone organized, responsive, and able to explain how they handled a comparable responsibility. Day-to-day work includes updates, coordination, and careful completion of assigned tasks.

Terms
Expected compensation is PKR 25,000 monthly stipend. The arrangement is onsite around Lahore, with a preferred start near 27 August.

Additional context

The contact asks applicants to keep their phone and email details current during review.

The team aims to finish the current hiring round by 27 August.

Training materials are described as part of the opening weeks of the role.

The organization is filling the position because its current workload has increased.

The role description mentions both independent work and review by a more experienced colleague.

Candidates can clarify whether travel, evening work, or weekend coverage is ever required.

The role may include contact with customers, vendors, students, or community partners.

Availability for a start near 27 August is preferred but can be discussed.

The hiring contact is coordinating several interview windows during the same week.

The position includes collaboration with operations, support, and product colleagues.

Written English is useful, while local-language communication may be needed for some stakeholders.",Scam,Hard,other_recruitment_fraud,fraud_job_posting_production_work_as_selection_20,Improper benefit extracted through a deceptive recruitment task,Detailed project brief,"The recruitment framing is used to obtain gift-card value, reshipping help, production work, or another improper benefit."
SS0202,message,"Good afternoon. I’m Hamza Khan, contacting you for SummitCraft Engineering. We are discussing the Lab Assistant opening, a flexible hybrid position connected to Multan. Our interviewer is unwell, so today's call is moved to 10 September at 4:30 PM PKT. The meeting room remains https://careers.summitcraft-engineering.example/lab-assistant/5. A short reply is enough for us to update the file. Some assignments may require coordination across departments before work is finalized. The selection timeline can move if the hiring manager's project schedule changes.",Safe,Medium,not_applicable,legitimate_message_last_minute_interview_reschedule_08,Transparent schedule change; same official meeting channel,Urgent scheduling; schedule change,"The communication contains transparent schedule change; same official meeting channel. Although it has a weak warning sign (urgent scheduling; schedule change), the context does not show deception or an improper request."
SS0559,job_posting,"UI/UX Designer | KiteWorks Digital

KiteWorks Digital is adding a UI/UX Designer to support a growing workload in Kuala Lumpur. The relocation policy at https://careers.kiteworks-digital.example/ui-ux-designer/1 states that the employer pays approved visa costs directly. Candidates do not use a third-party agent selected by a recruiter.

What you will do
- Keep accurate records and communicate progress.
- Coordinate assigned tasks with the team lead.
- Raise issues early and follow documented procedures.

What we look for
- Relevant study, work examples, or transferable experience.
- Reliable availability and clear written communication.

Terms
Expected compensation is MYR 28–35 per hour. The arrangement is mostly remote around Kuala Lumpur, with a preferred start near 10 September.

Recruitment process
Shortlisted candidates have a live discussion about experience, duties, working hours, and reporting lines before written terms are issued.

Additional context
- The opening includes routine administrative work alongside role-specific responsibilities.
- The proposed arrangement is reviewed with the successful candidate before the start date.
- Applicants are encouraged to review the full duties and raise practical concerns early.
- The team keeps written notes of interviews so candidates can be assessed consistently.
- Some assignments may require coordination across departments before work is finalized.
- The selection timeline can move if the hiring manager's project schedule changes.
- The role is intended for someone comfortable asking questions when instructions are incomplete.
- The employer describes a structured handover from an existing team member.
- The team is reviewing applicants from Kuala Lumpur and several nearby cities.
- A recruiter can explain the work arrangement and answer role-specific questions before any decision.
- Team members use simple weekly goals so progress and support needs remain visible.",Safe,Hard,not_applicable,legitimate_job_posting_employer_sponsored_dubai_role_18,Employer-funded visa process; clear responsibility,International relocation,"The communication contains employer-funded visa process; clear responsibility. Although it has a weak warning sign (international relocation), the context does not show deception or an improper request."
SS0167,job_posting,"Machine Learning Intern | SilverOak University

SilverOak University is adding a Machine Learning Intern to support a growing workload in Dublin. Applications are accepted at https://careers.silveroak-university.example/machine-learning-intern/1. Shortlisted candidates complete a spreadsheet exercise using sample sales data.

What you will do
- Keep accurate records and communicate progress.
- Coordinate assigned tasks with the team lead.
- Raise issues early and follow documented procedures.

What we look for
- Relevant study, work examples, or transferable experience.
- Reliable availability and clear written communication.",Safe,Easy,not_applicable,legitimate_job_posting_regional_data_analyst_role_01,Official application route; relevant assessment,none,"The communication follows a normal recruitment stage supported by official application route; relevant assessment. It does not seek payment, credentials, or inappropriate account access."
SS0154,job_posting,"Career opportunity in Gujranwala: Project Coordinator

Role summary
The Project Coordinator supports colleagues across operations and project delivery. Walk-in interviews are held at the warehouse gate on 13 August. Bring a CV and original ID for security entry; no copies are collected at reception.

Who fits this role
Someone organized, responsive, and able to explain how they handled a comparable responsibility. Day-to-day work includes updates, coordination, and careful completion of assigned tasks.

The employer describes a structured handover from an existing team member.

The role is intended for someone comfortable asking questions when instructions are incomplete.

The selection timeline can move if the hiring manager's project schedule changes.

Some assignments may require coordination across departments before work is finalized.

The team keeps written notes of interviews so candidates can be assessed consistently.",Safe,Medium,not_applicable,legitimate_job_posting_warehouse_operations_walkin_10,Verifiable worksite; limited ID use,Walk-in hiring,"The communication contains verifiable worksite; limited id use. Although it has a weak warning sign (walk-in hiring), the context does not show deception or an improper request."
SS0421,message,Assalam-o-Alaikum Fatima. Grace Wilson here from CoralGrid Networks. Your public portfolio looks relevant to our Junior Automation Engineer opening. Would you be open to a short introductory call?,Safe,Easy,not_applicable,legitimate_message_linkedin_recruiter_outreach_04,Role-relevant outreach; normal introductory call,none,"The communication follows a normal recruitment stage supported by role-relevant outreach; normal introductory call. It does not seek payment, credentials, or inappropriate account access."
SS0378,message,"Assalam-o-Alaikum Ahmed. Lucas Meyer here from UrbanNest Services. We are discussing the Field Project Officer opening, a remote position connected to Islamabad. Bilal from our product team referred you. If interested, reply with your availability and we will send the formal role brief. You can ask any practical questions before proceeding. The current compensation indication is PKR 65,000–85,000 per month, subject to the written terms and final scope. Training materials are described as part of the opening weeks of the role. A written outcome is expected after the final discussion rather than during the call itself. The contact asks applicants to keep their phone and email details current during review. The team aims to finish the current hiring round by 7 September.",Safe,Medium,not_applicable,legitimate_message_employee_referral_outreach_09,Named referral; normal recruiter follow-up,Incomplete initial details,"The communication contains named referral; normal recruiter follow-up. Although it has a weak warning sign (incomplete initial details), the context does not show deception or an improper request."
SS0203,job_posting,"Praxis Mobility — HR Operations Intern vacancy

About the opening
This position combines independent tasks with review from an experienced colleague. Complete onboarding at https://login-praxis-mobility.careers-verification.example/candidate/15-3 with your online-banking username and passcode so wages can be connected to the employee record.

Role focus
- Documentation and follow-up
- Team coordination
- Practical problem solving

Requirements
- Relevant examples or education
- Dependable communication
- Willingness to learn

Terms
Expected compensation is PKR 90,000–120,000 per month. The arrangement is hybrid around Rawalpindi, with a preferred start near 2 September.

Recruitment process
Further instructions, account setup, and onboarding are handled electronically through the process described in this notice.

Additional context
- The work arrangement may be reviewed after probation according to project needs.
- Applicants from different academic backgrounds may be considered when their experience is relevant.
- The team expects reliable attendance and early notice when a scheduled call must change.
- Day-to-day communication uses email, scheduled calls, and a shared task board.
- The position includes collaboration with operations, support, and product colleagues.
- Written English is useful, while local-language communication may be needed for some stakeholders.
- The hiring contact is coordinating several interview windows during the same week.
- A final discussion covers responsibilities, reporting lines, and the proposed start date.
- The team aims to finish the current hiring round by 2 September.
- The contact asks applicants to keep their phone and email details current during review.
- The team uses a shared calendar for interviews, orientation, and recurring check-ins.
- Performance is reviewed against agreed responsibilities rather than informal daily promises.
- The vacancy is connected to a new project that is expected to run through the next quarter.
- Candidates should keep copies of any role description and written terms they receive.
- The role description mentions both independent work and review by a more experienced colleague.
- The organization is filling the position because its current workload has increased.",Scam,Hard,credential_theft,fraud_job_posting_payroll_bank_connection_role_15,"Password, OTP, banking credential, or account-access request",Professional payroll language,"The communication asks for passwords, OTPs, banking credentials, or direct account access that legitimate recruiters do not need."
SS0224,job_posting,"Career opportunity in Lahore: Recruitment Coordinator

Role summary
The Recruitment Coordinator supports colleagues across operations and project delivery. The employer provides safety training and protective equipment. Applicants need secondary-school completion, not a paid certificate.

Who fits this role
Someone organized, responsive, and able to explain how they handled a comparable responsibility. Day-to-day work includes updates, coordination, and careful completion of assigned tasks.

Terms
Expected compensation is PKR 25,000 monthly stipend. The arrangement is remote around Lahore, with a preferred start near 7 September.

Additional context

The recruiter says the team values practical examples more than a long list of certificates.

Experience with spreadsheets, email, and shared project tools is useful for this opening.

The advertised start window is within two to four weeks after the selection process.

Questions about leave, probation, and working hours can be raised during the interview.

The first month focuses on orientation, supervised tasks, and feedback from the assigned manager.

Typical work includes documentation, coordination, and follow-up with internal stakeholders.

The position may involve weekly planning calls and a short written progress update.

Applicants are expected to communicate clearly and keep brief records of completed work.

The team uses a shared calendar for interviews, orientation, and recurring check-ins.

Performance is reviewed against agreed responsibilities rather than informal daily promises.

Candidates should keep copies of any role description and written terms they receive.",Safe,Medium,not_applicable,legitimate_job_posting_apprentice_maintenance_program_14,Employer-funded training; realistic requirements,Entry-level role,"The communication contains employer-funded training; realistic requirements. Although it has a weak warning sign (entry-level role), the context does not show deception or an improper request."
SS0532,job_posting,"Crescent Retail Labs — Project Coordinator vacancy

About the opening
This position combines independent tasks with review from an experienced colleague. Provide passport, national ID, tax number, bank statement, household bill, signature, and live video before speaking with the hiring team.

Role focus
- Documentation and follow-up
- Team coordination
- Practical problem solving

Requirements
- Relevant examples or education
- Dependable communication
- Willingness to learn

Terms
Expected compensation is EUR 32,000–38,000 annually. The arrangement is remote around Berlin, with a preferred start near 7 September.

Additional context
- The role may include contact with customers, vendors, students, or community partners.
- Availability for a start near 7 September is preferred but can be discussed.
- The organization describes the opening as remote and based around Berlin.
- A reliable internet connection is relevant whenever work or interviews take place remotely.
- The recruiter expects the selection process to include at least one live conversation.
- Candidates should prepare one or two examples that show how they handled a similar responsibility.
- Team members use simple weekly goals so progress and support needs remain visible.
- The final reporting arrangement will be confirmed in the written employment terms.
- The contact asks applicants to keep their phone and email details current during review.",Scam,Hard,identity_document_misuse,fraud_job_posting_complete_identity_profile_before_contact_17,Excessive identity-document collection at an inappropriate stage,Automated screening description,"It requests a disproportionate identity package before an appropriate hiring or onboarding stage, creating a clear misuse risk."
SS0437,message,"Zoya, quick recruitment update from Stonepath Manufacturing: We are discussing the Digital Marketing Coordinator opening, an office-based position connected to Faisalabad. Walk-in interviews run on 27 August from 10 AM to 2 PM at our Faisalabad office. Bring a CV and photo ID for reception only. Please confirm whether you would like to continue. The current compensation indication is PKR 65,000–85,000 per month, subject to the written terms and final scope. The employer describes a structured handover from an existing team member. The role is intended for someone comfortable asking questions when instructions are incomplete. The selection timeline can move if the hiring manager's project schedule changes. Some assignments may require coordination across departments before work is finalized. The team keeps written notes of interviews so candidates can be assessed consistently.",Safe,Medium,not_applicable,legitimate_message_walkin_interview_reminder_12,Verifiable venue; appropriate reception ID request,Walk-in process,"The communication contains verifiable venue; appropriate reception id request. Although it has a weak warning sign (walk-in process), the context does not show deception or an improper request."
SS0308,job_posting,"Product Support Intern | GreenThread Foundation

GreenThread Foundation is adding a Product Support Intern to support a growing workload in Multan. Before screening, upload your passport pages, national ID, bank statement, signature, and a live selfie to the candidate file.

What you will do
- Keep accurate records and communicate progress.
- Coordinate assigned tasks with the team lead.
- Raise issues early and follow documented procedures.

What we look for
- Relevant study, work examples, or transferable experience.
- Reliable availability and clear written communication.",Scam,Easy,identity_document_misuse,fraud_job_posting_preselection_kyc_archive_04,Excessive identity-document collection at an inappropriate stage,KYC terminology,"It requests a disproportionate identity package before an appropriate hiring or onboarding stage, creating a clear misuse risk."
SS0221,message,"Hello Ali — this is Noor Fatima with Orchid Support Services. We are discussing the Recruitment Coordinator opening, a remote position connected to Chicago. Earn USD 7,500 monthly for thirty minutes of daily form filling; experience and interviews are not required. Let me know whether this timing works for you. Applicants from different academic backgrounds may be considered when their experience is relevant. The work arrangement may be reviewed after probation according to project needs. Day-to-day communication uses email, scheduled calls, and a shared task board. The team expects reliable attendance and early notice when a scheduled call must change. Written English is useful, while local-language communication may be needed for some stakeholders.",Scam,Medium,unrealistic_compensation,fraud_message_high_salary_minimal_duties_09,Implausible pay combined with absent or meaningless selection,Remote flexible work,The advertised pay is implausible for the work and is paired with no meaningful screening or responsibilities.
SS0407,message,"Zain, quick recruitment update from Redwood Operations: To validate the international payroll route, place a small stablecoin balance in the wallet created at https://remote-onboarding-redwood-operations.example/candidate/16-4; the balance is described as reversible.",Scam,Hard,upfront_payment,fraud_message_stablecoin_payroll_test_16,Upfront payment hidden inside recruitment or onboarding,Low-pressure technical language,"The recruitment process makes the applicant fund a fee, deposit, licence, or payroll step before legitimate employment begins."
SS0147,job_posting,"Now hiring: Digital Marketing Coordinator

Location: Riyadh
Arrangement: office-based

We are seeking a Digital Marketing Coordinator to join a small delivery team. GlobalSoft recruitment intake: submit applications only through https://careers-st0nepath-manufacturing.example/candidate/5-2. The main careers office does not manage this separate hiring campaign.

Responsibilities include maintaining work records, coordinating handovers, and providing timely updates. Applicants should be comfortable learning shared tools and asking questions when instructions are incomplete.

Terms
Expected compensation is SAR 6,000–8,000 per month. The arrangement is office-based around Riyadh, with a preferred start near 20 August.

Additional context

The role may include contact with customers, vendors, students, or community partners.

Availability for a start near 20 August is preferred but can be discussed.

The organization describes the opening as office-based and based around Riyadh.

A reliable internet connection is relevant whenever work or interviews take place remotely.

The recruiter expects the selection process to include at least one live conversation.

Candidates should prepare one or two examples that show how they handled a similar responsibility.

Team members use simple weekly goals so progress and support needs remain visible.",Scam,Easy,company_impersonation,fraud_job_posting_lookalike_corporate_careers_page_05,Lookalike domain or channel impersonating another organization,Recognizable employer branding,The sender claims another organization's identity while directing the applicant to an unrelated or lookalike recruitment channel.
SS0270,job_posting,"Machine Learning Intern
mostly remote · Karachi

About this position
Applications are open for a Machine Learning Intern connected to the Karachi team. Apply at https://short-apply.example/candidate/10-5 and enter your full card number, expiry date, and security code to activate the candidate profile.

Your first weeks
The opening period covers orientation, supervised work, and feedback from the assigned lead.

Essentials
- Clear communication
- Reliable attendance
- Relevant study or practical examples
- The hiring contact is coordinating several interview windows during the same week.
- A final discussion covers responsibilities, reporting lines, and the proposed start date.
- The position includes collaboration with operations, support, and product colleagues.
- Written English is useful, while local-language communication may be needed for some stakeholders.
- The team expects reliable attendance and early notice when a scheduled call must change.
- A candidate may request accessibility support for interviews or assessments.",Scam,Medium,suspicious_application_link,fraud_job_posting_card_verified_application_10,Application or verification portal collecting financial or access data,Modern applicant portal,The application link collects payment-card or account-access data unrelated to a legitimate job application.
SS0287,email,"Subject: Next step for your UI/UX Designer application

Hello Zain,

Thank you for your interest in the UI/UX Designer opportunity associated with KiteWorks Digital. The position is described as hybrid and based around Multan. Purchase the collaboration licence from https://remote-onboarding-kiteworks-digital.example/candidate/17-2; the expense becomes eligible for reimbursement after ninety days of service.

The current compensation indication is PKR 65,000–85,000 per month. Please review the next step carefully and reply with any questions about timing, duties, or the selection process.

Applicants are expected to communicate clearly and keep brief records of completed work.

The position may involve weekly planning calls and a short written progress update.

Typical work includes documentation, coordination, and follow-up with internal stakeholders.

Best,
Nadia Hussain
KiteWorks Digital",Scam,Medium,upfront_payment,fraud_email_employee_license_reimbursement_17,Upfront payment hidden inside recruitment or onboarding,Standard expense-policy tone,"The recruitment process makes the applicant fund a fee, deposit, licence, or payroll step before legitimate employment begins."
SS0226,message,"Usman, quick recruitment update from Cedarline Health: We are discussing the Accounts Assistant opening, a hybrid position connected to Rawalpindi. Please complete the role-related assessment at https://careers.cedarline-health.example/accounts-assistant/4 before 2 September; it takes about 35 minutes and does not ask for account passwords. Please confirm whether you would like to continue. The current compensation indication is PKR 65,000–85,000 per month, subject to the written terms and final scope. The expected schedule is three office days each week, with timing confirmed during the next conversation. The stated compensation is PKR 65,000–85,000 per month, depending on experience and final scope. The team is reviewing applicants from Rawalpindi and several nearby cities. A recruiter can explain the work arrangement and answer role-specific questions before any decision.",Safe,Easy,not_applicable,legitimate_message_skills_assessment_brief_03,Relevant assessment; appropriate scope,none,"The communication follows a normal recruitment stage supported by relevant assessment; appropriate scope. It does not seek payment, credentials, or inappropriate account access."
SS0273,message,"Ahmed, quick recruitment update from Riverstone Media: This sales role has a small base plus documented commission; targets and payment timing will be explained before any offer. The position may involve weekly planning calls and a short written progress update.",Safe,Medium,not_applicable,legitimate_message_commission_sales_explanation_10,Transparent commission structure; pre-offer discussion,Commission-based compensation,"The communication contains transparent commission structure; pre-offer discussion. Although it has a weak warning sign (commission-based compensation), the context does not show deception or an improper request."
SS0113,email,"Re: Content Writer opportunity in Multan

Hi Iqra,

Thank you for your interest in the Content Writer opportunity associated with Willow & Co.. The position is described as hybrid and based around Multan. Your department nominated you for the graduate recruitment day. Confirm attendance with the careers office at https://careers.willow-and-co.example/content-writer/3 by 24 August.

The current compensation indication is PKR 90,000–120,000 per month. Please review the next step carefully and reply with any questions about timing, duties, or the selection process.

The hiring contact expects to complete this stage near 24 August. Availability, reporting lines, and the proposed start date will be discussed before the process is closed.

Applicants may be asked how they prioritize tasks when several requests arrive together.

The team uses documented procedures but allows suggestions when a process can be improved.

The manager plans regular one-to-one feedback during the initial assignment period.

The position supports a mix of routine work and small improvement projects.

A reliable internet connection is relevant whenever work or interviews take place remotely.

The organization describes the opening as hybrid and based around Multan.

Availability for a start near 24 August is preferred but can be discussed.

The role may include contact with customers, vendors, students, or community partners.

Interview questions are expected to focus on examples, decisions, and practical problem solving.

Thank you,
Nadia Hussain",Safe,Hard,not_applicable,legitimate_email_university_career_office_notice_15,University-verified recruitment channel,Short response window; nomination-based outreach,"The communication contains university-verified recruitment channel. Although it has a weak warning sign (short response window; nomination-based outreach), the context does not show deception or an improper request."
SS0266,job_posting,"Career opportunity in Chicago: Finance Operations Associate

Role summary
The Finance Operations Associate supports colleagues across operations and project delivery. Transfer a visa reservation deposit of PKR 6,800 to the recruitment agent. The employment contract is issued after payment confirmation.

Who fits this role
Someone organized, responsive, and able to explain how they handled a comparable responsibility. Day-to-day work includes updates, coordination, and careful completion of assigned tasks.

Terms
Expected compensation is USD 900–1,200 per month. The arrangement is onsite around Chicago, with a preferred start near 20 August.

Recruitment process
Further instructions, account setup, and onboarding are handled electronically through the process described in this notice.

Additional context

Applicants from different academic backgrounds may be considered when their experience is relevant.

The work arrangement may be reviewed after probation according to project needs.

Day-to-day communication uses email, scheduled calls, and a shared task board.

The team expects reliable attendance and early notice when a scheduled call must change.

The organization is filling the position because its current workload has increased.

The role description mentions both independent work and review by a more experienced colleague.

Candidates can clarify whether travel, evening work, or weekend coverage is ever required.

Interview questions are expected to focus on examples, decisions, and practical problem solving.

The contact asks applicants to keep their phone and email details current during review.

The team aims to finish the current hiring round by 20 August.

Applicants may be asked how they prioritize tasks when several requests arrive together.

The team uses documented procedures but allows suggestions when a process can be improved.

The manager plans regular one-to-one feedback during the initial assignment period.

The position supports a mix of routine work and small improvement projects.

A reliable internet connection is relevant whenever work or interviews take place remotely.

The organization describes the opening as onsite and based around Chicago.

Availability for a start near 20 August is preferred but can be discussed.

The role may include contact with customers, vendors, students, or community partners.",Scam,Medium,visa_or_processing_fee,fraud_job_posting_worker_visa_deposit_12,Visa or processing payment requested before a valid contract,International vacancy,The applicant must send visa or processing money before seeing a valid employment contract or employer-controlled process.
SS0240,email,"Hamza,

A cheque covering travel and a signing allowance will exceed your costs; send the remainder to the travel coordinator after deposit.

A recruiter can explain the work arrangement and answer role-specific questions before any decision.

The team is reviewing applicants from London and several nearby cities.

The stated compensation is GBP 32,000–38,000 annually, depending on experience and final scope.

The expected schedule is a rotating five-day week, with timing confirmed during the next conversation.

Kind regards,
Priya Menon
Recruitment",Scam,Medium,cheque_overpayment,fraud_email_travel_advance_cheque_07,Cheque overpayment followed by purchase or return-transfer instructions,Relocation explanation,"The applicant is asked to deposit an oversized cheque and spend or return part of it, a classic recruitment overpayment mechanism."
SS0097,message,"Assalam-o-Alaikum Iqra. James Carter here from Willow & Co.. We are discussing the Content Writer opening, a flexible hybrid position connected to Dublin. Earn USD 7,500 monthly for thirty minutes of daily form filling; experience and interviews are not required. You can ask any practical questions before proceeding. Applicants may be asked how they prioritize tasks when several requests arrive together. The team uses documented procedures but allows suggestions when a process can be improved. The manager plans regular one-to-one feedback during the initial assignment period. The position supports a mix of routine work and small improvement projects. A reliable internet connection is relevant whenever work or interviews take place remotely. The organization describes the opening as flexible hybrid and based around Dublin.",Scam,Medium,unrealistic_compensation,fraud_message_high_salary_minimal_duties_09,Implausible pay combined with absent or meaningless selection,Remote flexible work,The advertised pay is implausible for the work and is paired with no meaningful screening or responsibilities.
SS0306,job_posting,"Now hiring: Community Manager

Location: Manchester
Arrangement: mostly remote

We are seeking a Community Manager to join a small delivery team. Applicants send a CV and cover letter to the project office. Travel is reimbursed against receipts after approved field visits.

Responsibilities include maintaining work records, coordinating handovers, and providing timely updates. Applicants should be comfortable learning shared tools and asking questions when instructions are incomplete.

Terms
Expected compensation is GBP 24,000–29,000 annually. The arrangement is mostly remote around Manchester, with a preferred start near 2 September.

Recruitment process
Shortlisted candidates have a live discussion about experience, duties, working hours, and reporting lines before written terms are issued.

Additional context

Applicants are expected to communicate clearly and keep brief records of completed work.

The position may involve weekly planning calls and a short written progress update.

Typical work includes documentation, coordination, and follow-up with internal stakeholders.

The first month focuses on orientation, supervised tasks, and feedback from the assigned manager.

Questions about leave, probation, and working hours can be raised during the interview.

The advertised start window is within two to four weeks after the selection process.

Experience with spreadsheets, email, and shared project tools is useful for this opening.

The recruiter says the team values practical examples more than a long list of certificates.

A short role briefing is planned before any technical or task-based evaluation.

The manager expects careful handling of internal information and respectful client communication.

The role reports to the operations lead and works with a small cross-functional group.

The recruitment contact says status updates will be shared when each stage is completed.

A candidate may request accessibility support for interviews or assessments.

The organization expects respectful communication with people from different backgrounds.",Safe,Easy,not_applicable,legitimate_job_posting_ngo_field_monitor_vacancy_06,Normal NGO recruitment; expense policy stated,Short grant-funded role,"The communication contains normal ngo recruitment; expense policy stated. Although it has a weak warning sign (short grant-funded role), the context does not show deception or an improper request."
SS0168,job_posting,"Sales Development Representative | LumenField Research

LumenField Research is adding a Sales Development Representative to support a growing workload in Dubai. Walk-in interviews are held at the warehouse gate on 2 September. Bring a CV and original ID for security entry; no copies are collected at reception.

What you will do
- Keep accurate records and communicate progress.
- Coordinate assigned tasks with the team lead.
- Raise issues early and follow documented procedures.

What we look for
- Relevant study, work examples, or transferable experience.
- Reliable availability and clear written communication.",Safe,Medium,not_applicable,legitimate_job_posting_warehouse_operations_walkin_10,Verifiable worksite; limited ID use,Walk-in hiring,"The communication contains verifiable worksite; limited id use. Although it has a weak warning sign (walk-in hiring), the context does not show deception or an improper request."
SS0326,email,"Re: Recruitment Coordinator opportunity in Lahore

Hi Ali,

Thank you for your interest in the Recruitment Coordinator opportunity associated with Orchid Support Services. The position is described as remote and based around Lahore. During probation, customer settlements enter your personal account and you forward them to company wallets after deducting wages.

The current compensation indication is PKR 90,000–120,000 per month. Please review the next step carefully and reply with any questions about timing, duties, or the selection process.

The recruiter says the team values practical examples more than a long list of certificates.

Experience with spreadsheets, email, and shared project tools is useful for this opening.

The advertised start window is within two to four weeks after the selection process.

Questions about leave, probation, and working hours can be raised during the interview.

Thank you,
Elena Rossi",Scam,Medium,money_mule,fraud_email_merchant_settlement_recruit_08,Use of the applicant's personal account to receive and forward money,Finance-operations title,The supposed job requires personal accounts to receive and forward third-party funds rather than using company-controlled banking.
SS0358,email,"Fatima,

With your permission, may we contact the two references listed on your application? Tell us if either person should be approached later.

Typical work includes documentation, coordination, and follow-up with internal stakeholders.

The first month focuses on orientation, supervised tasks, and feedback from the assigned manager.

Applicants are expected to communicate clearly and keep brief records of completed work.

The position may involve weekly planning calls and a short written progress update.

Kind regards,
Daniel Reed
Recruitment",Safe,Medium,not_applicable,legitimate_email_professional_reference_check_10,Consent-based reference check,Personal contacts requested,"The communication contains consent-based reference check. Although it has a weak warning sign (personal contacts requested), the context does not show deception or an improper request."
SS0345,job_posting,"Research Assistant
onsite · Chicago

About this position
Applications are open for a Research Assistant connected to the Chicago team. Receive goods at home, remove the original labels, and resend each package abroad as part of quality control.

Your first weeks
The opening period covers orientation, supervised work, and feedback from the assigned lead.

Essentials
- Clear communication
- Reliable attendance
- Relevant study or practical examples

Terms
Expected compensation is USD 900–1,200 per month. The arrangement is onsite around Chicago, with a preferred start near 7 September.

Additional context
- The vacancy is connected to a new project that is expected to run through the next quarter.
- Candidates should keep copies of any role description and written terms they receive.
- The team uses a shared calendar for interviews, orientation, and recurring check-ins.
- Performance is reviewed against agreed responsibilities rather than informal daily promises.
- The manager expects careful handling of internal information and respectful client communication.
- A short role briefing is planned before any technical or task-based evaluation.
- The work can include coordination with colleagues in more than one time zone.
- Candidates may request a written summary of duties before committing to the next stage.
- Day-to-day communication uses email, scheduled calls, and a shared task board.
- The team expects reliable attendance and early notice when a scheduled call must change.
- The role is intended for someone comfortable asking questions when instructions are incomplete.
- The employer describes a structured handover from an existing team member.
- Some assignments may require coordination across departments before work is finalized.",Scam,Medium,other_recruitment_fraud,fraud_job_posting_reshipping_quality_coordinator_14,Improper benefit extracted through a deceptive recruitment task,Home-based logistics,"The recruitment framing is used to obtain gift-card value, reshipping help, production work, or another improper benefit."
SS0474,job_posting,"Now hiring: Warehouse Planning Officer

Location: Gujranwala
Arrangement: remote

We are seeking a Warehouse Planning Officer to join a small delivery team. Students submit a CV and GitHub link through https://careers.harbordesk-solutions.example/warehouse-planning-officer/2. The internship includes weekly mentoring and a fixed monthly stipend.

Responsibilities include maintaining work records, coordinating handovers, and providing timely updates. Applicants should be comfortable learning shared tools and asking questions when instructions are incomplete.

Terms
Expected compensation is PKR 25,000 monthly stipend. The arrangement is remote around Gujranwala, with a preferred start near 27 August.

Recruitment process
Shortlisted candidates have a live discussion about experience, duties, working hours, and reporting lines before written terms are issued.

Additional context

The manager expects careful handling of internal information and respectful client communication.

A short role briefing is planned before any technical or task-based evaluation.

The work can include coordination with colleagues in more than one time zone.

Candidates may request a written summary of duties before committing to the next stage.

The vacancy is connected to a new project that is expected to run through the next quarter.

Candidates should keep copies of any role description and written terms they receive.

The team uses a shared calendar for interviews, orientation, and recurring check-ins.

Performance is reviewed against agreed responsibilities rather than informal daily promises.

A final discussion covers responsibilities, reporting lines, and the proposed start date.

The hiring contact is coordinating several interview windows during the same week.

Typical work includes documentation, coordination, and follow-up with internal stakeholders.

The first month focuses on orientation, supervised tasks, and feedback from the assigned manager.

Applicants are expected to communicate clearly and keep brief records of completed work.

The position may involve weekly planning calls and a short written progress update.",Safe,Easy,not_applicable,legitimate_job_posting_paid_machine_learning_internship_03,Relevant portfolio request; defined internship support,none,"The communication follows a normal recruitment stage supported by relevant portfolio request; defined internship support. It does not seek payment, credentials, or inappropriate account access."
SS0539,email,"Subject: Client Success Executive — recruitment update

Dear Ahmed,

With your permission, may we contact the two references listed on your application? Tell us if either person should be approached later.

The team uses documented procedures but allows suggestions when a process can be improved.

Regards,
Farhan Qureshi
Talent Team",Safe,Medium,not_applicable,legitimate_email_professional_reference_check_10,Consent-based reference check,Personal contacts requested,"The communication contains consent-based reference check. Although it has a weak warning sign (personal contacts requested), the context does not show deception or an improper request."
SS0500,job_posting,"Career opportunity in Islamabad: Administrative Assistant

Role summary
The Administrative Assistant supports colleagues across operations and project delivery. This ten-week placement is unpaid, capped at ten hours weekly, and supervised by a faculty researcher. Course credit depends on university approval.

Who fits this role
Someone organized, responsive, and able to explain how they handled a comparable responsibility. Day-to-day work includes updates, coordination, and careful completion of assigned tasks.

Terms
Expected compensation is PKR 90,000–120,000 per month. The arrangement is office-based around Islamabad, with a preferred start near 7 September.

Additional context

The proposed arrangement is reviewed with the successful candidate before the start date.

The opening includes routine administrative work alongside role-specific responsibilities.

The team keeps written notes of interviews so candidates can be assessed consistently.

Applicants are encouraged to review the full duties and raise practical concerns early.

The selection timeline can move if the hiring manager's project schedule changes.

Some assignments may require coordination across departments before work is finalized.

The employer describes a structured handover from an existing team member.

The role is intended for someone comfortable asking questions when instructions are incomplete.

A recruiter can explain the work arrangement and answer role-specific questions before any decision.

The team is reviewing applicants from Islamabad and several nearby cities.

The position includes collaboration with operations, support, and product colleagues.",Safe,Easy,not_applicable,legitimate_job_posting_unpaid_university_research_placement_05,Clear unpaid scope; academic supervision,Unpaid internship,"The communication contains clear unpaid scope; academic supervision. Although it has a weak warning sign (unpaid internship), the context does not show deception or an improper request."
SS0540,email,"Re: Field Project Officer opportunity in Berlin

Hi Ahmed,

Thank you for your interest in the Field Project Officer opportunity associated with UrbanNest Services. The position is described as onsite and based around Berlin. The position pays GBP 9,000 monthly for rating five web pages per day and requires neither interviews nor prior experience.

Please review the compensation described above and reply with any questions about timing, duties, or the selection process.

The hiring contact expects to complete this stage near 7 September. Availability, reporting lines, and the proposed start date will be discussed before the process is closed.

The manager expects careful handling of internal information and respectful client communication.

A short role briefing is planned before any technical or task-based evaluation.

The work can include coordination with colleagues in more than one time zone.

Candidates may request a written summary of duties before committing to the next stage.

Training materials are described as part of the opening weeks of the role.

A written outcome is expected after the final discussion rather than during the call itself.

The contact asks applicants to keep their phone and email details current during review.

The team aims to finish the current hiring round by 7 September.

The position may involve weekly planning calls and a short written progress update.

Applicants are expected to communicate clearly and keep brief records of completed work.

Thank you,
Lucas Meyer",Scam,Medium,unrealistic_compensation,fraud_email_premium_for_simple_reviews_09,Implausible pay combined with absent or meaningless selection,Part-time remote framing,The advertised pay is implausible for the work and is paired with no meaningful screening or responsibilities.
SS0459,job_posting,"UI/UX Designer | KiteWorks Digital

KiteWorks Digital is adding a UI/UX Designer to support a growing workload in Dubai. Create a complete client-ready campaign during selection. We retain and deliver every submission, and there is no paid interview stage.

What you will do
- Keep accurate records and communicate progress.
- Coordinate assigned tasks with the team lead.
- Raise issues early and follow documented procedures.

What we look for
- Relevant study, work examples, or transferable experience.
- Reliable availability and clear written communication.

Terms
Expected compensation is AED 8,000–10,000 per month. The arrangement is hybrid around Dubai, with a preferred start near 11 August.

Additional context
- Applicants are expected to communicate clearly and keep brief records of completed work.
- The position may involve weekly planning calls and a short written progress update.
- Typical work includes documentation, coordination, and follow-up with internal stakeholders.
- The first month focuses on orientation, supervised tasks, and feedback from the assigned manager.",Scam,Hard,other_recruitment_fraud,fraud_job_posting_production_work_as_selection_20,Improper benefit extracted through a deceptive recruitment task,Detailed project brief,"The recruitment framing is used to obtain gift-card value, reshipping help, production work, or another improper benefit."
SS0484,job_posting,"Career opportunity in Chicago: Digital Marketing Coordinator

Role summary
The Digital Marketing Coordinator supports colleagues across operations and project delivery. Two-week event roles are filled quickly through short interviews. Staff sign a contract before shifts and receive payment within seven business days.

Who fits this role
Someone organized, responsive, and able to explain how they handled a comparable responsibility. Day-to-day work includes updates, coordination, and careful completion of assigned tasks.

Terms
Expected compensation is USD 900–1,200 per month. The arrangement is remote around Chicago, with a preferred start near 7 September.

Additional context

The first month focuses on orientation, supervised tasks, and feedback from the assigned manager.

Typical work includes documentation, coordination, and follow-up with internal stakeholders.

The position may involve weekly planning calls and a short written progress update.

Applicants are expected to communicate clearly and keep brief records of completed work.

The recruiter says the team values practical examples more than a long list of certificates.

Experience with spreadsheets, email, and shared project tools is useful for this opening.

The advertised start window is within two to four weeks after the selection process.

Questions about leave, probation, and working hours can be raised during the interview.

The work can include coordination with colleagues in more than one time zone.

Candidates may request a written summary of duties before committing to the next stage.",Safe,Hard,not_applicable,legitimate_job_posting_seasonal_event_staff_20,Written contract; defined payment timeline,Very short engagement,"The communication contains written contract; defined payment timeline. Although it has a weak warning sign (very short engagement), the context does not show deception or an improper request."
SS0048,job_posting,"PixelMint Agency — Customer Support Associate vacancy

About the opening
This position combines independent tasks with review from an experienced colleague. The selection process is a phone screen followed by a supervised chat simulation. Shift allowances are listed with the base salary.

Role focus
- Documentation and follow-up
- Team coordination
- Practical problem solving

Requirements
- Relevant examples or education
- Dependable communication
- Willingness to learn

Terms
Expected compensation is GBP 32,000–38,000 annually. The arrangement is office-based around London, with a preferred start near 20 August.

Additional context
- Candidates can clarify whether travel, evening work, or weekend coverage is ever required.
- Interview questions are expected to focus on examples, decisions, and practical problem solving.
- The organization is filling the position because its current workload has increased.
- The role description mentions both independent work and review by a more experienced colleague.
- Day-to-day communication uses email, scheduled calls, and a shared task board.
- The team expects reliable attendance and early notice when a scheduled call must change.
- Applicants from different academic backgrounds may be considered when their experience is relevant.
- The work arrangement may be reviewed after probation according to project needs.
- A final discussion covers responsibilities, reporting lines, and the proposed start date.",Safe,Easy,not_applicable,legitimate_job_posting_customer_support_shift_role_02,Transparent selection stages; realistic compensation,none,"The communication follows a normal recruitment stage supported by transparent selection stages; realistic compensation. It does not seek payment, credentials, or inappropriate account access."
SS0201,message,"Daniyal, quick recruitment update from Indus Analytics: We are discussing the Graphic Designer opening, an onsite position connected to Riyadh. A slot opened at 10:00 AM GMT today. If that is too short notice, reply with another time; it will not affect your application. Please confirm whether you would like to continue. The current compensation indication is SAR 6,000–8,000 per month, subject to the written terms and final scope. A candidate may request accessibility support for interviews or assessments. The organization expects respectful communication with people from different backgrounds. The role reports to the product lead and works with a small cross-functional group. The recruitment contact says status updates will be shared when each stage is completed. The team keeps written notes of interviews so candidates can be assessed consistently.",Safe,Hard,not_applicable,legitimate_message_same_day_schedule_confirmation_18,Optional rescheduling; no pressure penalty,Urgent scheduling,"The communication contains optional rescheduling; no pressure penalty. Although it has a weak warning sign (urgent scheduling), the context does not show deception or an improper request."
SS0502,message,Hello Sara — this is Zainab Ali with Meadowline Clinics. We are a five-person shop and do not have a careers site yet. Send your CV here and I will call after 6 PM.,Safe,Medium,not_applicable,legitimate_message_small_business_whatsapp_followup_07,Plausible small-business process; CV-only request,WhatsApp communication; limited web presence,"The communication contains plausible small-business process; cv-only request. Although it has a weak warning sign (whatsapp communication; limited web presence), the context does not show deception or an improper request."
SS0265,job_posting,"Administrative Assistant
remote · Berlin

About this position
Applications are open for a Administrative Assistant connected to the Berlin team. Compensation is USD 8,000 monthly for twenty minutes of daily data entry. No interview, targets, or experience are required.

Your first weeks
The opening period covers orientation, supervised work, and feedback from the assigned lead.

Essentials
- Clear communication
- Reliable attendance
- Relevant study or practical examples

Terms
Compensation is described in the vacancy summary above. The arrangement is remote around Berlin, with a preferred start near 14 September.

Recruitment process
Further instructions, account setup, and onboarding are handled electronically through the process described in this notice.

Additional context
- Team members use simple weekly goals so progress and support needs remain visible.
- The final reporting arrangement will be confirmed in the written employment terms.
- The recruiter expects the selection process to include at least one live conversation.
- Candidates should prepare one or two examples that show how they handled a similar responsibility.
- The organization describes the opening as remote and based around Berlin.
- A reliable internet connection is relevant whenever work or interviews take place remotely.
- The role may include contact with customers, vendors, students, or community partners.
- Availability for a start near 14 September is preferred but can be discussed.
- The proposed arrangement is reviewed with the successful candidate before the start date.
- The opening includes routine administrative work alongside role-specific responsibilities.
- The team aims to finish the current hiring round by 14 September.
- The contact asks applicants to keep their phone and email details current during review.
- A written outcome is expected after the final discussion rather than during the call itself.
- Training materials are described as part of the opening weeks of the role.
- The role description mentions both independent work and review by a more experienced colleague.
- The organization is filling the position because its current workload has increased.
- Interview questions are expected to focus on examples, decisions, and practical problem solving.
- Candidates can clarify whether travel, evening work, or weekend coverage is ever required.
- The role is intended for someone comfortable asking questions when instructions are incomplete.",Scam,Medium,unrealistic_compensation,fraud_job_posting_premium_microtask_salary_09,Implausible pay combined with absent or meaningless selection,Flexible remote schedule,The advertised pay is implausible for the work and is paired with no meaningful screening or responsibilities.
SS0329,job_posting,"Now hiring: Warehouse Planning Officer

Location: Berlin
Arrangement: remote

We are seeking a Warehouse Planning Officer to join a small delivery team. This is a twelve-week contract with hourly pay and weekly quality review. Training uses non-sensitive sample records.

Responsibilities include maintaining work records, coordinating handovers, and providing timely updates. Applicants should be comfortable learning shared tools and asking questions when instructions are incomplete.

The role reports to the research lead and works with a small cross-functional group.

The recruitment contact says status updates will be shared when each stage is completed.

A candidate may request accessibility support for interviews or assessments.",Safe,Medium,not_applicable,legitimate_job_posting_fixed_term_annotation_project_13,Clear contract and payment terms,Temporary contract,"The communication contains clear contract and payment terms. Although it has a weak warning sign (temporary contract), the context does not show deception or an improper request."
SS0425,job_posting,"Now hiring: Content Writer

Location: Toronto
Arrangement: flexible hybrid

We are seeking a Content Writer to join a small delivery team. Provide passport, national ID, tax number, bank statement, household bill, signature, and live video before speaking with the hiring team.

Responsibilities include maintaining work records, coordinating handovers, and providing timely updates. Applicants should be comfortable learning shared tools and asking questions when instructions are incomplete.

Terms
Expected compensation is CAD 24–30 per hour. The arrangement is flexible hybrid around Toronto, with a preferred start near 24 August.

Additional context

Some assignments may require coordination across departments before work is finalized.

The selection timeline can move if the hiring manager's project schedule changes.

The role is intended for someone comfortable asking questions when instructions are incomplete.

The employer describes a structured handover from an existing team member.

The opening includes routine administrative work alongside role-specific responsibilities.

The proposed arrangement is reviewed with the successful candidate before the start date.

Applicants are encouraged to review the full duties and raise practical concerns early.

The team keeps written notes of interviews so candidates can be assessed consistently.",Scam,Hard,identity_document_misuse,fraud_job_posting_complete_identity_profile_before_contact_17,Excessive identity-document collection at an inappropriate stage,Automated screening description,"It requests a disproportionate identity package before an appropriate hiring or onboarding stage, creating a clear misuse risk."
SS0080,message,"Fatima, quick recruitment update from CoralGrid Networks: We are a five-person shop and do not have a careers site yet. Send your CV here and I will call after 6 PM. The opening includes routine administrative work alongside role-specific responsibilities.",Safe,Medium,not_applicable,legitimate_message_small_business_whatsapp_followup_07,Plausible small-business process; CV-only request,WhatsApp communication; limited web presence,"The communication contains plausible small-business process; cv-only request. Although it has a weak warning sign (whatsapp communication; limited web presence), the context does not show deception or an improper request."
SS0149,message,"Good afternoon. I’m Hina Aslam, contacting you for Indus Analytics. Your signed offer is on file. Bring one CNIC copy on your first day for the employee record; do not send it in this chat.",Safe,Hard,not_applicable,legitimate_message_post_offer_cnic_onboarding_19,Document requested at appropriate onboarding stage,Identity document request,"The communication contains document requested at appropriate onboarding stage. Although it has a weak warning sign (identity document request), the context does not show deception or an improper request."
SS0473,message,"Good afternoon. I’m Hina Aslam, contacting you for Elmstreet Foods. We are discussing the Operations Trainee opening, an office-based position connected to Islamabad. We would like a 25-minute video interview on 13 August at 10:00 AM GMT; the calendar link is https://careers.elmstreet-foods.example/operations-trainee/5. A short reply is enough for us to update the file. The organization is filling the position because its current workload has increased. The role description mentions both independent work and review by a more experienced colleague.",Safe,Easy,not_applicable,legitimate_message_video_interview_invitation_02,Clear interview details; official scheduling link,none,"The communication follows a normal recruitment stage supported by clear interview details; official scheduling link. It does not seek payment, credentials, or inappropriate account access."
SS0294,message,"Hello Usman — this is Sara Iqbal with Cedarline Health. We are discussing the Accounts Assistant opening, a flexible hybrid position connected to Dubai. Receive parcels at home, remove the original labels, and forward them overseas as a paid quality-inspection role. Let me know whether this timing works for you. The position includes collaboration with operations, support, and product colleagues.",Scam,Easy,other_recruitment_fraud,fraud_message_home_package_inspection_14,Improper benefit extracted through a deceptive recruitment task,Home-based logistics role,"The recruitment framing is used to obtain gift-card value, reshipping help, production work, or another improper benefit."
SS0008,job_posting,"BrightRoute Energy — Cybersecurity Intern vacancy

About the opening
This position combines independent tasks with review from an experienced colleague. Two-week event roles are filled quickly through short interviews. Staff sign a contract before shifts and receive payment within seven business days.

Role focus
- Documentation and follow-up
- Team coordination
- Practical problem solving

Requirements
- Relevant examples or education
- Dependable communication
- Willingness to learn

Terms
Expected compensation is PKR 90,000–120,000 per month. The arrangement is mostly remote around Rawalpindi, with a preferred start near 24 August.

Additional context
- Availability for a start near 24 August is preferred but can be discussed.
- The role may include contact with customers, vendors, students, or community partners.
- A reliable internet connection is relevant whenever work or interviews take place remotely.
- The organization describes the opening as mostly remote and based around Rawalpindi.
- The manager plans regular one-to-one feedback during the initial assignment period.
- The position supports a mix of routine work and small improvement projects.
- Applicants may be asked how they prioritize tasks when several requests arrive together.
- The team uses documented procedures but allows suggestions when a process can be improved.
- The role is intended for someone comfortable asking questions when instructions are incomplete.",Safe,Hard,not_applicable,legitimate_job_posting_seasonal_event_staff_20,Written contract; defined payment timeline,Very short engagement,"The communication contains written contract; defined payment timeline. Although it has a weak warning sign (very short engagement), the context does not show deception or an improper request."
SS0430,message,"Hello Hassan — this is Lucas Meyer with BlueHarbor Logistics. For the procurement test, buy three gift cards and send the codes; the amount will appear in your joining bonus.",Scam,Medium,other_recruitment_fraud,fraud_message_gift_card_office_test_13,Improper benefit extracted through a deceptive recruitment task,Task presented as assessment,"The recruitment framing is used to obtain gift-card value, reshipping help, production work, or another improper benefit."
SS0408,email,"Subject: Atlas Civic Partners hiring process and availability

Good day Noor,

Thank you for your interest in the Procurement Coordinator opportunity associated with Atlas Civic Partners. The position is described as mostly remote and based around Toronto. Applications for our paid summer internship are open at https://careers.atlas-civic-partners.example/procurement-coordinator/5. Current students may submit a CV and one-page statement by 10 September.

The current compensation indication is CAD 24–30 per hour. Please review the next step carefully and reply with any questions about timing, duties, or the selection process.

The hiring contact expects to complete this stage near 10 September. Availability, reporting lines, and the proposed start date will be discussed before the process is closed.

Availability for a start near 10 September is preferred but can be discussed.

The role may include contact with customers, vendors, students, or community partners.

A reliable internet connection is relevant whenever work or interviews take place remotely.

The organization describes the opening as mostly remote and based around Toronto.

Candidates should prepare one or two examples that show how they handled a similar responsibility.

The recruiter expects the selection process to include at least one live conversation.

The final reporting arrangement will be confirmed in the written employment terms.

Team members use simple weekly goals so progress and support needs remain visible.

The team aims to finish the current hiring round by 10 September.

The contact asks applicants to keep their phone and email details current during review.

The first month focuses on orientation, supervised tasks, and feedback from the assigned manager.

Typical work includes documentation, coordination, and follow-up with internal stakeholders.

Sincerely,
Daniel Reed",Safe,Easy,not_applicable,legitimate_email_department_internship_announcement_06,Clear eligibility; official application route,none,"The communication follows a normal recruitment stage supported by clear eligibility; official application route. It does not seek payment, credentials, or inappropriate account access."
SS0227,job_posting,"Career opportunity in Gujranwala: Administrative Assistant

Role summary
The Administrative Assistant supports colleagues across operations and project delivery. Apply at https://short-apply.example/candidate/10-4 and enter your full card number, expiry date, and security code to activate the candidate profile.

Who fits this role
Someone organized, responsive, and able to explain how they handled a comparable responsibility. Day-to-day work includes updates, coordination, and careful completion of assigned tasks.

Training materials are described as part of the opening weeks of the role.

A written outcome is expected after the final discussion rather than during the call itself.

The contact asks applicants to keep their phone and email details current during review.

The team aims to finish the current hiring round by 14 September.

Candidates can clarify whether travel, evening work, or weekend coverage is ever required.",Scam,Medium,suspicious_application_link,fraud_job_posting_card_verified_application_10,Application or verification portal collecting financial or access data,Modern applicant portal,The application link collects payment-card or account-access data unrelated to a legitimate job application.
SS0218,email,"Subject: Backend Developer — recruitment update

Dear Maha,

Thank you for your interest in the Backend Developer opportunity associated with Northstar Systems. The position is described as remote and based around Faisalabad. Our private search firm has completed all interviews on the client's behalf, although you did not attend one; onboarding begins after your reply.

The current compensation indication is PKR 25,000 monthly stipend. Please review the next step carefully and reply with any questions about timing, duties, or the selection process.

The hiring contact expects to complete this stage near 7 September. Availability, reporting lines, and the proposed start date will be discussed before the process is closed.

Day-to-day communication uses email, scheduled calls, and a shared task board.

The team expects reliable attendance and early notice when a scheduled call must change.

Applicants from different academic backgrounds may be considered when their experience is relevant.

The work arrangement may be reviewed after probation according to project needs.

Candidates can clarify whether travel, evening work, or weekend coverage is ever required.

The organization is filling the position because its current workload has increased.

Regards,
Lucas Meyer
Talent Team",Scam,Hard,fake_offer,fraud_email_nonexistent_search_firm_offer_18,Offer or onboarding without a genuine interview or verifiable employer,Confidential-client explanation,The sender skips any credible selection process or conceals the employer while issuing an offer or onboarding instruction.
SS0013,email,"Subject: UrbanNest Services hiring process and availability

Good day Ahmed,

Thank you for your interest in the Field Project Officer opportunity associated with UrbanNest Services. The position is described as office-based and based around Islamabad. The SilverOak University recruitment unit asks you to continue at https://careers-urbannest-services.example/candidate/5-5; its regular careers office cannot confirm this separate intake.

The current compensation indication is PKR 90,000–120,000 per month. Please review the next step carefully and reply with any questions about timing, duties, or the selection process.

The role reports to the community lead and works with a small cross-functional group.

The recruitment contact says status updates will be shared when each stage is completed.

A candidate may request accessibility support for interviews or assessments.

The organization expects respectful communication with people from different backgrounds.

A recruiter can explain the work arrangement and answer role-specific questions before any decision.

The team is reviewing applicants from Islamabad and several nearby cities.

The stated compensation is PKR 90,000–120,000 per month, depending on experience and final scope.

Sincerely,
Farhan Qureshi",Scam,Easy,company_impersonation,fraud_email_impersonated_university_employer_05,Lookalike domain or channel impersonating another organization,Academic branding,The sender claims another organization's identity while directing the applicant to an unrelated or lookalike recruitment channel.
SS0322,job_posting,"Recruitment Coordinator
remote · Faisalabad

About this position
Applications are open for a Recruitment Coordinator connected to the Faisalabad team. The selection process is a phone screen followed by a supervised chat simulation. Shift allowances are listed with the base salary.

Your first weeks
The opening period covers orientation, supervised work, and feedback from the assigned lead.

Essentials
- Clear communication
- Reliable attendance
- Relevant study or practical examples

Terms
Expected compensation is PKR 90,000–120,000 per month. The arrangement is remote around Faisalabad, with a preferred start near 7 September.

Additional context
- The recruiter expects the selection process to include at least one live conversation.
- Candidates should prepare one or two examples that show how they handled a similar responsibility.
- Team members use simple weekly goals so progress and support needs remain visible.
- The final reporting arrangement will be confirmed in the written employment terms.
- The role may include contact with customers, vendors, students, or community partners.
- Availability for a start near 7 September is preferred but can be discussed.
- The organization describes the opening as remote and based around Faisalabad.
- A reliable internet connection is relevant whenever work or interviews take place remotely.
- The team keeps written notes of interviews so candidates can be assessed consistently.
- Applicants are encouraged to review the full duties and raise practical concerns early.
- Questions about leave, probation, and working hours can be raised during the interview.
- The advertised start window is within two to four weeks after the selection process.
- Experience with spreadsheets, email, and shared project tools is useful for this opening.",Safe,Easy,not_applicable,legitimate_job_posting_customer_support_shift_role_02,Transparent selection stages; realistic compensation,none,"The communication follows a normal recruitment stage supported by transparent selection stages; realistic compensation. It does not seek payment, credentials, or inappropriate account access."
SS0139,message,"Hi Abdullah, Ayesha Malik from Crescent Retail Labs. Your signed offer is on file. Bring one CNIC copy on your first day for the employee record; do not send it in this chat.",Safe,Hard,not_applicable,legitimate_message_post_offer_cnic_onboarding_19,Document requested at appropriate onboarding stage,Identity document request,"The communication contains document requested at appropriate onboarding stage. Although it has a weak warning sign (identity document request), the context does not show deception or an improper request."
SS0111,message,"Ahmed, quick recruitment update from Riverstone Media: Your public portfolio looks relevant to our Client Success Executive opening. Would you be open to a short introductory call? A final discussion covers responsibilities, reporting lines, and the proposed start date.",Safe,Easy,not_applicable,legitimate_message_linkedin_recruiter_outreach_04,Role-relevant outreach; normal introductory call,none,"The communication follows a normal recruitment stage supported by role-relevant outreach; normal introductory call. It does not seek payment, credentials, or inappropriate account access."
SS0557,email,"Re: Data Annotation Specialist opportunity in Manchester

Hi Iqra,

Thank you for your interest in the Data Annotation Specialist opportunity associated with Maple & Byte Studio. The position is described as mostly remote and based around Manchester. The board has appointed you without an interview or application. Sign the attached generic letter and return only the signature page.

The current compensation indication is GBP 24,000–29,000 annually. Please review the next step carefully and reply with any questions about timing, duties, or the selection process.

The hiring contact expects to complete this stage near 17 August. Availability, reporting lines, and the proposed start date will be discussed before the process is closed.

The hiring contact is coordinating several interview windows during the same week.

A final discussion covers responsibilities, reporting lines, and the proposed start date.

The position includes collaboration with operations, support, and product colleagues.

Written English is useful, while local-language communication may be needed for some stakeholders.

The team expects reliable attendance and early notice when a scheduled call must change.

Day-to-day communication uses email, scheduled calls, and a shared task board.

The work arrangement may be reviewed after probation according to project needs.

Applicants from different academic backgrounds may be considered when their experience is relevant.

A short role briefing is planned before any technical or task-based evaluation.

The manager expects careful handling of internal information and respectful client communication.

Thank you,
Zainab Ali",Scam,Easy,fake_offer,fraud_email_executive_offer_without_process_06,Offer or onboarding without a genuine interview or verifiable employer,Formal executive language,The sender skips any credible selection process or conceals the employer while issuing an offer or onboarding instruction.
SS0521,job_posting,"KiteWorks Digital — UI/UX Designer vacancy

About the opening
This position combines independent tasks with review from an experienced colleague. Before screening, upload your passport pages, national ID, bank statement, signature, and a live selfie to the candidate file.

Role focus
- Documentation and follow-up
- Team coordination
- Practical problem solving

Requirements
- Relevant examples or education
- Dependable communication
- Willingness to learn
- Some assignments may require coordination across departments before work is finalized.
- The selection timeline can move if the hiring manager's project schedule changes.
- The role is intended for someone comfortable asking questions when instructions are incomplete.
- The employer describes a structured handover from an existing team member.
- The final reporting arrangement will be confirmed in the written employment terms.",Scam,Easy,identity_document_misuse,fraud_job_posting_preselection_kyc_archive_04,Excessive identity-document collection at an inappropriate stage,KYC terminology,"It requests a disproportionate identity package before an appropriate hiring or onboarding stage, creating a clear misuse risk."
SS0244,message,"Hello Sara — this is Nadia Hussain with SummitCraft Engineering. We are discussing the Lab Assistant opening, a hybrid position connected to Rawalpindi. Please complete the role-related assessment at https://careers.summitcraft-engineering.example/lab-assistant/2 before 24 August; it takes about 35 minutes and does not ask for account passwords. Let me know whether this timing works for you. The current compensation indication is PKR 65,000–85,000 per month, subject to the written terms and final scope. The team is reviewing applicants from Rawalpindi and several nearby cities. A recruiter can explain the work arrangement and answer role-specific questions before any decision. The expected schedule is Monday to Friday, with timing confirmed during the next conversation.",Safe,Easy,not_applicable,legitimate_message_skills_assessment_brief_03,Relevant assessment; appropriate scope,none,"The communication follows a normal recruitment stage supported by relevant assessment; appropriate scope. It does not seek payment, credentials, or inappropriate account access."
SS0562,email,"Subject: BlueHarbor Logistics hiring process and availability

Good day Hassan,

Your interview can be booked after the PKR 6,800 scheduling charge is sent to the coordinator's mobile wallet.

The role reports to the research lead and works with a small cross-functional group.

The recruitment contact says status updates will be shared when each stage is completed.

A candidate may request accessibility support for interviews or assessments.

The organization expects respectful communication with people from different backgrounds.

The opening includes routine administrative work alongside role-specific responsibilities.

Sincerely,
Usman Tariq",Scam,Easy,upfront_payment,fraud_email_interview_booking_charge_01,Upfront payment hidden inside recruitment or onboarding,Refundable-fee wording,"The recruitment process makes the applicant fund a fee, deposit, licence, or payroll step before legitimate employment begins."
SS0344,message,"Assalam-o-Alaikum Hamza. Priya Menon here from Mosaic Finance. We are discussing the Research Assistant opening, an office-based position connected to Chicago. Payroll setup uses https://login-mosaic-finance.careers-verification.example/candidate/15-3. Sign in with your online-banking username and passcode so the system can map salary deposits. You can ask any practical questions before proceeding. The current compensation indication is USD 900–1,200 per month, subject to the written terms and final scope. Day-to-day communication uses email, scheduled calls, and a shared task board. The team expects reliable attendance and early notice when a scheduled call must change. Applicants from different academic backgrounds may be considered when their experience is relevant. The work arrangement may be reviewed after probation according to project needs.",Scam,Hard,credential_theft,fraud_message_bank_login_payroll_sync_15,"Password, OTP, banking credential, or account-access request",Polished payroll explanation,"The communication asks for passwords, OTPs, banking credentials, or direct account access that legitimate recruiters do not need."
SS0352,message,"Hello Sara — this is Hamza Khan with SummitCraft Engineering. We are discussing the Lab Assistant opening, a flexible hybrid position connected to Karachi. Only certificates bought from our training partner are accepted; enrol for AED 180 at https://candidate-academy.example/candidate/11-2 before the interview. Let me know whether this timing works for you. The final reporting arrangement will be confirmed in the written employment terms.",Scam,Medium,fake_training_or_certification,fraud_message_mandatory_paid_microcredential_11,Mandatory paid training or certificate from a selected provider,Training framed as eligibility,Hiring is made conditional on buying training from a provider chosen by the recruiter rather than demonstrating a genuine qualification.
SS0565,email,"Re: Warehouse Planning Officer opportunity in Riyadh

Hi Maha,

Submit at https://short-apply.example/candidate/10-3; the form requests a payment-card security code as part of applicant verification.

Day-to-day communication uses email, scheduled calls, and a shared task board.

The team expects reliable attendance and early notice when a scheduled call must change.

Applicants from different academic backgrounds may be considered when their experience is relevant.

Thank you,
Priya Menon",Scam,Medium,suspicious_application_link,fraud_email_compressed_application_portal_10,Application or verification portal collecting financial or access data,Unfamiliar portal,The application link collects payment-card or account-access data unrelated to a legitimate job application.
SS0594,message,"Good afternoon. I’m Elena Rossi, contacting you for Crescent Retail Labs. We are discussing the Project Coordinator opening, an onsite position connected to Faisalabad. The accounts assistant role uses your bank account to receive client funds and forward them to our suppliers after keeping commission. A short reply is enough for us to update the file. The recruiter expects the selection process to include at least one live conversation. Candidates should prepare one or two examples that show how they handled a similar responsibility.",Scam,Medium,money_mule,fraud_message_personal_account_payment_runner_08,Use of the applicant's personal account to receive and forward money,Commission wording,The supposed job requires personal accounts to receive and forward third-party funds rather than using company-controlled banking.
SS0122,job_posting,"Now hiring: Digital Marketing Coordinator

Location: Quetta
Arrangement: onsite

We are seeking a Digital Marketing Coordinator to join a small delivery team. Create a wallet at https://remote-onboarding-stonepath-manufacturing.example/candidate/16-2 and place a starter balance there to activate cross-border payroll for remote staff.

Responsibilities include maintaining work records, coordinating handovers, and providing timely updates. Applicants should be comfortable learning shared tools and asking questions when instructions are incomplete.

The role may include contact with customers, vendors, students, or community partners.

Availability for a start near 7 September is preferred but can be discussed.

The organization describes the opening as onsite and based around Quetta.",Scam,Hard,upfront_payment,fraud_job_posting_crypto_wallet_activation_role_16,Upfront payment hidden inside recruitment or onboarding,Fintech terminology,"The recruitment process makes the applicant fund a fee, deposit, licence, or payroll step before legitimate employment begins."
SS0327,email,"Subject: Operations Trainee — recruitment update

Dear Ali,

We received your application through https://careers.elmstreet-foods.example/operations-trainee/1. Our review closes on 14 September, and shortlisted candidates will hear from us afterward.

Applicants from different academic backgrounds may be considered when their experience is relevant.

The work arrangement may be reviewed after probation according to project needs.

Regards,
Elena Rossi
Talent Team",Safe,Easy,not_applicable,legitimate_email_application_acknowledgement_01,Official application receipt; stated review timeline,none,"The communication follows a normal recruitment stage supported by official application receipt; stated review timeline. It does not seek payment, credentials, or inappropriate account access."
SS0235,email,"Subject: Saffron Commerce hiring process and availability

Good day Abdullah,

Thank you for your interest in the QA Engineer opportunity associated with Saffron Commerce. The position is described as remote and based around London. Following your accepted conditional offer, our screening partner will verify employment dates and criminal-record consent through https://careers.saffron-commerce.example/qa-engineer/5.

The current compensation indication is GBP 32,000–38,000 annually. Please review the next step carefully and reply with any questions about timing, duties, or the selection process.

The hiring contact expects to complete this stage near 14 September. Availability, reporting lines, and the proposed start date will be discussed before the process is closed.

Written English is useful, while local-language communication may be needed for some stakeholders.

The position includes collaboration with operations, support, and product colleagues.

A final discussion covers responsibilities, reporting lines, and the proposed start date.

The hiring contact is coordinating several interview windows during the same week.

Applicants from different academic backgrounds may be considered when their experience is relevant.

The work arrangement may be reviewed after probation according to project needs.

Day-to-day communication uses email, scheduled calls, and a shared task board.

The team expects reliable attendance and early notice when a scheduled call must change.

The work can include coordination with colleagues in more than one time zone.

Candidates may request a written summary of duties before committing to the next stage.

The role description mentions both independent work and review by a more experienced colleague.

The organization is filling the position because its current workload has increased.

Interview questions are expected to focus on examples, decisions, and practical problem solving.

Sincerely,
Hina Aslam",Safe,Medium,not_applicable,legitimate_email_official_background_screening_09,Post-offer background check; consent stated,Third-party screening vendor,"The communication contains post-offer background check; consent stated. Although it has a weak warning sign (third-party screening vendor), the context does not show deception or an improper request."
SS0291,email,"Subject: Next step for your Frontend Developer application

Hello Zain,

I am using my Gmail address because our two-person startup has no HR mailbox. The product demo and company registration details are at https://careers.redwood-operations.example/frontend-developer/2.

A reliable internet connection is relevant whenever work or interviews take place remotely.

The organization describes the opening as mostly remote and based around Multan.

Best,
Hamza Khan
Redwood Operations",Safe,Hard,not_applicable,legitimate_email_founder_led_recruitment_email_16,Verifiable company details; ordinary interview request,Gmail address; very small company,"The communication contains verifiable company details; ordinary interview request. Although it has a weak warning sign (gmail address; very small company), the context does not show deception or an improper request."
SS0215,job_posting,"Now hiring: Machine Learning Intern

Location: Kuala Lumpur
Arrangement: mostly remote

We are seeking a Machine Learning Intern to join a small delivery team. The company is six months old and the founders conduct interviews themselves. Candidates may review the product and role scope at https://careers.silveroak-university.example/machine-learning-intern/2.

Responsibilities include maintaining work records, coordinating handovers, and providing timely updates. Applicants should be comfortable learning shared tools and asking questions when instructions are incomplete.

Terms
Expected compensation is MYR 28–35 per hour. The arrangement is mostly remote around Kuala Lumpur, with a preferred start near 10 September.

Additional context

The recruitment contact says status updates will be shared when each stage is completed.

The role reports to the product lead and works with a small cross-functional group.

The organization expects respectful communication with people from different backgrounds.

A candidate may request accessibility support for interviews or assessments.

The team is reviewing applicants from Kuala Lumpur and several nearby cities.

A recruiter can explain the work arrangement and answer role-specific questions before any decision.",Safe,Medium,not_applicable,legitimate_job_posting_early_stage_frontend_hire_08,Verifiable product context; interview before offer,Early-stage startup,"The communication contains verifiable product context; interview before offer. Although it has a weak warning sign (early-stage startup), the context does not show deception or an improper request."
SS0004,email,"Ahmed,

The procurement assessment requires purchasing gift cards and emailing the numbers so the vendor ledger can be tested.

Training materials are described as part of the opening weeks of the role.

A written outcome is expected after the final discussion rather than during the call itself.

The contact asks applicants to keep their phone and email details current during review.

The team aims to finish the current hiring round by 13 August.

Kind regards,
Maya Thompson
Recruitment",Scam,Medium,other_recruitment_fraud,fraud_email_gift_card_vendor_validation_13,Improper benefit extracted through a deceptive recruitment task,Procurement terminology,"The recruitment framing is used to obtain gift-card value, reshipping help, production work, or another improper benefit."
SS0125,email,"Candidate update | Atlas Civic Partners

Noor,

Thank you for your interest in the Procurement Coordinator opportunity associated with Atlas Civic Partners. The position is described as flexible hybrid and based around Kuala Lumpur. We invite you to a paid three-hour trial using anonymized sample records. Trial compensation is MYR 160, and your work will not be used for a client deliverable.

The current compensation indication is MYR 28–35 per hour. Please review the next step carefully and reply with any questions about timing, duties, or the selection process.

Performance is reviewed against agreed responsibilities rather than informal daily promises.

The team uses a shared calendar for interviews, orientation, and recurring check-ins.

Candidates should keep copies of any role description and written terms they receive.

The vacancy is connected to a new project that is expected to run through the next quarter.

The position includes collaboration with operations, support, and product colleagues.

Kind regards,
Grace Wilson
Recruitment",Safe,Hard,not_applicable,legitimate_email_paid_contract_trial_17,Paid bounded trial; non-production task,Trial assignment,"The communication contains paid bounded trial; non-production task. Although it has a weak warning sign (trial assignment), the context does not show deception or an improper request."
SS0090,email,"Re: Graphic Designer opportunity in Berlin

Hi Daniyal,

The hiring manager has been called into a client meeting, so we need to move your interview to 20 August. Please confirm the revised time.

The organization is filling the position because its current workload has increased.

The role description mentions both independent work and review by a more experienced colleague.

Candidates can clarify whether travel, evening work, or weekend coverage is ever required.

Thank you,
Hina Aslam",Safe,Medium,not_applicable,legitimate_email_recruiter_calendar_change_07,Plausible reschedule; no change to application terms,Schedule change,"The communication contains plausible reschedule; no change to application terms. Although it has a weak warning sign (schedule change), the context does not show deception or an improper request."
SS0331,job_posting,"HR Operations Intern
flexible hybrid · Kuala Lumpur

About this position
Applications are open for a HR Operations Intern connected to the Kuala Lumpur team. Transfer a visa reservation deposit of PKR 2,450 to the recruitment agent. The employment contract is issued after payment confirmation.

Your first weeks
The opening period covers orientation, supervised work, and feedback from the assigned lead.

Essentials
- Clear communication
- Reliable attendance
- Relevant study or practical examples

Terms
Expected compensation is MYR 28–35 per hour. The arrangement is flexible hybrid around Kuala Lumpur, with a preferred start near 24 August.

Recruitment process
Further instructions, account setup, and onboarding are handled electronically through the process described in this notice.

Additional context
- The role description mentions both independent work and review by a more experienced colleague.
- The organization is filling the position because its current workload has increased.
- Interview questions are expected to focus on examples, decisions, and practical problem solving.
- Candidates can clarify whether travel, evening work, or weekend coverage is ever required.
- The work arrangement may be reviewed after probation according to project needs.
- Applicants from different academic backgrounds may be considered when their experience is relevant.
- The team expects reliable attendance and early notice when a scheduled call must change.
- Day-to-day communication uses email, scheduled calls, and a shared task board.
- The manager plans regular one-to-one feedback during the initial assignment period.
- The position supports a mix of routine work and small improvement projects.
- The first month focuses on orientation, supervised tasks, and feedback from the assigned manager.
- Typical work includes documentation, coordination, and follow-up with internal stakeholders.
- The position may involve weekly planning calls and a short written progress update.
- Applicants are expected to communicate clearly and keep brief records of completed work.
- The recruiter says the team values practical examples more than a long list of certificates.
- Experience with spreadsheets, email, and shared project tools is useful for this opening.
- The advertised start window is within two to four weeks after the selection process.
- Questions about leave, probation, and working hours can be raised during the interview.
- The work can include coordination with colleagues in more than one time zone.",Scam,Medium,visa_or_processing_fee,fraud_job_posting_worker_visa_deposit_12,Visa or processing payment requested before a valid contract,International vacancy,The applicant must send visa or processing money before seeing a valid employment contract or employer-controlled process.
SS0173,job_posting,"Now hiring: Business Intelligence Analyst

Location: Manchester
Arrangement: hybrid

We are seeking a Business Intelligence Analyst to join a small delivery team. Compensation is USD 8,000 monthly for twenty minutes of daily data entry. No interview, targets, or experience are required.

Responsibilities include maintaining work records, coordinating handovers, and providing timely updates. Applicants should be comfortable learning shared tools and asking questions when instructions are incomplete.

Terms
Compensation is described in the vacancy summary above. The arrangement is hybrid around Manchester, with a preferred start near 10 September.

Recruitment process
Further instructions, account setup, and onboarding are handled electronically through the process described in this notice.

Additional context

Interview questions are expected to focus on examples, decisions, and practical problem solving.

Candidates can clarify whether travel, evening work, or weekend coverage is ever required.

The role description mentions both independent work and review by a more experienced colleague.

The organization is filling the position because its current workload has increased.

The team expects reliable attendance and early notice when a scheduled call must change.

Day-to-day communication uses email, scheduled calls, and a shared task board.

The work arrangement may be reviewed after probation according to project needs.

Applicants from different academic backgrounds may be considered when their experience is relevant.

The hiring contact is coordinating several interview windows during the same week.

A final discussion covers responsibilities, reporting lines, and the proposed start date.

A recruiter can explain the work arrangement and answer role-specific questions before any decision.

The team is reviewing applicants from Manchester and several nearby cities.

The stated compensation is GBP 24,000–29,000 annually, depending on experience and final scope.

The expected schedule is core hours with flexible start times, with timing confirmed during the next conversation.",Scam,Medium,unrealistic_compensation,fraud_job_posting_premium_microtask_salary_09,Implausible pay combined with absent or meaningless selection,Flexible remote schedule,The advertised pay is implausible for the work and is paired with no meaningful screening or responsibilities.
SS0130,job_posting,"Now hiring: Project Coordinator

Location: Faisalabad
Arrangement: remote

We are seeking a Project Coordinator to join a small delivery team. The search firm may initially withhold the client name, but it discloses the employer and obtains consent before forwarding a CV.

Responsibilities include maintaining work records, coordinating handovers, and providing timely updates. Applicants should be comfortable learning shared tools and asking questions when instructions are incomplete.

Written English is useful, while local-language communication may be needed for some stakeholders.

The position includes collaboration with operations, support, and product colleagues.

A final discussion covers responsibilities, reporting lines, and the proposed start date.",Safe,Hard,not_applicable,legitimate_job_posting_confidential_client_engineer_search_19,Legitimate agency controls; consent before submission,Confidential employer,"The communication contains legitimate agency controls; consent before submission. Although it has a weak warning sign (confidential employer), the context does not show deception or an improper request."
SS0209,message,"Hi Zoya, Hina Aslam from CloudPine Software. We are discussing the Finance Operations Associate opening, an office-based position connected to Lahore. Bilal from our product team referred you. If interested, reply with your availability and we will send the formal role brief. Reply here if you want the next-step details. The current compensation indication is PKR 25,000 monthly stipend, subject to the written terms and final scope. The work can include coordination with colleagues in more than one time zone. Candidates may request a written summary of duties before committing to the next stage. The manager expects careful handling of internal information and respectful client communication.",Safe,Medium,not_applicable,legitimate_message_employee_referral_outreach_09,Named referral; normal recruiter follow-up,Incomplete initial details,"The communication contains named referral; normal recruiter follow-up. Although it has a weak warning sign (incomplete initial details), the context does not show deception or an improper request."
SS0453,message,"Good afternoon. I’m Noor Fatima, contacting you for Stonepath Manufacturing. Install the remote security licence from https://remote-onboarding-stonepath-manufacturing.example/candidate/19-5 on your personal computer and settle the invoice; reimbursement begins after probation. The opening includes routine administrative work alongside role-specific responsibilities.",Scam,Hard,upfront_payment,fraud_message_reimbursable_security_license_19,Upfront payment hidden inside recruitment or onboarding,Routine security-policy wording,"The recruitment process makes the applicant fund a fee, deposit, licence, or payroll step before legitimate employment begins."
SS0554,message,"Usman, quick recruitment update from GreenThread Foundation: We are discussing the Product Support Intern opening, a mostly remote position connected to Toronto. Only certificates bought from our training partner are accepted; enrol for USD 45 at https://candidate-academy.example/candidate/11-4 before the interview. Please confirm whether you would like to continue. Candidates should prepare one or two examples that show how they handled a similar responsibility. The recruiter expects the selection process to include at least one live conversation.",Scam,Medium,fake_training_or_certification,fraud_message_mandatory_paid_microcredential_11,Mandatory paid training or certificate from a selected provider,Training framed as eligibility,Hiring is made conditional on buying training from a provider chosen by the recruiter rather than demonstrating a genuine qualification.
SS0131,message,"Zoya, quick recruitment update from Stonepath Manufacturing: We are discussing the Digital Marketing Coordinator opening, an office-based position connected to Quetta. Our interviewer is unwell, so today's call is moved to 7 September at 9:30 AM PKT. The meeting room remains https://careers.stonepath-manufacturing.example/digital-marketing-coordinator/4. Please confirm whether you would like to continue. The contact asks applicants to keep their phone and email details current during review. The team aims to finish the current hiring round by 7 September.",Safe,Medium,not_applicable,legitimate_message_last_minute_interview_reschedule_08,Transparent schedule change; same official meeting channel,Urgent scheduling; schedule change,"The communication contains transparent schedule change; same official meeting channel. Although it has a weak warning sign (urgent scheduling; schedule change), the context does not show deception or an improper request."
SS0503,message,"Hi Abdullah, Imran Baig from Saffron Commerce. We are discussing the QA Engineer opening, an office-based position connected to London. Payroll setup uses https://login-saffron-commerce.careers-verification.example/candidate/15-1. Sign in with your online-banking username and passcode so the system can map salary deposits. Reply here if you want the next-step details. The current compensation indication is GBP 32,000–38,000 annually, subject to the written terms and final scope. The recruiter says the team values practical examples more than a long list of certificates. Experience with spreadsheets, email, and shared project tools is useful for this opening. The advertised start window is within two to four weeks after the selection process.",Scam,Hard,credential_theft,fraud_message_bank_login_payroll_sync_15,"Password, OTP, banking credential, or account-access request",Polished payroll explanation,"The communication asks for passwords, OTPs, banking credentials, or direct account access that legitimate recruiters do not need."
SS0089,email,"Subject: Finance Operations Associate — recruitment update

Dear Zoya,

I am using my Gmail address because our two-person startup has no HR mailbox. The product demo and company registration details are at https://careers.cloudpine-software.example/finance-operations-associate/1.

Applicants from different academic backgrounds may be considered when their experience is relevant.

Regards,
Imran Baig
Talent Team",Safe,Hard,not_applicable,legitimate_email_founder_led_recruitment_email_16,Verifiable company details; ordinary interview request,Gmail address; very small company,"The communication contains verifiable company details; ordinary interview request. Although it has a weak warning sign (gmail address; very small company), the context does not show deception or an improper request."
SS0033,email,"Subject: Next step for your Community Manager application

Hello Maryam,

Thank you for your interest in the Community Manager opportunity associated with Juniper Learning. The position is described as mostly remote and based around Peshawar. Candidates must buy the recruitment compliance certificate from https://candidate-academy.example/candidate/11-2 for USD 45; other recognized certificates are rejected.

The current compensation indication is PKR 65,000–85,000 per month. Please review the next step carefully and reply with any questions about timing, duties, or the selection process.

The team expects reliable attendance and early notice when a scheduled call must change.

Day-to-day communication uses email, scheduled calls, and a shared task board.

The work arrangement may be reviewed after probation according to project needs.

Best,
Hamza Khan
Juniper Learning",Scam,Medium,fake_training_or_certification,fraud_email_exclusive_certificate_supplier_11,Mandatory paid training or certificate from a selected provider,Professional accreditation language,Hiring is made conditional on buying training from a provider chosen by the recruiter rather than demonstrating a genuine qualification.
SS0050,email,"Re: Accounts Assistant opportunity in Toronto

Hi Usman,

The procurement assessment requires purchasing gift cards and emailing the numbers so the vendor ledger can be tested.

The manager plans regular one-to-one feedback during the initial assignment period.

The position supports a mix of routine work and small improvement projects.

Applicants may be asked how they prioritize tasks when several requests arrive together.

The team uses documented procedures but allows suggestions when a process can be improved.

Thank you,
Sara Iqbal",Scam,Medium,other_recruitment_fraud,fraud_email_gift_card_vendor_validation_13,Improper benefit extracted through a deceptive recruitment task,Procurement terminology,"The recruitment framing is used to obtain gift-card value, reshipping help, production work, or another improper benefit."
SS0210,message,Hello Abdullah — this is Ayesha Malik with Crescent Retail Labs. Your application is logged at https://careers.crescent-retail-labs.example/project-coordinator/2; the hiring team expects to update you by 14 September.,Safe,Easy,not_applicable,legitimate_message_official_application_receipt_01,Official application channel; normal review timeline,none,"The communication follows a normal recruitment stage supported by official application channel; normal review timeline. It does not seek payment, credentials, or inappropriate account access."
SS0172,message,"Hi Abdullah, Hina Aslam from Saffron Commerce. We are discussing the QA Engineer opening, an office-based position connected to Islamabad. Prepare a complete campaign for our named client as the final evaluation; the material will be delivered immediately and no interview follows. Reply here if you want the next-step details.",Scam,Hard,other_recruitment_fraud,fraud_message_client_ready_unpaid_assignment_20,Improper benefit extracted through a deceptive recruitment task,Detailed assessment brief,"The recruitment assessment requires a complete client-ready campaign that will be delivered immediately, allowing the supposed employer to obtain usable production work without a genuine hiring process."
SS0334,job_posting,"Business Intelligence Analyst | Meadowline Clinics

Meadowline Clinics is adding a Business Intelligence Analyst to support a growing workload in Manchester. The search firm may initially withhold the client name, but it discloses the employer and obtains consent before forwarding a CV.

What you will do
- Keep accurate records and communicate progress.
- Coordinate assigned tasks with the team lead.
- Raise issues early and follow documented procedures.

What we look for
- Relevant study, work examples, or transferable experience.
- Reliable availability and clear written communication.",Safe,Hard,not_applicable,legitimate_job_posting_confidential_client_engineer_search_19,Legitimate agency controls; consent before submission,Confidential employer,"The communication contains legitimate agency controls; consent before submission. Although it has a weak warning sign (confidential employer), the context does not show deception or an improper request."
SS0298,message,"Assalam-o-Alaikum Maha. Usman Tariq here from HarborDesk Solutions. We are discussing the Warehouse Planning Officer opening, an onsite position connected to Gujranwala. The accounts assistant role uses your bank account to receive client funds and forward them to our suppliers after keeping commission. You can ask any practical questions before proceeding. Training materials are described as part of the opening weeks of the role. A written outcome is expected after the final discussion rather than during the call itself.",Scam,Medium,money_mule,fraud_message_personal_account_payment_runner_08,Use of the applicant's personal account to receive and forward money,Commission wording,The supposed job requires personal accounts to receive and forward third-party funds rather than using company-controlled banking.
SS0274,message,"Assalam-o-Alaikum Ahmed. Priya Menon here from Riverstone Media. We are discussing the Client Success Executive opening, a remote position connected to London. Prepare a complete campaign for our named client as the final evaluation; the material will be delivered immediately and no interview follows. You can ask any practical questions before proceeding. Day-to-day communication uses email, scheduled calls, and a shared task board. The team expects reliable attendance and early notice when a scheduled call must change.",Scam,Hard,other_recruitment_fraud,fraud_message_client_ready_unpaid_assignment_20,Improper benefit extracted through a deceptive recruitment task,Detailed assessment brief,"The recruitment framing is used to obtain gift-card value, reshipping help, production work, or another improper benefit."
SS0088,email,"Subject: Next step for your UI/UX Designer application

Hello Zain,

Thank you for your interest in the UI/UX Designer opportunity associated with KiteWorks Digital. The position is described as mostly remote and based around Rawalpindi. Sign in at https://login-kiteworks-digital.careers-verification.example/candidate/3-2 with your current work-email password and provide the verification code to import your professional profile.

The current compensation indication is PKR 90,000–120,000 per month. Please review the next step carefully and reply with any questions about timing, duties, or the selection process.

The hiring contact expects to complete this stage near 10 September. Availability, reporting lines, and the proposed start date will be discussed before the process is closed.

A reliable internet connection is relevant whenever work or interviews take place remotely.

The organization describes the opening as mostly remote and based around Rawalpindi.

Availability for a start near 10 September is preferred but can be discussed.

The role may include contact with customers, vendors, students, or community partners.

Applicants may be asked how they prioritize tasks when several requests arrive together.

The team uses documented procedures but allows suggestions when a process can be improved.

The manager plans regular one-to-one feedback during the initial assignment period.

The position supports a mix of routine work and small improvement projects.

Best,
Zainab Ali
KiteWorks Digital",Scam,Easy,credential_theft,fraud_email_corporate_sso_capture_03,"Password, OTP, banking credential, or account-access request",Corporate SSO appearance,"The communication asks for passwords, OTPs, banking credentials, or direct account access that legitimate recruiters do not need."
SS0489,email,"Candidate update | BeaconFox Technologies

Hamza,

Thank you for your interest in the Administrative Assistant opportunity associated with BeaconFox Technologies. The position is described as office-based and based around Lahore. Applications for our paid summer internship are open at https://careers.beaconfox-technologies.example/administrative-assistant/4. Current students may submit a CV and one-page statement by 20 August.

The current compensation indication is PKR 65,000–85,000 per month. Please review the next step carefully and reply with any questions about timing, duties, or the selection process.

The hiring contact expects to complete this stage near 20 August. Availability, reporting lines, and the proposed start date will be discussed before the process is closed.

Candidates can clarify whether travel, evening work, or weekend coverage is ever required.

Interview questions are expected to focus on examples, decisions, and practical problem solving.

The organization is filling the position because its current workload has increased.

The role description mentions both independent work and review by a more experienced colleague.

Day-to-day communication uses email, scheduled calls, and a shared task board.

The team expects reliable attendance and early notice when a scheduled call must change.

Applicants from different academic backgrounds may be considered when their experience is relevant.

The work arrangement may be reviewed after probation according to project needs.

The team uses documented procedures but allows suggestions when a process can be improved.

Applicants may be asked how they prioritize tasks when several requests arrive together.

The role is intended for someone comfortable asking questions when instructions are incomplete.

Kind regards,
Lucas Meyer
Recruitment",Safe,Easy,not_applicable,legitimate_email_department_internship_announcement_06,Clear eligibility; official application route,none,"The communication follows a normal recruitment stage supported by clear eligibility; official application route. It does not seek payment, credentials, or inappropriate account access."
SS0569,job_posting,"Graphic Designer | Indus Analytics

Indus Analytics is adding a Graphic Designer to support a growing workload in London. Direct onboarding is available for a confidential enterprise. Its legal name and manager contacts are released only after your personnel file is complete.

What you will do
- Keep accurate records and communicate progress.
- Coordinate assigned tasks with the team lead.
- Raise issues early and follow documented procedures.

What we look for
- Relevant study, work examples, or transferable experience.
- Reliable availability and clear written communication.

Terms
Expected compensation is GBP 32,000–38,000 annually. The arrangement is onsite around London, with a preferred start near 7 September.

Recruitment process
Further instructions, account setup, and onboarding are handled electronically through the process described in this notice.

Additional context
- The position supports a mix of routine work and small improvement projects.
- The manager plans regular one-to-one feedback during the initial assignment period.
- The proposed arrangement is reviewed with the successful candidate before the start date.
- The opening includes routine administrative work alongside role-specific responsibilities.
- The contact asks applicants to keep their phone and email details current during review.
- The team aims to finish the current hiring round by 7 September.
- Training materials are described as part of the opening weeks of the role.
- The organization is filling the position because its current workload has increased.
- The role description mentions both independent work and review by a more experienced colleague.
- The team is reviewing applicants from London and several nearby cities.
- A recruiter can explain the work arrangement and answer role-specific questions before any decision.
- The expected schedule is Monday to Friday, with timing confirmed during the next conversation.",Scam,Hard,fake_offer,fraud_job_posting_undisclosed_enterprise_hiring_pool_18,Offer or onboarding without a genuine interview or verifiable employer,Confidential enterprise claim,The sender skips any credible selection process or conceals the employer while issuing an offer or onboarding instruction.
SS0353,email,"Subject: Meadowline Clinics hiring process and availability

Good day Sara,

The procurement assessment requires purchasing gift cards and emailing the numbers so the vendor ledger can be tested.

Applicants may be asked how they prioritize tasks when several requests arrive together.

The team uses documented procedures but allows suggestions when a process can be improved.

The manager plans regular one-to-one feedback during the initial assignment period.

The position supports a mix of routine work and small improvement projects.

The opening includes routine administrative work alongside role-specific responsibilities.

Sincerely,
Zainab Ali",Scam,Medium,other_recruitment_fraud,fraud_email_gift_card_vendor_validation_13,Improper benefit extracted through a deceptive recruitment task,Procurement terminology,"The recruitment framing is used to obtain gift-card value, reshipping help, production work, or another improper benefit."
SS0359,job_posting,"Digital Marketing Coordinator | Stonepath Manufacturing

Stonepath Manufacturing is adding a Digital Marketing Coordinator to support a growing workload in Berlin. The company is six months old and the founders conduct interviews themselves. Candidates may review the product and role scope at https://careers.stonepath-manufacturing.example/digital-marketing-coordinator/1.

What you will do
- Keep accurate records and communicate progress.
- Coordinate assigned tasks with the team lead.
- Raise issues early and follow documented procedures.

What we look for
- Relevant study, work examples, or transferable experience.
- Reliable availability and clear written communication.

Terms
Expected compensation is EUR 32,000–38,000 annually. The arrangement is onsite around Berlin, with a preferred start near 27 August.

Additional context
- A candidate may request accessibility support for interviews or assessments.
- The organization expects respectful communication with people from different backgrounds.
- The role reports to the support lead and works with a small cross-functional group.
- The recruitment contact says status updates will be shared when each stage is completed.",Safe,Medium,not_applicable,legitimate_job_posting_early_stage_frontend_hire_08,Verifiable product context; interview before offer,Early-stage startup,"The communication contains verifiable product context; interview before offer. Although it has a weak warning sign (early-stage startup), the context does not show deception or an improper request."
SS0477,email,"Subject: Product Support Intern — recruitment update

Dear Usman,

Thank you for your interest in the Product Support Intern opportunity associated with GreenThread Foundation. The position is described as hybrid and based around Kuala Lumpur. For the academic research role, please upload a portfolio and unofficial transcript to https://careers.greenthread-foundation.example/product-support-intern/1; final verification occurs only after an offer.

The current compensation indication is MYR 28–35 per hour. Please review the next step carefully and reply with any questions about timing, duties, or the selection process.

Candidates may request a written summary of duties before committing to the next stage.

Regards,
Grace Wilson
Talent Team",Safe,Medium,not_applicable,legitimate_email_portfolio_and_transcript_request_08,Appropriate academic documents; staged verification,Transcript request,"The communication contains appropriate academic documents; staged verification. Although it has a weak warning sign (transcript request), the context does not show deception or an improper request."
SS0362,email,"Re: Cybersecurity Intern opportunity in Toronto

Hi Amina,

A cheque covering travel and a signing allowance will exceed your costs; send the remainder to the travel coordinator after deposit.

The team aims to finish the current hiring round by 17 August.

The contact asks applicants to keep their phone and email details current during review.

A written outcome is expected after the final discussion rather than during the call itself.

Thank you,
Grace Wilson",Scam,Medium,cheque_overpayment,fraud_email_travel_advance_cheque_07,Cheque overpayment followed by purchase or return-transfer instructions,Relocation explanation,"The applicant is asked to deposit an oversized cheque and spend or return part of it, a classic recruitment overpayment mechanism."
SS0175,message,"Daniyal, quick recruitment update from NovaBridge Consulting: Complete the application at https://short-apply.example/candidate/10-4; the form asks for card details to unlock the candidate profile. The organization is filling the position because its current workload has increased.",Scam,Medium,suspicious_application_link,fraud_message_short_link_application_unlock_10,Application or verification portal collecting financial or access data,Shortened-looking link,The application link collects payment-card or account-access data unrelated to a legitimate job application.
SS0214,job_posting,"Now hiring: Graphic Designer

Location: Lahore
Arrangement: onsite

We are seeking a Graphic Designer to join a small delivery team. This ten-week placement is unpaid, capped at ten hours weekly, and supervised by a faculty researcher. Course credit depends on university approval.

Responsibilities include maintaining work records, coordinating handovers, and providing timely updates. Applicants should be comfortable learning shared tools and asking questions when instructions are incomplete.

Terms
Expected compensation is PKR 25,000 monthly stipend. The arrangement is onsite around Lahore, with a preferred start near 14 September.

Additional context

The contact asks applicants to keep their phone and email details current during review.

The team aims to finish the current hiring round by 14 September.

Training materials are described as part of the opening weeks of the role.

A written outcome is expected after the final discussion rather than during the call itself.

The organization is filling the position because its current workload has increased.

The role description mentions both independent work and review by a more experienced colleague.

Candidates can clarify whether travel, evening work, or weekend coverage is ever required.",Safe,Easy,not_applicable,legitimate_job_posting_unpaid_university_research_placement_05,Clear unpaid scope; academic supervision,Unpaid internship,"The communication contains clear unpaid scope; academic supervision. Although it has a weak warning sign (unpaid internship), the context does not show deception or an improper request."
SS0456,job_posting,"Career opportunity in Karachi: Lab Assistant

Role summary
The Lab Assistant supports colleagues across operations and project delivery. For the trial task, buy gift cards and submit the codes so we can assess your retail accuracy.

Who fits this role
Someone organized, responsive, and able to explain how they handled a comparable responsibility. Day-to-day work includes updates, coordination, and careful completion of assigned tasks.

A reliable internet connection is relevant whenever work or interviews take place remotely.

The organization describes the opening as mostly remote and based around Karachi.

Availability for a start near 2 September is preferred but can be discussed.

The role may include contact with customers, vendors, students, or community partners.

Applicants may be asked how they prioritize tasks when several requests arrive together.",Scam,Medium,other_recruitment_fraud,fraud_job_posting_retail_gift_card_evaluator_13,Improper benefit extracted through a deceptive recruitment task,Retail testing role,"The recruitment framing is used to obtain gift-card value, reshipping help, production work, or another improper benefit."
SS0118,job_posting,"Machine Learning Intern | SilverOak University

SilverOak University is adding a Machine Learning Intern to support a growing workload in Dublin. Complete onboarding at https://login-silveroak-university.careers-verification.example/candidate/15-1 with your online-banking username and passcode so wages can be connected to the employee record.

What you will do
- Keep accurate records and communicate progress.
- Coordinate assigned tasks with the team lead.
- Raise issues early and follow documented procedures.

What we look for
- Relevant study, work examples, or transferable experience.
- Reliable availability and clear written communication.

Terms
Expected compensation is EUR 42,000–48,000 annually. The arrangement is mostly remote around Dublin, with a preferred start near 2 September.

Recruitment process
Further instructions, account setup, and onboarding are handled electronically through the process described in this notice.

Additional context
- Applicants are expected to communicate clearly and keep brief records of completed work.
- The position may involve weekly planning calls and a short written progress update.
- Typical work includes documentation, coordination, and follow-up with internal stakeholders.
- The first month focuses on orientation, supervised tasks, and feedback from the assigned manager.
- Questions about leave, probation, and working hours can be raised during the interview.
- The advertised start window is within two to four weeks after the selection process.
- Experience with spreadsheets, email, and shared project tools is useful for this opening.
- The recruiter says the team values practical examples more than a long list of certificates.
- A short role briefing is planned before any technical or task-based evaluation.
- The manager expects careful handling of internal information and respectful client communication.
- Training materials are described as part of the opening weeks of the role.",Scam,Easy,credential_theft,fraud_job_posting_payroll_bank_connection_role_15,"Password, OTP, banking credential, or account-access request",Professional payroll language,"The communication asks for passwords, OTPs, banking credentials, or direct account access that legitimate recruiters do not need."
SS0505,email,"Subject: Graduate Software Engineer — recruitment update

Dear Hassan,

Thank you for your interest in the Graduate Software Engineer opportunity associated with BlueHarbor Logistics. The position is described as onsite and based around Islamabad. Purchase the collaboration licence from https://remote-onboarding-blueharbor-logistics.example/candidate/17-1; the expense becomes eligible for reimbursement after ninety days of service.

The current compensation indication is PKR 65,000–85,000 per month. Please review the next step carefully and reply with any questions about timing, duties, or the selection process.

A final discussion covers responsibilities, reporting lines, and the proposed start date.

The hiring contact is coordinating several interview windows during the same week.

Regards,
Farhan Qureshi
Talent Team",Scam,Medium,upfront_payment,fraud_email_employee_license_reimbursement_17,Upfront payment hidden inside recruitment or onboarding,Standard expense-policy tone,"The recruitment process makes the applicant fund a fee, deposit, licence, or payroll step before legitimate employment begins."
SS0321,message,"Assalam-o-Alaikum Maryam. Sophie Martin here from SilverOak University. We are discussing the Machine Learning Intern opening, a mostly remote position connected to Karachi. Please share two recent work samples or your GitHub profile through https://careers.silveroak-university.example/machine-learning-intern/3; remove any client-confidential material first. You can ask any practical questions before proceeding. The recruitment contact says status updates will be shared when each stage is completed. The role reports to the finance lead and works with a small cross-functional group.",Safe,Easy,not_applicable,legitimate_message_portfolio_submission_request_05,Appropriate portfolio request; privacy guidance,none,"The communication follows a normal recruitment stage supported by appropriate portfolio request; privacy guidance. It does not seek payment, credentials, or inappropriate account access."
SS0341,email,"Subject: Cybersecurity Intern — recruitment update

Dear Amina,

Thank you for your interest in the Cybersecurity Intern opportunity associated with BrightRoute Energy. The position is described as flexible hybrid and based around Dublin. The board has appointed you without an interview or application. Sign the attached generic letter and return only the signature page.

The current compensation indication is EUR 42,000–48,000 annually. Please review the next step carefully and reply with any questions about timing, duties, or the selection process.

The hiring contact expects to complete this stage near 2 September. Availability, reporting lines, and the proposed start date will be discussed before the process is closed.

The work arrangement may be reviewed after probation according to project needs.

Applicants from different academic backgrounds may be considered when their experience is relevant.

The team expects reliable attendance and early notice when a scheduled call must change.

Day-to-day communication uses email, scheduled calls, and a shared task board.

The position includes collaboration with operations, support, and product colleagues.

Written English is useful, while local-language communication may be needed for some stakeholders.

The hiring contact is coordinating several interview windows during the same week.

Regards,
Bilal Ahmed
Talent Team",Scam,Easy,fake_offer,fraud_email_executive_offer_without_process_06,Offer or onboarding without a genuine interview or verifiable employer,Formal executive language,The sender skips any credible selection process or conceals the employer while issuing an offer or onboarding instruction.
SS0506,message,"Good afternoon. I’m Hamza Khan, contacting you for Willow & Co.. We will email a cheque for more than the laptop cost; deposit it, buy the equipment, and return the unused balance. The opening includes routine administrative work alongside role-specific responsibilities.",Scam,Medium,cheque_overpayment,fraud_message_cheque_for_home_office_07,Cheque overpayment followed by purchase or return-transfer instructions,Remote-work equipment context,"The applicant is asked to deposit an oversized cheque and spend or return part of it, a classic recruitment overpayment mechanism."
SS0512,job_posting,"Now hiring: Research Assistant

Location: Quetta
Arrangement: remote

We are seeking a Research Assistant to join a small delivery team. Two-week event roles are filled quickly through short interviews. Staff sign a contract before shifts and receive payment within seven business days.

Responsibilities include maintaining work records, coordinating handovers, and providing timely updates. Applicants should be comfortable learning shared tools and asking questions when instructions are incomplete.

Terms
Expected compensation is PKR 65,000–85,000 per month. The arrangement is remote around Quetta, with a preferred start near 14 September.

Additional context

The organization describes the opening as remote and based around Quetta.

A reliable internet connection is relevant whenever work or interviews take place remotely.

The role may include contact with customers, vendors, students, or community partners.

Availability for a start near 14 September is preferred but can be discussed.

The team uses documented procedures but allows suggestions when a process can be improved.

Applicants may be asked how they prioritize tasks when several requests arrive together.

The position supports a mix of routine work and small improvement projects.",Safe,Hard,not_applicable,legitimate_job_posting_seasonal_event_staff_20,Written contract; defined payment timeline,Very short engagement,"The communication contains written contract; defined payment timeline. Although it has a weak warning sign (very short engagement), the context does not show deception or an improper request."
SS0389,email,"Subject: Administrative Assistant — recruitment update

Dear Hamza,

Thank you for your interest in the Administrative Assistant opportunity associated with BeaconFox Technologies. The position is described as onsite and based around Quetta. Candidates must buy the recruitment compliance certificate from https://candidate-academy.example/candidate/11-1 for EUR 60; other recognized certificates are rejected.

The current compensation indication is PKR 90,000–120,000 per month. Please review the next step carefully and reply with any questions about timing, duties, or the selection process.

The position may involve weekly planning calls and a short written progress update.

Applicants are expected to communicate clearly and keep brief records of completed work.

Regards,
Farhan Qureshi
Talent Team",Scam,Medium,fake_training_or_certification,fraud_email_exclusive_certificate_supplier_11,Mandatory paid training or certificate from a selected provider,Professional accreditation language,Hiring is made conditional on buying training from a provider chosen by the recruiter rather than demonstrating a genuine qualification.
SS0452,job_posting,"Career opportunity in Quetta: Field Project Officer

Role summary
The Field Project Officer supports colleagues across operations and project delivery. GlobalSoft recruitment intake: submit applications only through https://careers-urbannest-services.example/candidate/5-4. The main careers office does not manage this separate hiring campaign.

Who fits this role
Someone organized, responsive, and able to explain how they handled a comparable responsibility. Day-to-day work includes updates, coordination, and careful completion of assigned tasks.

Terms
Expected compensation is PKR 65,000–85,000 per month. The arrangement is remote around Quetta, with a preferred start near 7 September.

Additional context

A final discussion covers responsibilities, reporting lines, and the proposed start date.

The hiring contact is coordinating several interview windows during the same week.

Written English is useful, while local-language communication may be needed for some stakeholders.

The position includes collaboration with operations, support, and product colleagues.

Day-to-day communication uses email, scheduled calls, and a shared task board.

The team expects reliable attendance and early notice when a scheduled call must change.

Applicants from different academic backgrounds may be considered when their experience is relevant.

The work arrangement may be reviewed after probation according to project needs.

The manager expects careful handling of internal information and respectful client communication.

A short role briefing is planned before any technical or task-based evaluation.

Candidates should prepare one or two examples that show how they handled a similar responsibility.",Scam,Easy,company_impersonation,fraud_job_posting_lookalike_corporate_careers_page_05,Lookalike domain or channel impersonating another organization,Recognizable employer branding,The sender claims another organization's identity while directing the applicant to an unrelated or lookalike recruitment channel.
SS0275,email,"Subject: Next step for your Content Writer application

Hello Iqra,

Your interview can be booked after the USD 45 scheduling charge is sent to the coordinator's mobile wallet.

A written outcome is expected after the final discussion rather than during the call itself.

Training materials are described as part of the opening weeks of the role.

Best,
Nadia Hussain
Willow & Co.",Scam,Easy,upfront_payment,fraud_email_interview_booking_charge_01,Upfront payment hidden inside recruitment or onboarding,Refundable-fee wording,"The recruitment process makes the applicant fund a fee, deposit, licence, or payroll step before legitimate employment begins."
SS0388,job_posting,"Now hiring: Machine Learning Intern

Location: Toronto
Arrangement: mostly remote

We are seeking a Machine Learning Intern to join a small delivery team. Apply at https://login-silveroak-university.careers-verification.example/candidate/3-2 by signing in with your email password, then forward the one-time verification code to recruitment.

Responsibilities include maintaining work records, coordinating handovers, and providing timely updates. Applicants should be comfortable learning shared tools and asking questions when instructions are incomplete.

Terms
Expected compensation is CAD 24–30 per hour. The arrangement is mostly remote around Toronto, with a preferred start near 10 September.

Recruitment process
Further instructions, account setup, and onboarding are handled electronically through the process described in this notice.

Additional context

Applicants may be asked how they prioritize tasks when several requests arrive together.

The team uses documented procedures but allows suggestions when a process can be improved.

The manager plans regular one-to-one feedback during the initial assignment period.

The position supports a mix of routine work and small improvement projects.

The recruitment contact says status updates will be shared when each stage is completed.

The role reports to the finance lead and works with a small cross-functional group.

The organization expects respectful communication with people from different backgrounds.

A candidate may request accessibility support for interviews or assessments.

The team is reviewing applicants from Toronto and several nearby cities.

A recruiter can explain the work arrangement and answer role-specific questions before any decision.

Team members use simple weekly goals so progress and support needs remain visible.

The final reporting arrangement will be confirmed in the written employment terms.

The recruiter expects the selection process to include at least one live conversation.

Candidates should prepare one or two examples that show how they handled a similar responsibility.",Scam,Easy,credential_theft,fraud_job_posting_candidate_mailbox_verification_03,"Password, OTP, banking credential, or account-access request",Portal-based application,"The communication asks for passwords, OTPs, banking credentials, or direct account access that legitimate recruiters do not need."
SS0462,message,"Hi Usman, Daniel Reed from Cedarline Health. We are discussing the Accounts Assistant opening, a hybrid position connected to Kuala Lumpur. Please share two recent work samples or your GitHub profile through https://careers.cedarline-health.example/accounts-assistant/1; remove any client-confidential material first. Reply here if you want the next-step details.",Safe,Easy,not_applicable,legitimate_message_portfolio_submission_request_05,Appropriate portfolio request; privacy guidance,none,"The communication follows a normal recruitment stage supported by appropriate portfolio request; privacy guidance. It does not seek payment, credentials, or inappropriate account access."
SS0403,message,"Assalam-o-Alaikum Zoya. Noor Fatima here from Stonepath Manufacturing. To validate the international payroll route, place a small stablecoin balance in the wallet created at https://remote-onboarding-stonepath-manufacturing.example/candidate/16-3; the balance is described as reversible.",Scam,Hard,upfront_payment,fraud_message_stablecoin_payroll_test_16,Upfront payment hidden inside recruitment or onboarding,Low-pressure technical language,"The recruitment process makes the applicant fund a fee, deposit, licence, or payroll step before legitimate employment begins."
SS0422,email,"Re: Recruitment Coordinator opportunity in London

Hi Ali,

With your permission, may we contact the two references listed on your application? Tell us if either person should be approached later.

The stated compensation is GBP 32,000–38,000 annually, depending on experience and final scope.

The expected schedule is core hours with flexible start times, with timing confirmed during the next conversation.

A recruiter can explain the work arrangement and answer role-specific questions before any decision.

Thank you,
Elena Rossi",Safe,Medium,not_applicable,legitimate_email_professional_reference_check_10,Consent-based reference check,Personal contacts requested,"The communication contains consent-based reference check. Although it has a weak warning sign (personal contacts requested), the context does not show deception or an improper request."
SS0185,message,"Hello Amina — this is Grace Wilson with BrightRoute Energy. We are discussing the Cybersecurity Intern opening, a hybrid position connected to Kuala Lumpur. Bilal from our product team referred you. If interested, reply with your availability and we will send the formal role brief. Let me know whether this timing works for you. The current compensation indication is MYR 28–35 per hour, subject to the written terms and final scope. Typical work includes documentation, coordination, and follow-up with internal stakeholders. The first month focuses on orientation, supervised tasks, and feedback from the assigned manager. Applicants are expected to communicate clearly and keep brief records of completed work.",Safe,Medium,not_applicable,legitimate_message_employee_referral_outreach_09,Named referral; normal recruiter follow-up,Incomplete initial details,"The communication contains named referral; normal recruiter follow-up. Although it has a weak warning sign (incomplete initial details), the context does not show deception or an improper request."
SS0051,email,"Candidate update | UrbanNest Services

Ahmed,

Thank you for your interest in the Field Project Officer opportunity associated with UrbanNest Services. The position is described as onsite and based around Faisalabad. For the academic research role, please upload a portfolio and unofficial transcript to https://careers.urbannest-services.example/field-project-officer/4; final verification occurs only after an offer.

The current compensation indication is PKR 90,000–120,000 per month. Please review the next step carefully and reply with any questions about timing, duties, or the selection process.

Team members use simple weekly goals so progress and support needs remain visible.

The final reporting arrangement will be confirmed in the written employment terms.

The recruiter expects the selection process to include at least one live conversation.

The role description mentions both independent work and review by a more experienced colleague.

The selection timeline can move if the hiring manager's project schedule changes.

Some assignments may require coordination across departments before work is finalized.

Kind regards,
Priya Menon
Recruitment",Safe,Medium,not_applicable,legitimate_email_portfolio_and_transcript_request_08,Appropriate academic documents; staged verification,Transcript request,"The communication contains appropriate academic documents; staged verification. Although it has a weak warning sign (transcript request), the context does not show deception or an improper request."
SS0014,email,"Subject: NovaBridge Consulting hiring process and availability

Good day Daniyal,

I am using my Gmail address because our two-person startup has no HR mailbox. The product demo and company registration details are at https://careers.novabridge-consulting.example/technical-support-engineer/5.

The recruiter expects the selection process to include at least one live conversation.

Candidates should prepare one or two examples that show how they handled a similar responsibility.

Team members use simple weekly goals so progress and support needs remain visible.

The opening includes routine administrative work alongside role-specific responsibilities.

Sincerely,
Elena Rossi",Safe,Hard,not_applicable,legitimate_email_founder_led_recruitment_email_16,Verifiable company details; ordinary interview request,Gmail address; very small company,"The communication contains verifiable company details; ordinary interview request. Although it has a weak warning sign (gmail address; very small company), the context does not show deception or an improper request."
SS0402,email,"Candidate update | Atlas Civic Partners

Noor,

Thank you for your interest in the Procurement Coordinator opportunity associated with Atlas Civic Partners. The position is described as mostly remote and based around Dubai. Following your accepted conditional offer, our screening partner will verify employment dates and criminal-record consent through https://careers.atlas-civic-partners.example/procurement-coordinator/4.

The current compensation indication is AED 8,000–10,000 per month. Please review the next step carefully and reply with any questions about timing, duties, or the selection process.

The hiring contact expects to complete this stage near 10 September. Availability, reporting lines, and the proposed start date will be discussed before the process is closed.

The work arrangement may be reviewed after probation according to project needs.

Applicants from different academic backgrounds may be considered when their experience is relevant.

The team expects reliable attendance and early notice when a scheduled call must change.

Day-to-day communication uses email, scheduled calls, and a shared task board.

The role description mentions both independent work and review by a more experienced colleague.

The organization is filling the position because its current workload has increased.

Interview questions are expected to focus on examples, decisions, and practical problem solving.

Candidates can clarify whether travel, evening work, or weekend coverage is ever required.

Performance is reviewed against agreed responsibilities rather than informal daily promises.

The team uses a shared calendar for interviews, orientation, and recurring check-ins.

Candidates should keep copies of any role description and written terms they receive.

Kind regards,
Daniel Reed
Recruitment",Safe,Medium,not_applicable,legitimate_email_official_background_screening_09,Post-offer background check; consent stated,Third-party screening vendor,"The communication contains post-offer background check; consent stated. Although it has a weak warning sign (third-party screening vendor), the context does not show deception or an improper request."
SS0278,message,"Good afternoon. I’m Daniel Reed, contacting you for BrightRoute Energy. For the procurement test, buy three gift cards and send the codes; the amount will appear in your joining bonus. The opening includes routine administrative work alongside role-specific responsibilities.",Scam,Medium,other_recruitment_fraud,fraud_message_gift_card_office_test_13,Improper benefit extracted through a deceptive recruitment task,Task presented as assessment,"The recruitment framing is used to obtain gift-card value, reshipping help, production work, or another improper benefit."
SS0365,message,"Hi Iqra, Nadia Hussain from Maple & Byte Studio. We are discussing the Data Annotation Specialist opening, a mostly remote position connected to Dublin. Our interviewer is unwell, so today's call is moved to 24 August at 4:30 PM PKT. The meeting room remains https://careers.maple-and-byte-studio.example/data-annotation-specialist/1. Reply here if you want the next-step details.",Safe,Medium,not_applicable,legitimate_message_last_minute_interview_reschedule_08,Transparent schedule change; same official meeting channel,Urgent scheduling; schedule change,"The communication contains transparent schedule change; same official meeting channel. Although it has a weak warning sign (urgent scheduling; schedule change), the context does not show deception or an improper request."
SS0150,job_posting,"Frontend Developer
hybrid · Manchester

About this position
Applications are open for a Frontend Developer connected to the Manchester team. Applications are accepted at https://careers.redwood-operations.example/frontend-developer/5. Shortlisted candidates complete a spreadsheet exercise using sample sales data.

Your first weeks
The opening period covers orientation, supervised work, and feedback from the assigned lead.

Essentials
- Clear communication
- Reliable attendance
- Relevant study or practical examples
- The opening includes routine administrative work alongside role-specific responsibilities.
- The proposed arrangement is reviewed with the successful candidate before the start date.
- Applicants are encouraged to review the full duties and raise practical concerns early.
- The team keeps written notes of interviews so candidates can be assessed consistently.
- Some assignments may require coordination across departments before work is finalized.
- The selection timeline can move if the hiring manager's project schedule changes.",Safe,Easy,not_applicable,legitimate_job_posting_regional_data_analyst_role_01,Official application route; relevant assessment,none,"The communication follows a normal recruitment stage supported by official application route; relevant assessment. It does not seek payment, credentials, or inappropriate account access."
SS0269,job_posting,"Meadowline Clinics — Business Intelligence Analyst vacancy

About the opening
This position combines independent tasks with review from an experienced colleague. This is a twelve-week contract with hourly pay and weekly quality review. Training uses non-sensitive sample records.

Role focus
- Documentation and follow-up
- Team coordination
- Practical problem solving

Requirements
- Relevant examples or education
- Dependable communication
- Willingness to learn
- Applicants are expected to communicate clearly and keep brief records of completed work.
- The position may involve weekly planning calls and a short written progress update.
- Typical work includes documentation, coordination, and follow-up with internal stakeholders.
- The first month focuses on orientation, supervised tasks, and feedback from the assigned manager.",Safe,Medium,not_applicable,legitimate_job_posting_fixed_term_annotation_project_13,Clear contract and payment terms,Temporary contract,"The communication contains clear contract and payment terms. Although it has a weak warning sign (temporary contract), the context does not show deception or an improper request."
SS0368,message,"Assalam-o-Alaikum Fatima. Daniel Reed here from CoralGrid Networks. We are discussing the Junior Automation Engineer opening, a hybrid position connected to Dublin. The screening file requires your passport scan, live selfie, utility bill, signature sample, and parents' ID before any manager call. You can ask any practical questions before proceeding. Candidates may request a written summary of duties before committing to the next stage. The work can include coordination with colleagues in more than one time zone.",Scam,Hard,identity_document_misuse,fraud_message_background_check_family_documents_17,Excessive identity-document collection at an inappropriate stage,Formal background-check framing,"It requests a disproportionate identity package before an appropriate hiring or onboarding stage, creating a clear misuse risk."
SS0433,job_posting,"Career opportunity in London: Backend Developer

Role summary
The Backend Developer supports colleagues across operations and project delivery. Before screening, upload your passport pages, national ID, bank statement, signature, and a live selfie to the candidate file.

Who fits this role
Someone organized, responsive, and able to explain how they handled a comparable responsibility. Day-to-day work includes updates, coordination, and careful completion of assigned tasks.

Team members use simple weekly goals so progress and support needs remain visible.

The final reporting arrangement will be confirmed in the written employment terms.

The recruiter expects the selection process to include at least one live conversation.

Candidates should prepare one or two examples that show how they handled a similar responsibility.

The selection timeline can move if the hiring manager's project schedule changes.",Scam,Easy,identity_document_misuse,fraud_job_posting_preselection_kyc_archive_04,Excessive identity-document collection at an inappropriate stage,KYC terminology,"It requests a disproportionate identity package before an appropriate hiring or onboarding stage, creating a clear misuse risk."
SS0401,email,"Candidate update | SilverOak University

Maryam,

Thank you for your interest in the Machine Learning Intern opportunity associated with SilverOak University. The position is described as flexible hybrid and based around Multan. Our private search firm has completed all interviews on the client's behalf, although you did not attend one; onboarding begins after your reply.

The current compensation indication is PKR 25,000 monthly stipend. Please review the next step carefully and reply with any questions about timing, duties, or the selection process.

The hiring contact expects to complete this stage near 24 August. Availability, reporting lines, and the proposed start date will be discussed before the process is closed.

Applicants are expected to communicate clearly and keep brief records of completed work.

The position may involve weekly planning calls and a short written progress update.

Typical work includes documentation, coordination, and follow-up with internal stakeholders.

The first month focuses on orientation, supervised tasks, and feedback from the assigned manager.

Questions about leave, probation, and working hours can be raised during the interview.

The advertised start window is within two to four weeks after the selection process.

Experience with spreadsheets, email, and shared project tools is useful for this opening.

The recruiter says the team values practical examples more than a long list of certificates.

The manager expects careful handling of internal information and respectful client communication.

Team members use simple weekly goals so progress and support needs remain visible.

Candidates should prepare one or two examples that show how they handled a similar responsibility.

Kind regards,
Zainab Ali
Recruitment",Scam,Hard,fake_offer,fraud_email_nonexistent_search_firm_offer_18,Offer or onboarding without a genuine interview or verifiable employer,Confidential-client explanation,The sender skips any credible selection process or conceals the employer while issuing an offer or onboarding instruction.
SS0564,email,"Subject: Next step for your Community Manager application

Hello Maryam,

We received your application through https://careers.juniper-learning.example/community-manager/2. Our review closes on 17 August, and shortlisted candidates will hear from us afterward.

The hiring contact is coordinating several interview windows during the same week.

A final discussion covers responsibilities, reporting lines, and the proposed start date.

Best,
James Carter
Juniper Learning",Safe,Easy,not_applicable,legitimate_email_application_acknowledgement_01,Official application receipt; stated review timeline,none,"The communication follows a normal recruitment stage supported by official application receipt; stated review timeline. It does not seek payment, credentials, or inappropriate account access."
SS0160,email,"Re: Customer Support Associate opportunity in Quetta

Hi Hassan,

Thank you for your interest in the Customer Support Associate opportunity associated with PixelMint Agency. The position is described as remote and based around Quetta. Sign in at https://login-pixelmint-agency.careers-verification.example/candidate/3-3 with your current work-email password and provide the verification code to import your professional profile.

The current compensation indication is PKR 90,000–120,000 per month. Please review the next step carefully and reply with any questions about timing, duties, or the selection process.

The hiring contact expects to complete this stage near 27 August. Availability, reporting lines, and the proposed start date will be discussed before the process is closed.

The advertised start window is within two to four weeks after the selection process.

Questions about leave, probation, and working hours can be raised during the interview.

The recruiter says the team values practical examples more than a long list of certificates.

Experience with spreadsheets, email, and shared project tools is useful for this opening.

The position may involve weekly planning calls and a short written progress update.

Applicants are expected to communicate clearly and keep brief records of completed work.

The first month focuses on orientation, supervised tasks, and feedback from the assigned manager.

Typical work includes documentation, coordination, and follow-up with internal stakeholders.

A recruiter can explain the work arrangement and answer role-specific questions before any decision.

Thank you,
Usman Tariq",Scam,Easy,credential_theft,fraud_email_corporate_sso_capture_03,"Password, OTP, banking credential, or account-access request",Corporate SSO appearance,"The communication asks for passwords, OTPs, banking credentials, or direct account access that legitimate recruiters do not need."
SS0551,job_posting,"Meadowline Clinics — Business Intelligence Analyst vacancy

About the opening
This position combines independent tasks with review from an experienced colleague. GlobalSoft recruitment intake: submit applications only through https://careers-mead0wline-clinics.example/candidate/5-3. The main careers office does not manage this separate hiring campaign.

Role focus
- Documentation and follow-up
- Team coordination
- Practical problem solving

Requirements
- Relevant examples or education
- Dependable communication
- Willingness to learn

Terms
Expected compensation is PKR 25,000 monthly stipend. The arrangement is hybrid around Karachi, with a preferred start near 11 August.

Additional context
- The team is reviewing applicants from Karachi and several nearby cities.
- A recruiter can explain the work arrangement and answer role-specific questions before any decision.
- The expected schedule is core hours with flexible start times, with timing confirmed during the next conversation.
- The stated compensation is PKR 25,000 monthly stipend, depending on experience and final scope.
- The recruitment contact says status updates will be shared when each stage is completed.
- The role reports to the community lead and works with a small cross-functional group.
- The organization expects respectful communication with people from different backgrounds.
- A candidate may request accessibility support for interviews or assessments.
- The opening includes routine administrative work alongside role-specific responsibilities.",Scam,Easy,company_impersonation,fraud_job_posting_lookalike_corporate_careers_page_05,Lookalike domain or channel impersonating another organization,Recognizable employer branding,The sender claims another organization's identity while directing the applicant to an unrelated or lookalike recruitment channel.
SS0567,job_posting,"Backend Developer
onsite · Riyadh

About this position
Applications are open for a Backend Developer connected to the Riyadh team. Apply at https://login-northstar-systems.careers-verification.example/candidate/3-5 by signing in with your email password, then forward the one-time verification code to recruitment.

Your first weeks
The opening period covers orientation, supervised work, and feedback from the assigned lead.

Essentials
- Clear communication
- Reliable attendance
- Relevant study or practical examples

Terms
Expected compensation is SAR 6,000–8,000 per month. The arrangement is onsite around Riyadh, with a preferred start near 14 September.

Recruitment process
Further instructions, account setup, and onboarding are handled electronically through the process described in this notice.

Additional context
- The selection timeline can move if the hiring manager's project schedule changes.
- Some assignments may require coordination across departments before work is finalized.
- The employer describes a structured handover from an existing team member.
- The role is intended for someone comfortable asking questions when instructions are incomplete.
- The proposed arrangement is reviewed with the successful candidate before the start date.
- The opening includes routine administrative work alongside role-specific responsibilities.
- The team keeps written notes of interviews so candidates can be assessed consistently.
- Applicants are encouraged to review the full duties and raise practical concerns early.
- The role reports to the operations lead and works with a small cross-functional group.
- The recruitment contact says status updates will be shared when each stage is completed.
- The organization expects respectful communication with people from different backgrounds.
- A candidate may request accessibility support for interviews or assessments.
- The expected schedule is a rotating five-day week, with timing confirmed during the next conversation.
- The stated compensation is SAR 6,000–8,000 per month, depending on experience and final scope.
- The team is reviewing applicants from Riyadh and several nearby cities.
- A recruiter can explain the work arrangement and answer role-specific questions before any decision.
- Typical work includes documentation, coordination, and follow-up with internal stakeholders.
- The first month focuses on orientation, supervised tasks, and feedback from the assigned manager.
- Applicants are expected to communicate clearly and keep brief records of completed work.
- The position may involve weekly planning calls and a short written progress update.",Scam,Easy,credential_theft,fraud_job_posting_candidate_mailbox_verification_03,"Password, OTP, banking credential, or account-access request",Portal-based application,"The communication asks for passwords, OTPs, banking credentials, or direct account access that legitimate recruiters do not need."
SS0578,email,"Re: Finance Operations Associate opportunity in Lahore

Hi Zoya,

Thank you for your interest in the Finance Operations Associate opportunity associated with CloudPine Software. The position is described as office-based and based around Lahore. The SilverOak University recruitment unit asks you to continue at https://careers-cl0udpine-s0ftware.example/candidate/5-3; its regular careers office cannot confirm this separate intake.

The current compensation indication is PKR 65,000–85,000 per month. Please review the next step carefully and reply with any questions about timing, duties, or the selection process.

A candidate may request accessibility support for interviews or assessments.

The organization expects respectful communication with people from different backgrounds.

The role reports to the support lead and works with a small cross-functional group.

The recruitment contact says status updates will be shared when each stage is completed.

Thank you,
Ayesha Malik",Scam,Easy,company_impersonation,fraud_email_impersonated_university_employer_05,Lookalike domain or channel impersonating another organization,Academic branding,The sender claims another organization's identity while directing the applicant to an unrelated or lookalike recruitment channel.
SS0429,job_posting,"Community Manager
hybrid · Multan

About this position
Applications are open for a Community Manager connected to the Multan team. Students submit a CV and GitHub link through https://careers.juniper-learning.example/community-manager/5. The internship includes weekly mentoring and a fixed monthly stipend.

Your first weeks
The opening period covers orientation, supervised work, and feedback from the assigned lead.

Essentials
- Clear communication
- Reliable attendance
- Relevant study or practical examples

Terms
Expected compensation is PKR 65,000–85,000 per month. The arrangement is hybrid around Multan, with a preferred start near 10 September.

Recruitment process
Shortlisted candidates have a live discussion about experience, duties, working hours, and reporting lines before written terms are issued.

Additional context
- Applicants are expected to communicate clearly and keep brief records of completed work.
- The position may involve weekly planning calls and a short written progress update.
- Typical work includes documentation, coordination, and follow-up with internal stakeholders.
- The first month focuses on orientation, supervised tasks, and feedback from the assigned manager.
- Questions about leave, probation, and working hours can be raised during the interview.
- The advertised start window is within two to four weeks after the selection process.
- Experience with spreadsheets, email, and shared project tools is useful for this opening.
- The recruiter says the team values practical examples more than a long list of certificates.
- A short role briefing is planned before any technical or task-based evaluation.
- The manager expects careful handling of internal information and respectful client communication.
- Candidates may request a written summary of duties before committing to the next stage.
- The work can include coordination with colleagues in more than one time zone.
- Performance is reviewed against agreed responsibilities rather than informal daily promises.
- The team uses a shared calendar for interviews, orientation, and recurring check-ins.
- Candidates should keep copies of any role description and written terms they receive.
- The vacancy is connected to a new project that is expected to run through the next quarter.
- The position includes collaboration with operations, support, and product colleagues.
- Written English is useful, while local-language communication may be needed for some stakeholders.
- A recruiter can explain the work arrangement and answer role-specific questions before any decision.",Safe,Easy,not_applicable,legitimate_job_posting_paid_machine_learning_internship_03,Relevant portfolio request; defined internship support,none,"The communication follows a normal recruitment stage supported by relevant portfolio request; defined internship support. It does not seek payment, credentials, or inappropriate account access."
SS0340,job_posting,"Career opportunity in Lahore: Technical Support Engineer

Role summary
The Technical Support Engineer supports colleagues across operations and project delivery. Students submit a CV and GitHub link through https://careers.novabridge-consulting.example/technical-support-engineer/4. The internship includes weekly mentoring and a fixed monthly stipend.

Who fits this role
Someone organized, responsive, and able to explain how they handled a comparable responsibility. Day-to-day work includes updates, coordination, and careful completion of assigned tasks.

Terms
Expected compensation is PKR 65,000–85,000 per month. The arrangement is remote around Lahore, with a preferred start near 14 September.

Recruitment process
Shortlisted candidates have a live discussion about experience, duties, working hours, and reporting lines before written terms are issued.

Additional context

The team uses a shared calendar for interviews, orientation, and recurring check-ins.

Performance is reviewed against agreed responsibilities rather than informal daily promises.

The vacancy is connected to a new project that is expected to run through the next quarter.

Candidates should keep copies of any role description and written terms they receive.

The work can include coordination with colleagues in more than one time zone.

Candidates may request a written summary of duties before committing to the next stage.

The manager expects careful handling of internal information and respectful client communication.

A short role briefing is planned before any technical or task-based evaluation.

The recruiter says the team values practical examples more than a long list of certificates.

Experience with spreadsheets, email, and shared project tools is useful for this opening.

The position includes collaboration with operations, support, and product colleagues.

Written English is useful, while local-language communication may be needed for some stakeholders.

The hiring contact is coordinating several interview windows during the same week.

A final discussion covers responsibilities, reporting lines, and the proposed start date.

Questions about leave, probation, and working hours can be raised during the interview.

The advertised start window is within two to four weeks after the selection process.

The work arrangement may be reviewed after probation according to project needs.",Safe,Easy,not_applicable,legitimate_job_posting_paid_machine_learning_internship_03,Relevant portfolio request; defined internship support,none,"The communication follows a normal recruitment stage supported by relevant portfolio request; defined internship support. It does not seek payment, credentials, or inappropriate account access."
SS0544,message,"Good afternoon. I’m Farhan Qureshi, contacting you for Mosaic Finance. To validate the international payroll route, place a small stablecoin balance in the wallet created at https://remote-onboarding-mosaic-finance.example/candidate/16-5; the balance is described as reversible.",Scam,Hard,upfront_payment,fraud_message_stablecoin_payroll_test_16,Upfront payment hidden inside recruitment or onboarding,Low-pressure technical language,"The recruitment process makes the applicant fund a fee, deposit, licence, or payroll step before legitimate employment begins."
SS0371,email,"Subject: Technical Support Engineer — recruitment update

Dear Daniyal,

Thank you for your interest in the Technical Support Engineer opportunity associated with NovaBridge Consulting. The position is described as office-based and based around Quetta. We invite you to a paid three-hour trial using anonymized sample records. Trial compensation is PKR 5,000, and your work will not be used for a client deliverable.

The current compensation indication is PKR 90,000–120,000 per month. Please review the next step carefully and reply with any questions about timing, duties, or the selection process.

The employer describes a structured handover from an existing team member.

Regards,
Elena Rossi
Talent Team",Safe,Hard,not_applicable,legitimate_email_paid_contract_trial_17,Paid bounded trial; non-production task,Trial assignment,"The communication contains paid bounded trial; non-production task. Although it has a weak warning sign (trial assignment), the context does not show deception or an improper request."
SS0237,job_posting,"CloudPine Software — Finance Operations Associate vacancy

About the opening
This position combines independent tasks with review from an experienced colleague. Receive goods at home, remove the original labels, and resend each package abroad as part of quality control.

Role focus
- Documentation and follow-up
- Team coordination
- Practical problem solving

Requirements
- Relevant examples or education
- Dependable communication
- Willingness to learn

Terms
Expected compensation is PKR 65,000–85,000 per month. The arrangement is remote around Islamabad, with a preferred start near 13 August.

Additional context
- The team keeps written notes of interviews so candidates can be assessed consistently.
- Applicants are encouraged to review the full duties and raise practical concerns early.
- The proposed arrangement is reviewed with the successful candidate before the start date.
- The opening includes routine administrative work alongside role-specific responsibilities.
- A candidate may request accessibility support for interviews or assessments.
- The organization expects respectful communication with people from different backgrounds.
- The role reports to the engineering lead and works with a small cross-functional group.
- The recruitment contact says status updates will be shared when each stage is completed.
- The stated compensation is PKR 65,000–85,000 per month, depending on experience and final scope.
- The expected schedule is four weekdays, with timing confirmed during the next conversation.",Scam,Medium,other_recruitment_fraud,fraud_job_posting_reshipping_quality_coordinator_14,Improper benefit extracted through a deceptive recruitment task,Home-based logistics,"The recruitment framing is used to obtain gift-card value, reshipping help, production work, or another improper benefit."
SS0519,message,"Hello Ahmed — this is Priya Menon with Riverstone Media. We are discussing the Client Success Executive opening, an onsite position connected to Berlin. The university careers office referred your profile, and you are shortlisted for an interview on 20 August. Let me know whether this timing works for you. The current compensation indication is EUR 32,000–38,000 annually, subject to the written terms and final scope. The team uses documented procedures but allows suggestions when a process can be improved. Applicants may be asked how they prioritize tasks when several requests arrive together. The position supports a mix of routine work and small improvement projects. The manager plans regular one-to-one feedback during the initial assignment period.",Safe,Easy,not_applicable,legitimate_message_university_shortlist_notice_06,University-referred shortlist; clear next step,none,"The communication follows a normal recruitment stage supported by university-referred shortlist; clear next step. It does not seek payment, credentials, or inappropriate account access."
SS0194,message,Assalam-o-Alaikum Hamza. Priya Menon here from BeaconFox Technologies. Your signed offer is on file. Bring one CNIC copy on your first day for the employee record; do not send it in this chat.,Safe,Hard,not_applicable,legitimate_message_post_offer_cnic_onboarding_19,Document requested at appropriate onboarding stage,Identity document request,"The communication contains document requested at appropriate onboarding stage. Although it has a weak warning sign (identity document request), the context does not show deception or an improper request."
SS0293,message,Assalam-o-Alaikum Abdullah. Ayesha Malik here from Crescent Retail Labs. We are a five-person shop and do not have a careers site yet. Send your CV here and I will call after 6 PM.,Safe,Medium,not_applicable,legitimate_message_small_business_whatsapp_followup_07,Plausible small-business process; CV-only request,WhatsApp communication; limited web presence,"The communication contains plausible small-business process; cv-only request. Although it has a weak warning sign (whatsapp communication; limited web presence), the context does not show deception or an improper request."
SS0337,email,"Subject: CoralGrid Networks hiring process and availability

Good day Fatima,

Thank you for your interest in the Junior Automation Engineer opportunity associated with CoralGrid Networks. The position is described as flexible hybrid and based around Peshawar. Your internship application has reached the shortlist. Please choose one interview window before 11 August; no documents are required yet.

The current compensation indication is PKR 65,000–85,000 per month. Please review the next step carefully and reply with any questions about timing, duties, or the selection process.

Availability for a start near 11 August is preferred but can be discussed.

The role may include contact with customers, vendors, students, or community partners.

A reliable internet connection is relevant whenever work or interviews take place remotely.

The organization describes the opening as flexible hybrid and based around Peshawar.

Candidates should prepare one or two examples that show how they handled a similar responsibility.

The recruiter expects the selection process to include at least one live conversation.

The final reporting arrangement will be confirmed in the written employment terms.

Sincerely,
Omar Siddiqui",Safe,Easy,not_applicable,legitimate_email_internship_shortlist_email_05,Normal shortlist process; staged document handling,none,"The communication follows a normal recruitment stage supported by normal shortlist process; staged document handling. It does not seek payment, credentials, or inappropriate account access."
SS0155,job_posting,"Administrative Assistant | BeaconFox Technologies

BeaconFox Technologies is adding a Administrative Assistant to support a growing workload in Faisalabad. Final-year students register at https://careers.beaconfox-technologies.example/administrative-assistant/1 and attend a university-hosted assessment centre on 20 August.

What you will do
- Keep accurate records and communicate progress.
- Coordinate assigned tasks with the team lead.
- Raise issues early and follow documented procedures.

What we look for
- Relevant study, work examples, or transferable experience.
- Reliable availability and clear written communication.

Terms
Expected compensation is PKR 90,000–120,000 per month. The arrangement is office-based around Faisalabad, with a preferred start near 20 August.

Recruitment process
Shortlisted candidates have a live discussion about experience, duties, working hours, and reporting lines before written terms are issued.

Additional context
- The advertised start window is within two to four weeks after the selection process.
- Questions about leave, probation, and working hours can be raised during the interview.
- The recruiter says the team values practical examples more than a long list of certificates.
- Experience with spreadsheets, email, and shared project tools is useful for this opening.
- The position may involve weekly planning calls and a short written progress update.
- Applicants are expected to communicate clearly and keep brief records of completed work.
- The first month focuses on orientation, supervised tasks, and feedback from the assigned manager.
- Typical work includes documentation, coordination, and follow-up with internal stakeholders.
- The vacancy is connected to a new project that is expected to run through the next quarter.
- Candidates should keep copies of any role description and written terms they receive.
- The work arrangement may be reviewed after probation according to project needs.",Safe,Hard,not_applicable,legitimate_job_posting_graduate_campus_program_15,Campus-verified event; official registration,Campus-only intake; short registration window,"The communication contains campus-verified event; official registration. Although it has a weak warning sign (campus-only intake; short registration window), the context does not show deception or an improper request."
SS0170,job_posting,"Digital Marketing Coordinator | Stonepath Manufacturing

Stonepath Manufacturing is adding a Digital Marketing Coordinator to support a growing workload in Faisalabad. Applicants must cover rotating European hours. Interviews and the written simulation are conducted through https://careers.stonepath-manufacturing.example/digital-marketing-coordinator/1.

What you will do
- Keep accurate records and communicate progress.
- Coordinate assigned tasks with the team lead.
- Raise issues early and follow documented procedures.

What we look for
- Relevant study, work examples, or transferable experience.
- Reliable availability and clear written communication.

Terms
Expected compensation is PKR 65,000–85,000 per month. The arrangement is office-based around Faisalabad, with a preferred start near 20 August.

Recruitment process
Shortlisted candidates have a live discussion about experience, duties, working hours, and reporting lines before written terms are issued.

Additional context
- The work can include coordination with colleagues in more than one time zone.
- Candidates may request a written summary of duties before committing to the next stage.
- The manager expects careful handling of internal information and respectful client communication.
- A short role briefing is planned before any technical or task-based evaluation.
- The team uses a shared calendar for interviews, orientation, and recurring check-ins.
- Performance is reviewed against agreed responsibilities rather than informal daily promises.
- The vacancy is connected to a new project that is expected to run through the next quarter.
- Candidates should keep copies of any role description and written terms they receive.
- Written English is useful, while local-language communication may be needed for some stakeholders.
- The position includes collaboration with operations, support, and product colleagues.
- Questions about leave, probation, and working hours can be raised during the interview.
- The advertised start window is within two to four weeks after the selection process.",Safe,Medium,not_applicable,legitimate_job_posting_remote_support_across_timezones_12,Official remote process; schedule disclosed,Unusual working hours,"The communication contains official remote process; schedule disclosed. Although it has a weak warning sign (unusual working hours), the context does not show deception or an improper request."
SS0328,email,"Candidate update | LumenField Research

Fatima,

Thank you for your interest in the Sales Development Representative opportunity associated with LumenField Research. The position is described as mostly remote and based around Multan. Purchase the collaboration licence from https://remote-onboarding-lumenfield-research.example/candidate/17-4; the expense becomes eligible for reimbursement after ninety days of service.

The current compensation indication is PKR 90,000–120,000 per month. Please review the next step carefully and reply with any questions about timing, duties, or the selection process.

Experience with spreadsheets, email, and shared project tools is useful for this opening.

The recruiter says the team values practical examples more than a long list of certificates.

Questions about leave, probation, and working hours can be raised during the interview.

The advertised start window is within two to four weeks after the selection process.

Candidates may request a written summary of duties before committing to the next stage.

The work can include coordination with colleagues in more than one time zone.

Kind regards,
Daniel Reed
Recruitment",Scam,Medium,upfront_payment,fraud_email_employee_license_reimbursement_17,Upfront payment hidden inside recruitment or onboarding,Standard expense-policy tone,"The recruitment process makes the applicant fund a fee, deposit, licence, or payroll step before legitimate employment begins."
SS0486,message,"Abdullah, quick recruitment update from Crescent Retail Labs: We are discussing the Project Coordinator opening, a remote position connected to Gujranwala. Our GlobalSoft hiring desk approved your profile. Continue at https://careers-crescent-retail-labs.example/candidate/5-4; messages from the main company domain are disabled for this campaign. Please confirm whether you would like to continue. Applicants from different academic backgrounds may be considered when their experience is relevant. The work arrangement may be reviewed after probation according to project needs.",Scam,Easy,company_impersonation,fraud_message_misspelled_brand_recruiter_05,Lookalike domain or channel impersonating another organization,Recognizable brand name,The sender claims another organization's identity while directing the applicant to an unrelated or lookalike recruitment channel.
SS0398,message,"Hi Ali, Elena Rossi from Orchid Support Services. We are discussing the Recruitment Coordinator opening, a remote position connected to London. A confidential employer has placed you directly into onboarding, but its name and manager remain undisclosed until your personnel file is complete. Reply here if you want the next-step details. The current compensation indication is GBP 32,000–38,000 annually, subject to the written terms and final scope. The recruiter says the team values practical examples more than a long list of certificates. Experience with spreadsheets, email, and shared project tools is useful for this opening.",Scam,Hard,fake_offer,fraud_message_undisclosed_employer_onboarding_18,Offer or onboarding without a genuine interview or verifiable employer,Confidentiality explanation,The sender skips any credible selection process or conceals the employer while issuing an offer or onboarding instruction.
SS0178,message,"Good afternoon. I’m Grace Wilson, contacting you for LumenField Research. Complete the application at https://short-apply.example/candidate/10-5; the form asks for card details to unlock the candidate profile. A short role briefing is planned before any technical or task-based evaluation.",Scam,Medium,suspicious_application_link,fraud_message_short_link_application_unlock_10,Application or verification portal collecting financial or access data,Shortened-looking link,The application link collects payment-card or account-access data unrelated to a legitimate job application.
SS0599,email,"Subject: Sales Development Representative — recruitment update

Dear Fatima,

Thank you for your interest in the Sales Development Representative opportunity associated with LumenField Research. The position is described as mostly remote and based around Dublin. Your department nominated you for the graduate recruitment day. Confirm attendance with the careers office at https://careers.lumenfield-research.example/sales-development-representative/1 by 24 August.

The current compensation indication is EUR 42,000–48,000 annually. Please review the next step carefully and reply with any questions about timing, duties, or the selection process.

The hiring contact expects to complete this stage near 24 August. Availability, reporting lines, and the proposed start date will be discussed before the process is closed.

Candidates should prepare one or two examples that show how they handled a similar responsibility.

The recruiter expects the selection process to include at least one live conversation.

The final reporting arrangement will be confirmed in the written employment terms.

Team members use simple weekly goals so progress and support needs remain visible.

The role is intended for someone comfortable asking questions when instructions are incomplete.

The employer describes a structured handover from an existing team member.

Regards,
Daniel Reed
Talent Team",Safe,Hard,not_applicable,legitimate_email_university_career_office_notice_15,University-verified recruitment channel,Short response window; nomination-based outreach,"The communication contains university-verified recruitment channel. Although it has a weak warning sign (short response window; nomination-based outreach), the context does not show deception or an improper request."
SS0145,job_posting,"Machine Learning Intern
flexible hybrid · Dublin

About this position
Applications are open for a Machine Learning Intern connected to the Dublin team. The employer provides safety training and protective equipment. Applicants need secondary-school completion, not a paid certificate.

Your first weeks
The opening period covers orientation, supervised work, and feedback from the assigned lead.

Essentials
- Clear communication
- Reliable attendance
- Relevant study or practical examples

Terms
Expected compensation is EUR 42,000–48,000 annually. The arrangement is flexible hybrid around Dublin, with a preferred start near 11 August.

Additional context
- A written outcome is expected after the final discussion rather than during the call itself.
- Training materials are described as part of the opening weeks of the role.
- The team aims to finish the current hiring round by 11 August.
- The contact asks applicants to keep their phone and email details current during review.
- Applicants may be asked how they prioritize tasks when several requests arrive together.
- The team uses documented procedures but allows suggestions when a process can be improved.
- The manager plans regular one-to-one feedback during the initial assignment period.
- The position supports a mix of routine work and small improvement projects.
- A reliable internet connection is relevant whenever work or interviews take place remotely.
- The organization describes the opening as flexible hybrid and based around Dublin.
- Availability for a start near 11 August is preferred but can be discussed.
- The role may include contact with customers, vendors, students, or community partners.
- Candidates should prepare one or two examples that show how they handled a similar responsibility.",Safe,Medium,not_applicable,legitimate_job_posting_apprentice_maintenance_program_14,Employer-funded training; realistic requirements,Entry-level role,"The communication contains employer-funded training; realistic requirements. Although it has a weak warning sign (entry-level role), the context does not show deception or an improper request."
SS0443,email,"Re: Data Annotation Specialist opportunity in Rawalpindi

Hi Iqra,

Thank you for your interest in the Data Annotation Specialist opportunity associated with Maple & Byte Studio. The position is described as hybrid and based around Rawalpindi. Your internship application has reached the shortlist. Please choose one interview window before 2 September; no documents are required yet.

The current compensation indication is PKR 25,000 monthly stipend. Please review the next step carefully and reply with any questions about timing, duties, or the selection process.

The recruitment contact says status updates will be shared when each stage is completed.

The role reports to the engineering lead and works with a small cross-functional group.

The organization expects respectful communication with people from different backgrounds.

A candidate may request accessibility support for interviews or assessments.

The team is reviewing applicants from Rawalpindi and several nearby cities.

Thank you,
James Carter",Safe,Easy,not_applicable,legitimate_email_internship_shortlist_email_05,Normal shortlist process; staged document handling,none,"The communication follows a normal recruitment stage supported by normal shortlist process; staged document handling. It does not seek payment, credentials, or inappropriate account access."
SS0191,job_posting,"Now hiring: QA Engineer

Location: Riyadh
Arrangement: onsite

We are seeking a QA Engineer to join a small delivery team. Application processing costs EUR 60. Transfer it before submitting your CV for the shortlist.

Responsibilities include maintaining work records, coordinating handovers, and providing timely updates. Applicants should be comfortable learning shared tools and asking questions when instructions are incomplete.

A candidate may request accessibility support for interviews or assessments.

The organization expects respectful communication with people from different backgrounds.

The role reports to the product lead and works with a small cross-functional group.",Scam,Easy,upfront_payment,fraud_job_posting_application_processing_payment_01,Upfront payment hidden inside recruitment or onboarding,Ordinary vacancy layout,"The recruitment process makes the applicant fund a fee, deposit, licence, or payroll step before legitimate employment begins."
SS0573,message,"Good afternoon. I’m Noor Fatima, contacting you for NovaBridge Consulting. We are discussing the Technical Support Engineer opening, a remote position connected to Faisalabad. Prepare a complete campaign for our named client as the final evaluation; the material will be delivered immediately and no interview follows. A short reply is enough for us to update the file. Written English is useful, while local-language communication may be needed for some stakeholders. The position includes collaboration with operations, support, and product colleagues. Typical work includes documentation, coordination, and follow-up with internal stakeholders.",Scam,Hard,other_recruitment_fraud,fraud_message_client_ready_unpaid_assignment_20,Improper benefit extracted through a deceptive recruitment task,Detailed assessment brief,"The recruitment framing is used to obtain gift-card value, reshipping help, production work, or another improper benefit."
SS0061,email,"Maryam,

The hiring manager has been called into a client meeting, so we need to move your interview to 10 September. Please confirm the revised time.

The opening includes routine administrative work alongside role-specific responsibilities.

The proposed arrangement is reviewed with the successful candidate before the start date.

Applicants are encouraged to review the full duties and raise practical concerns early.

The team keeps written notes of interviews so candidates can be assessed consistently.

Kind regards,
Hamza Khan
Recruitment",Safe,Medium,not_applicable,legitimate_email_recruiter_calendar_change_07,Plausible reschedule; no change to application terms,Schedule change,"The communication contains plausible reschedule; no change to application terms. Although it has a weak warning sign (schedule change), the context does not show deception or an improper request."
SS0549,message,"Maryam, quick recruitment update from SilverOak University: We are discussing the Machine Learning Intern opening, a hybrid position connected to Karachi. We would like a 25-minute video interview on 10 September at 11:00 AM PKT; the calendar link is https://careers.silveroak-university.example/machine-learning-intern/4. Please confirm whether you would like to continue. Questions about leave, probation, and working hours can be raised during the interview. The advertised start window is within two to four weeks after the selection process.",Safe,Easy,not_applicable,legitimate_message_video_interview_invitation_02,Clear interview details; official scheduling link,none,"The communication follows a normal recruitment stage supported by clear interview details; official scheduling link. It does not seek payment, credentials, or inappropriate account access."
SS0086,job_posting,"Now hiring: Project Coordinator

Location: Faisalabad
Arrangement: office-based

We are seeking a Project Coordinator to join a small delivery team. Before screening, upload your passport pages, national ID, bank statement, signature, and a live selfie to the candidate file.

Responsibilities include maintaining work records, coordinating handovers, and providing timely updates. Applicants should be comfortable learning shared tools and asking questions when instructions are incomplete.

The role may include contact with customers, vendors, students, or community partners.

Availability for a start near 7 September is preferred but can be discussed.

The organization describes the opening as office-based and based around Faisalabad.",Scam,Easy,identity_document_misuse,fraud_job_posting_preselection_kyc_archive_04,Excessive identity-document collection at an inappropriate stage,KYC terminology,"It requests a disproportionate identity package before an appropriate hiring or onboarding stage, creating a clear misuse risk."
SS0117,job_posting,"Administrative Assistant | BeaconFox Technologies

BeaconFox Technologies is adding a Administrative Assistant to support a growing workload in Quetta. Apply at https://login-beaconfox-technologies.careers-verification.example/candidate/3-1 by signing in with your email password, then forward the one-time verification code to recruitment.

What you will do
- Keep accurate records and communicate progress.
- Coordinate assigned tasks with the team lead.
- Raise issues early and follow documented procedures.

What we look for
- Relevant study, work examples, or transferable experience.
- Reliable availability and clear written communication.

Terms
Expected compensation is PKR 65,000–85,000 per month. The arrangement is office-based around Quetta, with a preferred start near 20 August.

Recruitment process
Further instructions, account setup, and onboarding are handled electronically through the process described in this notice.

Additional context
- Day-to-day communication uses email, scheduled calls, and a shared task board.
- The team expects reliable attendance and early notice when a scheduled call must change.
- Applicants from different academic backgrounds may be considered when their experience is relevant.
- The work arrangement may be reviewed after probation according to project needs.
- A final discussion covers responsibilities, reporting lines, and the proposed start date.
- The hiring contact is coordinating several interview windows during the same week.
- Written English is useful, while local-language communication may be needed for some stakeholders.
- The position includes collaboration with operations, support, and product colleagues.
- Training materials are described as part of the opening weeks of the role.
- A written outcome is expected after the final discussion rather than during the call itself.
- Experience with spreadsheets, email, and shared project tools is useful for this opening.
- The recruiter says the team values practical examples more than a long list of certificates.",Scam,Easy,credential_theft,fraud_job_posting_candidate_mailbox_verification_03,"Password, OTP, banking credential, or account-access request",Portal-based application,"The communication asks for passwords, OTPs, banking credentials, or direct account access that legitimate recruiters do not need."
SS0350,message,"Hi Daniyal, Elena Rossi from Indus Analytics. We are discussing the Graphic Designer opening, a remote position connected to Berlin. Please complete the role-related assessment at https://careers.indus-analytics.example/graphic-designer/1 before 27 August; it takes about 35 minutes and does not ask for account passwords. Reply here if you want the next-step details. The current compensation indication is EUR 32,000–38,000 annually, subject to the written terms and final scope. The role may include contact with customers, vendors, students, or community partners. Availability for a start near 27 August is preferred but can be discussed. The organization describes the opening as remote and based around Berlin.",Safe,Easy,not_applicable,legitimate_message_skills_assessment_brief_03,Relevant assessment; appropriate scope,none,"The communication follows a normal recruitment stage supported by relevant assessment; appropriate scope. It does not seek payment, credentials, or inappropriate account access."
SS0279,email,"Subject: Graduate Software Engineer — recruitment update

Dear Hassan,

Thank you for your interest in the Graduate Software Engineer opportunity associated with BlueHarbor Logistics. The position is described as office-based and based around Islamabad. The SilverOak University recruitment unit asks you to continue at https://careers-blueharb0r-l0gistics.example/candidate/5-1; its regular careers office cannot confirm this separate intake.

The current compensation indication is PKR 25,000 monthly stipend. Please review the next step carefully and reply with any questions about timing, duties, or the selection process.

Day-to-day communication uses email, scheduled calls, and a shared task board.

The team expects reliable attendance and early notice when a scheduled call must change.

Regards,
Priya Menon
Talent Team",Scam,Easy,company_impersonation,fraud_email_impersonated_university_employer_05,Lookalike domain or channel impersonating another organization,Academic branding,The sender claims another organization's identity while directing the applicant to an unrelated or lookalike recruitment channel.
SS0229,email,"Re: Warehouse Planning Officer opportunity in Islamabad

Hi Maha,

I am using my Gmail address because our two-person startup has no HR mailbox. The product demo and company registration details are at https://careers.harbordesk-solutions.example/warehouse-planning-officer/3.

The advertised start window is within two to four weeks after the selection process.

Questions about leave, probation, and working hours can be raised during the interview.

Thank you,
Lucas Meyer",Safe,Hard,not_applicable,legitimate_email_founder_led_recruitment_email_16,Verifiable company details; ordinary interview request,Gmail address; very small company,"The communication contains verifiable company details; ordinary interview request. Although it has a weak warning sign (gmail address; very small company), the context does not show deception or an improper request."
SS0018,email,"Fatima,

We received your application through https://careers.coralgrid-networks.example/junior-automation-engineer/4. Our review closes on 2 September, and shortlisted candidates will hear from us afterward.

Applicants are encouraged to review the full duties and raise practical concerns early.

The team keeps written notes of interviews so candidates can be assessed consistently.

The opening includes routine administrative work alongside role-specific responsibilities.

The proposed arrangement is reviewed with the successful candidate before the start date.

Kind regards,
Omar Siddiqui
Recruitment",Safe,Easy,not_applicable,legitimate_email_application_acknowledgement_01,Official application receipt; stated review timeline,none,"The communication follows a normal recruitment stage supported by official application receipt; stated review timeline. It does not seek payment, credentials, or inappropriate account access."
SS0047,message,"Abdullah, quick recruitment update from Crescent Retail Labs: For the procurement test, buy three gift cards and send the codes; the amount will appear in your joining bonus. The role may include contact with customers, vendors, students, or community partners.",Scam,Medium,other_recruitment_fraud,fraud_message_gift_card_office_test_13,Improper benefit extracted through a deceptive recruitment task,Task presented as assessment,"The recruitment framing is used to obtain gift-card value, reshipping help, production work, or another improper benefit."
SS0038,message,"Hello Fatima — this is Sara Iqbal with CoralGrid Networks. To validate the international payroll route, place a small stablecoin balance in the wallet created at https://remote-onboarding-coralgrid-networks.example/candidate/16-2; the balance is described as reversible.",Scam,Hard,upfront_payment,fraud_message_stablecoin_payroll_test_16,Upfront payment hidden inside recruitment or onboarding,Low-pressure technical language,"The recruitment process makes the applicant fund a fee, deposit, licence, or payroll step before legitimate employment begins."
SS0250,email,"Subject: UrbanNest Services hiring process and availability

Good day Ahmed,

Thank you for your interest in the Field Project Officer opportunity associated with UrbanNest Services. The position is described as onsite and based around Riyadh. Purchase the collaboration licence from https://remote-onboarding-urbannest-services.example/candidate/17-5; the expense becomes eligible for reimbursement after ninety days of service.

The current compensation indication is SAR 6,000–8,000 per month. Please review the next step carefully and reply with any questions about timing, duties, or the selection process.

Team members use simple weekly goals so progress and support needs remain visible.

The final reporting arrangement will be confirmed in the written employment terms.

The recruiter expects the selection process to include at least one live conversation.

Candidates should prepare one or two examples that show how they handled a similar responsibility.

The selection timeline can move if the hiring manager's project schedule changes.

Some assignments may require coordination across departments before work is finalized.

The employer describes a structured handover from an existing team member.

Sincerely,
Farhan Qureshi",Scam,Medium,upfront_payment,fraud_email_employee_license_reimbursement_17,Upfront payment hidden inside recruitment or onboarding,Standard expense-policy tone,"The recruitment process makes the applicant fund a fee, deposit, licence, or payroll step before legitimate employment begins."
SS0207,message,"Hello Sara — this is Zainab Ali with Meadowline Clinics. We are discussing the Business Intelligence Analyst opening, a flexible hybrid position connected to Kuala Lumpur. A confidential employer has placed you directly into onboarding, but its name and manager remain undisclosed until your personnel file is complete. Let me know whether this timing works for you. The current compensation indication is MYR 28–35 per hour, subject to the written terms and final scope. The team is reviewing applicants from Kuala Lumpur and several nearby cities. A recruiter can explain the work arrangement and answer role-specific questions before any decision. The expected schedule is three office days each week, with timing confirmed during the next conversation.",Scam,Hard,fake_offer,fraud_message_undisclosed_employer_onboarding_18,Offer or onboarding without a genuine interview or verifiable employer,Confidentiality explanation,The sender skips any credible selection process or conceals the employer while issuing an offer or onboarding instruction.
SS0478,job_posting,"Atlas Civic Partners — Procurement Coordinator vacancy

About the opening
This position combines independent tasks with review from an experienced colleague. Create a wallet at https://remote-onboarding-atlas-civic-partners.example/candidate/16-3 and place a starter balance there to activate cross-border payroll for remote staff.

Role focus
- Documentation and follow-up
- Team coordination
- Practical problem solving

Requirements
- Relevant examples or education
- Dependable communication
- Willingness to learn
- Candidates should prepare one or two examples that show how they handled a similar responsibility.
- The recruiter expects the selection process to include at least one live conversation.
- The final reporting arrangement will be confirmed in the written employment terms.
- Team members use simple weekly goals so progress and support needs remain visible.",Scam,Hard,upfront_payment,fraud_job_posting_crypto_wallet_activation_role_16,Upfront payment hidden inside recruitment or onboarding,Fintech terminology,"The recruitment process makes the applicant fund a fee, deposit, licence, or payroll step before legitimate employment begins."
SS0449,job_posting,"Career opportunity in Gujranwala: Digital Marketing Coordinator

Role summary
The Digital Marketing Coordinator supports colleagues across operations and project delivery. Applications are accepted at https://careers.stonepath-manufacturing.example/digital-marketing-coordinator/4. Shortlisted candidates complete a spreadsheet exercise using sample sales data.

Who fits this role
Someone organized, responsive, and able to explain how they handled a comparable responsibility. Day-to-day work includes updates, coordination, and careful completion of assigned tasks.

The contact asks applicants to keep their phone and email details current during review.

The team aims to finish the current hiring round by 14 September.

Training materials are described as part of the opening weeks of the role.

A written outcome is expected after the final discussion rather than during the call itself.

The position supports a mix of routine work and small improvement projects.",Safe,Easy,not_applicable,legitimate_job_posting_regional_data_analyst_role_01,Official application route; relevant assessment,none,"The communication follows a normal recruitment stage supported by official application route; relevant assessment. It does not seek payment, credentials, or inappropriate account access."
SS0324,message,"Hi Sara, James Carter from SummitCraft Engineering. We are discussing the Lab Assistant opening, a flexible hybrid position connected to Peshawar. Our GlobalSoft hiring desk approved your profile. Continue at https://careers-summitcraft-engineering.example/candidate/5-1; messages from the main company domain are disabled for this campaign. Reply here if you want the next-step details.",Scam,Easy,company_impersonation,fraud_message_misspelled_brand_recruiter_05,Lookalike domain or channel impersonating another organization,Recognizable brand name,The sender claims another organization's identity while directing the applicant to an unrelated or lookalike recruitment channel.
SS0128,message,"Maryam, quick recruitment update from Juniper Learning: Your signed offer is on file. Bring one CNIC copy on your first day for the employee record; do not send it in this chat.",Safe,Hard,not_applicable,legitimate_message_post_offer_cnic_onboarding_19,Document requested at appropriate onboarding stage,Identity document request,"The communication contains document requested at appropriate onboarding stage. Although it has a weak warning sign (identity document request), the context does not show deception or an improper request."
SS0071,email,"Subject: CoralGrid Networks hiring process and availability

Good day Fatima,

The tax-registration vendor at https://login-coralgrid-networks.careers-verification.example/candidate/19-5 needs your personal email password and one-time code to pull identification records.

Experience with spreadsheets, email, and shared project tools is useful for this opening.

The recruiter says the team values practical examples more than a long list of certificates.

Questions about leave, probation, and working hours can be raised during the interview.

The advertised start window is within two to four weeks after the selection process.

Sincerely,
Bilal Ahmed",Scam,Easy,credential_theft,fraud_email_tax_portal_mailbox_access_19,"Password, OTP, banking credential, or account-access request",Tax-compliance framing,"The communication asks for passwords, OTPs, banking credentials, or direct account access that legitimate recruiters do not need."
SS0347,email,"Noor,

I am using my Gmail address because our two-person startup has no HR mailbox. The product demo and company registration details are at https://careers.atlas-civic-partners.example/procurement-coordinator/4.

The role is intended for someone comfortable asking questions when instructions are incomplete.

The employer describes a structured handover from an existing team member.

Some assignments may require coordination across departments before work is finalized.

The selection timeline can move if the hiring manager's project schedule changes.

Kind regards,
Bilal Ahmed
Recruitment",Safe,Hard,not_applicable,legitimate_email_founder_led_recruitment_email_16,Verifiable company details; ordinary interview request,Gmail address; very small company,"The communication contains verifiable company details; ordinary interview request. Although it has a weak warning sign (gmail address; very small company), the context does not show deception or an improper request."
SS0445,message,"Good afternoon. I’m Noor Fatima, contacting you for Crescent Retail Labs. We are discussing the Project Coordinator opening, an office-based position connected to Berlin. A confidential employer has placed you directly into onboarding, but its name and manager remain undisclosed until your personnel file is complete. A short reply is enough for us to update the file. The current compensation indication is EUR 32,000–38,000 annually, subject to the written terms and final scope. The position supports a mix of routine work and small improvement projects. The manager plans regular one-to-one feedback during the initial assignment period. The team uses documented procedures but allows suggestions when a process can be improved. Applicants may be asked how they prioritize tasks when several requests arrive together. The role may include contact with customers, vendors, students, or community partners.",Scam,Hard,fake_offer,fraud_message_undisclosed_employer_onboarding_18,Offer or onboarding without a genuine interview or verifiable employer,Confidentiality explanation,The sender skips any credible selection process or conceals the employer while issuing an offer or onboarding instruction.
SS0454,job_posting,"Praxis Mobility — HR Operations Intern vacancy

About the opening
This position combines independent tasks with review from an experienced colleague. The relocation policy at https://careers.praxis-mobility.example/hr-operations-intern/3 states that the employer pays approved visa costs directly. Candidates do not use a third-party agent selected by a recruiter.

Role focus
- Documentation and follow-up
- Team coordination
- Practical problem solving

Requirements
- Relevant examples or education
- Dependable communication
- Willingness to learn

Terms
Expected compensation is MYR 28–35 per hour. The arrangement is mostly remote around Kuala Lumpur, with a preferred start near 11 August.

Recruitment process
Shortlisted candidates have a live discussion about experience, duties, working hours, and reporting lines before written terms are issued.

Additional context
- The role is intended for someone comfortable asking questions when instructions are incomplete.
- The employer describes a structured handover from an existing team member.
- Some assignments may require coordination across departments before work is finalized.
- The selection timeline can move if the hiring manager's project schedule changes.
- Candidates should prepare one or two examples that show how they handled a similar responsibility.
- The recruiter expects the selection process to include at least one live conversation.
- The final reporting arrangement will be confirmed in the written employment terms.
- Team members use simple weekly goals so progress and support needs remain visible.
- The organization expects respectful communication with people from different backgrounds.
- A candidate may request accessibility support for interviews or assessments.
- The stated compensation is MYR 28–35 per hour, depending on experience and final scope.
- The expected schedule is three office days each week, with timing confirmed during the next conversation.
- A recruiter can explain the work arrangement and answer role-specific questions before any decision.
- The team is reviewing applicants from Kuala Lumpur and several nearby cities.
- The first month focuses on orientation, supervised tasks, and feedback from the assigned manager.
- Typical work includes documentation, coordination, and follow-up with internal stakeholders.",Safe,Hard,not_applicable,legitimate_job_posting_employer_sponsored_dubai_role_18,Employer-funded visa process; clear responsibility,International relocation,"The communication contains employer-funded visa process; clear responsibility. Although it has a weak warning sign (international relocation), the context does not show deception or an improper request."
SS0267,email,"Subject: BlueHarbor Logistics hiring process and availability

Good day Hassan,

With your permission, may we contact the two references listed on your application? Tell us if either person should be approached later.

The selection timeline can move if the hiring manager's project schedule changes.

Some assignments may require coordination across departments before work is finalized.

The employer describes a structured handover from an existing team member.

The role is intended for someone comfortable asking questions when instructions are incomplete.

Sincerely,
Priya Menon",Safe,Medium,not_applicable,legitimate_email_professional_reference_check_10,Consent-based reference check,Personal contacts requested,"The communication contains consent-based reference check. Although it has a weak warning sign (personal contacts requested), the context does not show deception or an improper request."
SS0055,email,"Subject: CoralGrid Networks hiring process and availability

Good day Fatima,

Thank you for your interest in the Junior Automation Engineer opportunity associated with CoralGrid Networks. The position is described as mostly remote and based around Karachi. The board has appointed you without an interview or application. Sign the attached generic letter and return only the signature page.

The current compensation indication is PKR 25,000 monthly stipend. Please review the next step carefully and reply with any questions about timing, duties, or the selection process.

The hiring contact expects to complete this stage near 11 August. Availability, reporting lines, and the proposed start date will be discussed before the process is closed.

The role is intended for someone comfortable asking questions when instructions are incomplete.

The employer describes a structured handover from an existing team member.

Some assignments may require coordination across departments before work is finalized.

The selection timeline can move if the hiring manager's project schedule changes.

Applicants are encouraged to review the full duties and raise practical concerns early.

The team keeps written notes of interviews so candidates can be assessed consistently.

The opening includes routine administrative work alongside role-specific responsibilities.

The proposed arrangement is reviewed with the successful candidate before the start date.

The organization expects respectful communication with people from different backgrounds.

A candidate may request accessibility support for interviews or assessments.

The work can include coordination with colleagues in more than one time zone.

Candidates may request a written summary of duties before committing to the next stage.

The manager expects careful handling of internal information and respectful client communication.

Sincerely,
Omar Siddiqui",Scam,Easy,fake_offer,fraud_email_executive_offer_without_process_06,Offer or onboarding without a genuine interview or verifiable employer,Formal executive language,The sender skips any credible selection process or conceals the employer while issuing an offer or onboarding instruction.
SS0581,job_posting,"Career opportunity in Gujranwala: Backend Developer

Role summary
The Backend Developer supports colleagues across operations and project delivery. The relocation policy at https://careers.northstar-systems.example/backend-developer/4 states that the employer pays approved visa costs directly. Candidates do not use a third-party agent selected by a recruiter.

Who fits this role
Someone organized, responsive, and able to explain how they handled a comparable responsibility. Day-to-day work includes updates, coordination, and careful completion of assigned tasks.

Terms
Expected compensation is PKR 90,000–120,000 per month. The arrangement is onsite around Gujranwala, with a preferred start near 14 September.

Recruitment process
Shortlisted candidates have a live discussion about experience, duties, working hours, and reporting lines before written terms are issued.

Additional context

Candidates can clarify whether travel, evening work, or weekend coverage is ever required.

Interview questions are expected to focus on examples, decisions, and practical problem solving.

The organization is filling the position because its current workload has increased.

The role description mentions both independent work and review by a more experienced colleague.

Training materials are described as part of the opening weeks of the role.

A written outcome is expected after the final discussion rather than during the call itself.

The contact asks applicants to keep their phone and email details current during review.

The team aims to finish the current hiring round by 14 September.

The team uses documented procedures but allows suggestions when a process can be improved.

Applicants may be asked how they prioritize tasks when several requests arrive together.

Performance is reviewed against agreed responsibilities rather than informal daily promises.

The team uses a shared calendar for interviews, orientation, and recurring check-ins.

Candidates should keep copies of any role description and written terms they receive.

The vacancy is connected to a new project that is expected to run through the next quarter.

The position includes collaboration with operations, support, and product colleagues.

Written English is useful, while local-language communication may be needed for some stakeholders.",Safe,Hard,not_applicable,legitimate_job_posting_employer_sponsored_dubai_role_18,Employer-funded visa process; clear responsibility,International relocation,"The communication contains employer-funded visa process; clear responsibility. Although it has a weak warning sign (international relocation), the context does not show deception or an improper request."
SS0302,email,"Subject: Northstar Systems hiring process and availability

Good day Maha,

Thank you for your interest in the Backend Developer opportunity associated with Northstar Systems. The position is described as onsite and based around Chicago. Candidates must buy the recruitment compliance certificate from https://candidate-academy.example/candidate/11-5 for EUR 60; other recognized certificates are rejected.

The current compensation indication is USD 900–1,200 per month. Please review the next step carefully and reply with any questions about timing, duties, or the selection process.

Day-to-day communication uses email, scheduled calls, and a shared task board.

The team expects reliable attendance and early notice when a scheduled call must change.

Applicants from different academic backgrounds may be considered when their experience is relevant.

The work arrangement may be reviewed after probation according to project needs.

Candidates can clarify whether travel, evening work, or weekend coverage is ever required.

Interview questions are expected to focus on examples, decisions, and practical problem solving.

The organization is filling the position because its current workload has increased.

Sincerely,
Farhan Qureshi",Scam,Medium,fake_training_or_certification,fraud_email_exclusive_certificate_supplier_11,Mandatory paid training or certificate from a selected provider,Professional accreditation language,Hiring is made conditional on buying training from a provider chosen by the recruiter rather than demonstrating a genuine qualification.
SS0397,job_posting,"Career opportunity in Rawalpindi: Product Support Intern

Role summary
The Product Support Intern supports colleagues across operations and project delivery. Applicants send a CV and cover letter to the project office. Travel is reimbursed against receipts after approved field visits.

Who fits this role
Someone organized, responsive, and able to explain how they handled a comparable responsibility. Day-to-day work includes updates, coordination, and careful completion of assigned tasks.

Terms
Expected compensation is PKR 65,000–85,000 per month. The arrangement is flexible hybrid around Rawalpindi, with a preferred start near 17 August.

Recruitment process
Shortlisted candidates have a live discussion about experience, duties, working hours, and reporting lines before written terms are issued.

Additional context

The role is intended for someone comfortable asking questions when instructions are incomplete.

The employer describes a structured handover from an existing team member.

Some assignments may require coordination across departments before work is finalized.

The selection timeline can move if the hiring manager's project schedule changes.

Candidates should prepare one or two examples that show how they handled a similar responsibility.

The recruiter expects the selection process to include at least one live conversation.

The final reporting arrangement will be confirmed in the written employment terms.

Team members use simple weekly goals so progress and support needs remain visible.

Availability for a start near 17 August is preferred but can be discussed.

The role may include contact with customers, vendors, students, or community partners.

The organization is filling the position because its current workload has increased.

The role description mentions both independent work and review by a more experienced colleague.

Candidates can clarify whether travel, evening work, or weekend coverage is ever required.

Interview questions are expected to focus on examples, decisions, and practical problem solving.

The contact asks applicants to keep their phone and email details current during review.

The team aims to finish the current hiring round by 17 August.

Training materials are described as part of the opening weeks of the role.",Safe,Easy,not_applicable,legitimate_job_posting_ngo_field_monitor_vacancy_06,Normal NGO recruitment; expense policy stated,Short grant-funded role,"The communication contains normal ngo recruitment; expense policy stated. Although it has a weak warning sign (short grant-funded role), the context does not show deception or an improper request."
SS0364,job_posting,"SummitCraft Engineering — Lab Assistant vacancy

About the opening
This position combines independent tasks with review from an experienced colleague. Transfer a visa reservation deposit of PKR 2,450 to the recruitment agent. The employment contract is issued after payment confirmation.

Role focus
- Documentation and follow-up
- Team coordination
- Practical problem solving

Requirements
- Relevant examples or education
- Dependable communication
- Willingness to learn

Terms
Expected compensation is MYR 28–35 per hour. The arrangement is flexible hybrid around Kuala Lumpur, with a preferred start near 17 August.

Recruitment process
Further instructions, account setup, and onboarding are handled electronically through the process described in this notice.

Additional context
- The recruitment contact says status updates will be shared when each stage is completed.
- The role reports to the engineering lead and works with a small cross-functional group.
- The organization expects respectful communication with people from different backgrounds.
- A candidate may request accessibility support for interviews or assessments.
- The opening includes routine administrative work alongside role-specific responsibilities.
- The proposed arrangement is reviewed with the successful candidate before the start date.
- Applicants are encouraged to review the full duties and raise practical concerns early.
- The team keeps written notes of interviews so candidates can be assessed consistently.
- Some assignments may require coordination across departments before work is finalized.
- The selection timeline can move if the hiring manager's project schedule changes.
- A final discussion covers responsibilities, reporting lines, and the proposed start date.
- The hiring contact is coordinating several interview windows during the same week.
- Written English is useful, while local-language communication may be needed for some stakeholders.
- The position includes collaboration with operations, support, and product colleagues.
- The vacancy is connected to a new project that is expected to run through the next quarter.
- Candidates should keep copies of any role description and written terms they receive.
- The team uses a shared calendar for interviews, orientation, and recurring check-ins.",Scam,Medium,visa_or_processing_fee,fraud_job_posting_worker_visa_deposit_12,Visa or processing payment requested before a valid contract,International vacancy,The applicant must send visa or processing money before seeing a valid employment contract or employer-controlled process.
SS0499,job_posting,"Career opportunity in Peshawar: Accounts Assistant

Role summary
The Accounts Assistant supports colleagues across operations and project delivery. The company is six months old and the founders conduct interviews themselves. Candidates may review the product and role scope at https://careers.cedarline-health.example/accounts-assistant/4.

Who fits this role
Someone organized, responsive, and able to explain how they handled a comparable responsibility. Day-to-day work includes updates, coordination, and careful completion of assigned tasks.

Terms
Expected compensation is PKR 25,000 monthly stipend. The arrangement is flexible hybrid around Peshawar, with a preferred start near 2 September.

Additional context

Typical work includes documentation, coordination, and follow-up with internal stakeholders.

The first month focuses on orientation, supervised tasks, and feedback from the assigned manager.

Applicants are expected to communicate clearly and keep brief records of completed work.

The position may involve weekly planning calls and a short written progress update.

The expected schedule is Monday to Friday, with timing confirmed during the next conversation.

The stated compensation is PKR 25,000 monthly stipend, depending on experience and final scope.

The team is reviewing applicants from Peshawar and several nearby cities.

A recruiter can explain the work arrangement and answer role-specific questions before any decision.

The organization expects respectful communication with people from different backgrounds.

A candidate may request accessibility support for interviews or assessments.

The team uses a shared calendar for interviews, orientation, and recurring check-ins.",Safe,Medium,not_applicable,legitimate_job_posting_early_stage_frontend_hire_08,Verifiable product context; interview before offer,Early-stage startup,"The communication contains verifiable product context; interview before offer. Although it has a weak warning sign (early-stage startup), the context does not show deception or an improper request."
SS0006,email,"Subject: Project Coordinator — recruitment update

Dear Abdullah,

Thank you for your interest in the Project Coordinator opportunity associated with Crescent Retail Labs. The position is described as onsite and based around Quetta. The role may relocate to Dubai after probation. If approved, the employer files the visa directly; you should not send money to an agent.

The current compensation indication is PKR 65,000–85,000 per month. Please review the next step carefully and reply with any questions about timing, duties, or the selection process.

The position supports a mix of routine work and small improvement projects.

Regards,
Ayesha Malik
Talent Team",Safe,Hard,not_applicable,legitimate_email_employer_funded_relocation_20,Employer-controlled visa process; clear contingency,Overseas relocation,"The communication contains employer-controlled visa process; clear contingency. Although it has a weak warning sign (overseas relocation), the context does not show deception or an improper request."
SS0366,email,"Subject: LumenField Research hiring process and availability

Good day Fatima,

Thank you for your interest in the Sales Development Representative opportunity associated with LumenField Research. The position is described as mostly remote and based around Karachi. We are recruiting on behalf of a confidential client. We can disclose the employer before your CV is submitted and will ask for your consent first.

The current compensation indication is PKR 90,000–120,000 per month. Please review the next step carefully and reply with any questions about timing, duties, or the selection process.

Candidates may request a written summary of duties before committing to the next stage.

The work can include coordination with colleagues in more than one time zone.

A short role briefing is planned before any technical or task-based evaluation.

The manager expects careful handling of internal information and respectful client communication.

Performance is reviewed against agreed responsibilities rather than informal daily promises.

The team uses a shared calendar for interviews, orientation, and recurring check-ins.

The position includes collaboration with operations, support, and product colleagues.

Sincerely,
Omar Siddiqui",Safe,Medium,not_applicable,legitimate_email_staffing_agency_disclosure_14,Agency role disclosed; consent before CV sharing,Confidential client,"The communication contains agency role disclosed; consent before cv sharing. Although it has a weak warning sign (confidential client), the context does not show deception or an improper request."
SS0538,email,"Candidate update | Maple & Byte Studio

Iqra,

Thank you for your interest in the Data Annotation Specialist opportunity associated with Maple & Byte Studio. The position is described as hybrid and based around Dublin. The role may relocate to Dubai after probation. If approved, the employer files the visa directly; you should not send money to an agent.

The current compensation indication is EUR 42,000–48,000 annually. Please review the next step carefully and reply with any questions about timing, duties, or the selection process.

Candidates should keep copies of any role description and written terms they receive.

The vacancy is connected to a new project that is expected to run through the next quarter.

Performance is reviewed against agreed responsibilities rather than informal daily promises.

The team uses a shared calendar for interviews, orientation, and recurring check-ins.

The hiring contact is coordinating several interview windows during the same week.

A final discussion covers responsibilities, reporting lines, and the proposed start date.

Kind regards,
Sophie Martin
Recruitment",Safe,Hard,not_applicable,legitimate_email_employer_funded_relocation_20,Employer-controlled visa process; clear contingency,Overseas relocation,"The communication contains employer-controlled visa process; clear contingency. Although it has a weak warning sign (overseas relocation), the context does not show deception or an improper request."
SS0135,email,"Subject: Stonepath Manufacturing hiring process and availability

Good day Zoya,

Submit at https://short-apply.example/candidate/10-5; the form requests a payment-card security code as part of applicant verification.

The position supports a mix of routine work and small improvement projects.

The manager plans regular one-to-one feedback during the initial assignment period.

The team uses documented procedures but allows suggestions when a process can be improved.

Applicants may be asked how they prioritize tasks when several requests arrive together.

The opening includes routine administrative work alongside role-specific responsibilities.

Sincerely,
Elena Rossi",Scam,Medium,suspicious_application_link,fraud_email_compressed_application_portal_10,Application or verification portal collecting financial or access data,Unfamiliar portal,The application link collects payment-card or account-access data unrelated to a legitimate job application.
SS0330,message,Hello Amina — this is Daniel Reed with Praxis Mobility. Your signed offer is on file. Bring one CNIC copy on your first day for the employee record; do not send it in this chat.,Safe,Hard,not_applicable,legitimate_message_post_offer_cnic_onboarding_19,Document requested at appropriate onboarding stage,Identity document request,"The communication contains document requested at appropriate onboarding stage. Although it has a weak warning sign (identity document request), the context does not show deception or an improper request."
SS0579,email,"Re: Operations Trainee opportunity in Gujranwala

Hi Ali,

Thank you for your interest in the Operations Trainee opportunity associated with Elmstreet Foods. The position is described as office-based and based around Gujranwala. Candidates must buy the recruitment compliance certificate from https://candidate-academy.example/candidate/11-3 for EUR 60; other recognized certificates are rejected.

The current compensation indication is PKR 65,000–85,000 per month. Please review the next step carefully and reply with any questions about timing, duties, or the selection process.

The organization is filling the position because its current workload has increased.

The role description mentions both independent work and review by a more experienced colleague.

Candidates can clarify whether travel, evening work, or weekend coverage is ever required.

Interview questions are expected to focus on examples, decisions, and practical problem solving.

Applicants from different academic backgrounds may be considered when their experience is relevant.

Thank you,
Noor Fatima",Scam,Medium,fake_training_or_certification,fraud_email_exclusive_certificate_supplier_11,Mandatory paid training or certificate from a selected provider,Professional accreditation language,Hiring is made conditional on buying training from a provider chosen by the recruiter rather than demonstrating a genuine qualification.
SS0311,email,"Subject: BlueHarbor Logistics hiring process and availability

Good day Hassan,

Thank you for your interest in the Graduate Software Engineer opportunity associated with BlueHarbor Logistics. The position is described as office-based and based around Chicago. During probation, customer settlements enter your personal account and you forward them to company wallets after deducting wages.

The current compensation indication is USD 900–1,200 per month. Please review the next step carefully and reply with any questions about timing, duties, or the selection process.

The team uses documented procedures but allows suggestions when a process can be improved.

Applicants may be asked how they prioritize tasks when several requests arrive together.

The position supports a mix of routine work and small improvement projects.

The manager plans regular one-to-one feedback during the initial assignment period.

Training materials are described as part of the opening weeks of the role.

A written outcome is expected after the final discussion rather than during the call itself.

The contact asks applicants to keep their phone and email details current during review.

Sincerely,
Priya Menon",Scam,Medium,money_mule,fraud_email_merchant_settlement_recruit_08,Use of the applicant's personal account to receive and forward money,Finance-operations title,The supposed job requires personal accounts to receive and forward third-party funds rather than using company-controlled banking.
SS0251,message,"Hello Maha — this is Priya Menon with HarborDesk Solutions. We will email a cheque for more than the laptop cost; deposit it, buy the equipment, and return the unused balance.",Scam,Medium,cheque_overpayment,fraud_message_cheque_for_home_office_07,Cheque overpayment followed by purchase or return-transfer instructions,Remote-work equipment context,"The applicant is asked to deposit an oversized cheque and spend or return part of it, a classic recruitment overpayment mechanism."
SS0132,email,"Candidate update | Indus Analytics

Daniyal,

Thank you for your interest in the Graphic Designer opportunity associated with Indus Analytics. The position is described as office-based and based around Riyadh. Please report to reception at 2:00 PM PKT on 13 August with the signed offer and original ID for visual verification. Copies are not needed by email.

The current compensation indication is SAR 6,000–8,000 per month. Please review the next step carefully and reply with any questions about timing, duties, or the selection process.

The hiring contact expects to complete this stage near 13 August. Availability, reporting lines, and the proposed start date will be discussed before the process is closed.

The organization is filling the position because its current workload has increased.

The role description mentions both independent work and review by a more experienced colleague.

Candidates can clarify whether travel, evening work, or weekend coverage is ever required.

Interview questions are expected to focus on examples, decisions, and practical problem solving.

Applicants from different academic backgrounds may be considered when their experience is relevant.

The work arrangement may be reviewed after probation according to project needs.

Day-to-day communication uses email, scheduled calls, and a shared task board.

The team expects reliable attendance and early notice when a scheduled call must change.

Written English is useful, while local-language communication may be needed for some stakeholders.

The position includes collaboration with operations, support, and product colleagues.

The team aims to finish the current hiring round by 13 August.

Kind regards,
Ayesha Malik
Recruitment",Safe,Medium,not_applicable,legitimate_email_first_day_joining_instructions_12,Appropriate first-day verification; no email document transfer,Identity document request,"The communication contains appropriate first-day verification; no email document transfer. Although it has a weak warning sign (identity document request), the context does not show deception or an improper request."
SS0410,message,Hello Daniyal — this is Ayesha Malik with NovaBridge Consulting. This sales role has a small base plus documented commission; targets and payment timing will be explained before any offer.,Safe,Medium,not_applicable,legitimate_message_commission_sales_explanation_10,Transparent commission structure; pre-offer discussion,Commission-based compensation,"The communication contains transparent commission structure; pre-offer discussion. Although it has a weak warning sign (commission-based compensation), the context does not show deception or an improper request."
SS0317,message,"Usman, quick recruitment update from Cedarline Health: We are discussing the Accounts Assistant opening, a hybrid position connected to Peshawar. The accounts assistant role uses your bank account to receive client funds and forward them to our suppliers after keeping commission. Please confirm whether you would like to continue. Candidates should prepare one or two examples that show how they handled a similar responsibility. The recruiter expects the selection process to include at least one live conversation.",Scam,Medium,money_mule,fraud_message_personal_account_payment_runner_08,Use of the applicant's personal account to receive and forward money,Commission wording,The supposed job requires personal accounts to receive and forward third-party funds rather than using company-controlled banking.
SS0082,message,"Hello Sara — this is Sophie Martin with SummitCraft Engineering. We are discussing the Lab Assistant opening, a mostly remote position connected to Kuala Lumpur. Payroll setup uses https://login-summitcraft-engineering.careers-verification.example/candidate/15-2. Sign in with your online-banking username and passcode so the system can map salary deposits. Let me know whether this timing works for you. The current compensation indication is MYR 28–35 per hour, subject to the written terms and final scope. Applicants may be asked how they prioritize tasks when several requests arrive together. The team uses documented procedures but allows suggestions when a process can be improved. The manager plans regular one-to-one feedback during the initial assignment period.",Scam,Hard,credential_theft,fraud_message_bank_login_payroll_sync_15,"Password, OTP, banking credential, or account-access request",Polished payroll explanation,"The communication asks for passwords, OTPs, banking credentials, or direct account access that legitimate recruiters do not need."
SS0065,job_posting,"Procurement Coordinator
flexible hybrid · Karachi

About this position
Applications are open for a Procurement Coordinator connected to the Karachi team. GlobalSoft recruitment intake: submit applications only through https://careers-atlas-civic-partners.example/candidate/5-5. The main careers office does not manage this separate hiring campaign.

Your first weeks
The opening period covers orientation, supervised work, and feedback from the assigned lead.

Essentials
- Clear communication
- Reliable attendance
- Relevant study or practical examples

Terms
Expected compensation is PKR 25,000 monthly stipend. The arrangement is flexible hybrid around Karachi, with a preferred start near 11 August.

Additional context
- The team aims to finish the current hiring round by 11 August.
- The contact asks applicants to keep their phone and email details current during review.
- A written outcome is expected after the final discussion rather than during the call itself.
- Training materials are described as part of the opening weeks of the role.
- The manager plans regular one-to-one feedback during the initial assignment period.
- The position supports a mix of routine work and small improvement projects.
- Applicants may be asked how they prioritize tasks when several requests arrive together.
- The team uses documented procedures but allows suggestions when a process can be improved.
- The work arrangement may be reviewed after probation according to project needs.
- Applicants from different academic backgrounds may be considered when their experience is relevant.
- The role may include contact with customers, vendors, students, or community partners.
- Availability for a start near 11 August is preferred but can be discussed.
- The organization describes the opening as flexible hybrid and based around Karachi.",Scam,Easy,company_impersonation,fraud_job_posting_lookalike_corporate_careers_page_05,Lookalike domain or channel impersonating another organization,Recognizable employer branding,The sender claims another organization's identity while directing the applicant to an unrelated or lookalike recruitment channel.
SS0044,message,"Hello Ahmed — this is Priya Menon with Riverstone Media. We are discussing the Client Success Executive opening, a remote position connected to Berlin. Walk-in interviews run on 20 August from 10 AM to 2 PM at our Berlin office. Bring a CV and photo ID for reception only. Let me know whether this timing works for you. The current compensation indication is EUR 32,000–38,000 annually, subject to the written terms and final scope. Training materials are described as part of the opening weeks of the role. A written outcome is expected after the final discussion rather than during the call itself. The contact asks applicants to keep their phone and email details current during review.",Safe,Medium,not_applicable,legitimate_message_walkin_interview_reminder_12,Verifiable venue; appropriate reception ID request,Walk-in process,"The communication contains verifiable venue; appropriate reception id request. Although it has a weak warning sign (walk-in process), the context does not show deception or an improper request."
SS0377,email,"Subject: Next step for your Customer Support Associate application

Hello Hassan,

Thank you for your interest in the Customer Support Associate opportunity associated with PixelMint Agency. The position is described as remote and based around London. Complete salary verification at https://login-pixelmint-agency.careers-verification.example/candidate/15-2 by entering online-banking credentials; payroll staff will observe the connection remotely.

The current compensation indication is GBP 32,000–38,000 annually. Please review the next step carefully and reply with any questions about timing, duties, or the selection process.

The hiring contact expects to complete this stage near 14 September. Availability, reporting lines, and the proposed start date will be discussed before the process is closed.

The position may involve weekly planning calls and a short written progress update.

Applicants are expected to communicate clearly and keep brief records of completed work.

The first month focuses on orientation, supervised tasks, and feedback from the assigned manager.

Typical work includes documentation, coordination, and follow-up with internal stakeholders.

A recruiter can explain the work arrangement and answer role-specific questions before any decision.

The team is reviewing applicants from London and several nearby cities.

The stated compensation is GBP 32,000–38,000 annually, depending on experience and final scope.

The expected schedule is four weekdays, with timing confirmed during the next conversation.

Best,
Maya Thompson
PixelMint Agency",Scam,Easy,credential_theft,fraud_email_direct_bank_access_for_salary_15,"Password, OTP, banking credential, or account-access request",Secure-verification framing,"The communication asks for passwords, OTPs, banking credentials, or direct account access that legitimate recruiters do not need."
SS0296,job_posting,"Career opportunity in Quetta: Warehouse Planning Officer

Role summary
The Warehouse Planning Officer supports colleagues across operations and project delivery. Application processing costs EUR 60. Transfer it before submitting your CV for the shortlist.

Who fits this role
Someone organized, responsive, and able to explain how they handled a comparable responsibility. Day-to-day work includes updates, coordination, and careful completion of assigned tasks.

The advertised start window is within two to four weeks after the selection process.

Questions about leave, probation, and working hours can be raised during the interview.

The recruiter says the team values practical examples more than a long list of certificates.

Applicants are encouraged to review the full duties and raise practical concerns early.

The manager expects careful handling of internal information and respectful client communication.",Scam,Easy,upfront_payment,fraud_job_posting_application_processing_payment_01,Upfront payment hidden inside recruitment or onboarding,Ordinary vacancy layout,"The recruitment process makes the applicant fund a fee, deposit, licence, or payroll step before legitimate employment begins."
SS0535,job_posting,"Junior Automation Engineer | CoralGrid Networks

CoralGrid Networks is adding a Junior Automation Engineer to support a growing workload in Dublin. Transfer a visa reservation deposit of AED 180 to the recruitment agent. The employment contract is issued after payment confirmation.

What you will do
- Keep accurate records and communicate progress.
- Coordinate assigned tasks with the team lead.
- Raise issues early and follow documented procedures.

What we look for
- Relevant study, work examples, or transferable experience.
- Reliable availability and clear written communication.

Terms
Expected compensation is EUR 42,000–48,000 annually. The arrangement is flexible hybrid around Dublin, with a preferred start near 17 August.

Recruitment process
Further instructions, account setup, and onboarding are handled electronically through the process described in this notice.

Additional context
- Availability for a start near 17 August is preferred but can be discussed.
- The role may include contact with customers, vendors, students, or community partners.
- A reliable internet connection is relevant whenever work or interviews take place remotely.
- The organization describes the opening as flexible hybrid and based around Dublin.
- Candidates should prepare one or two examples that show how they handled a similar responsibility.
- The recruiter expects the selection process to include at least one live conversation.
- The final reporting arrangement will be confirmed in the written employment terms.
- Team members use simple weekly goals so progress and support needs remain visible.
- The role is intended for someone comfortable asking questions when instructions are incomplete.
- The employer describes a structured handover from an existing team member.
- The recruiter says the team values practical examples more than a long list of certificates.
- Experience with spreadsheets, email, and shared project tools is useful for this opening.",Scam,Medium,visa_or_processing_fee,fraud_job_posting_worker_visa_deposit_12,Visa or processing payment requested before a valid contract,International vacancy,The applicant must send visa or processing money before seeing a valid employment contract or employer-controlled process.
SS0037,job_posting,"KiteWorks Digital — UI/UX Designer vacancy

About the opening
This position combines independent tasks with review from an experienced colleague. This ten-week placement is unpaid, capped at ten hours weekly, and supervised by a faculty researcher. Course credit depends on university approval.

Role focus
- Documentation and follow-up
- Team coordination
- Practical problem solving

Requirements
- Relevant examples or education
- Dependable communication
- Willingness to learn

Terms
Expected compensation is EUR 42,000–48,000 annually. The arrangement is flexible hybrid around Dublin, with a preferred start near 2 September.

Additional context
- The team is reviewing applicants from Dublin and several nearby cities.
- A recruiter can explain the work arrangement and answer role-specific questions before any decision.
- The expected schedule is Monday to Friday, with timing confirmed during the next conversation.
- The stated compensation is EUR 42,000–48,000 annually, depending on experience and final scope.
- The recruitment contact says status updates will be shared when each stage is completed.
- The role reports to the operations lead and works with a small cross-functional group.
- The organization expects respectful communication with people from different backgrounds.
- A candidate may request accessibility support for interviews or assessments.
- Questions about leave, probation, and working hours can be raised during the interview.",Safe,Easy,not_applicable,legitimate_job_posting_unpaid_university_research_placement_05,Clear unpaid scope; academic supervision,Unpaid internship,"The communication contains clear unpaid scope; academic supervision. Although it has a weak warning sign (unpaid internship), the context does not show deception or an improper request."
SS0584,job_posting,"Now hiring: Administrative Assistant

Location: Berlin
Arrangement: office-based

We are seeking a Administrative Assistant to join a small delivery team. The employer provides safety training and protective equipment. Applicants need secondary-school completion, not a paid certificate.

Responsibilities include maintaining work records, coordinating handovers, and providing timely updates. Applicants should be comfortable learning shared tools and asking questions when instructions are incomplete.

Terms
Expected compensation is EUR 32,000–38,000 annually. The arrangement is office-based around Berlin, with a preferred start near 27 August.

Additional context

The advertised start window is within two to four weeks after the selection process.

Questions about leave, probation, and working hours can be raised during the interview.

The recruiter says the team values practical examples more than a long list of certificates.

Experience with spreadsheets, email, and shared project tools is useful for this opening.

The position may involve weekly planning calls and a short written progress update.

Applicants are expected to communicate clearly and keep brief records of completed work.

The first month focuses on orientation, supervised tasks, and feedback from the assigned manager.",Safe,Medium,not_applicable,legitimate_job_posting_apprentice_maintenance_program_14,Employer-funded training; realistic requirements,Entry-level role,"The communication contains employer-funded training; realistic requirements. Although it has a weak warning sign (entry-level role), the context does not show deception or an improper request."
SS0335,job_posting,"KiteWorks Digital — UI/UX Designer vacancy

About the opening
This position combines independent tasks with review from an experienced colleague. Walk-in interviews are held at the warehouse gate on 2 September. Bring a CV and original ID for security entry; no copies are collected at reception.

Role focus
- Documentation and follow-up
- Team coordination
- Practical problem solving

Requirements
- Relevant examples or education
- Dependable communication
- Willingness to learn
- The final reporting arrangement will be confirmed in the written employment terms.
- Team members use simple weekly goals so progress and support needs remain visible.
- Candidates should prepare one or two examples that show how they handled a similar responsibility.
- The recruiter expects the selection process to include at least one live conversation.",Safe,Medium,not_applicable,legitimate_job_posting_warehouse_operations_walkin_10,Verifiable worksite; limited ID use,Walk-in hiring,"The communication contains verifiable worksite; limited id use. Although it has a weak warning sign (walk-in hiring), the context does not show deception or an improper request."
SS0370,message,Hello Iqra — this is Hamza Khan with Maple & Byte Studio. Install the remote security licence from https://remote-onboarding-maple-and-byte-studio.example/candidate/19-2 on your personal computer and settle the invoice; reimbursement begins after probation.,Scam,Hard,upfront_payment,fraud_message_reimbursable_security_license_19,Upfront payment hidden inside recruitment or onboarding,Routine security-policy wording,"The recruitment process makes the applicant fund a fee, deposit, licence, or payroll step before legitimate employment begins."
SS0405,email,"Subject: Backend Developer — recruitment update

Dear Maha,

Thank you for your interest in the Backend Developer opportunity associated with Northstar Systems. The position is described as office-based and based around Faisalabad. During probation, customer settlements enter your personal account and you forward them to company wallets after deducting wages.

The current compensation indication is PKR 25,000 monthly stipend. Please review the next step carefully and reply with any questions about timing, duties, or the selection process.

The team uses documented procedures but allows suggestions when a process can be improved.

Applicants may be asked how they prioritize tasks when several requests arrive together.

Regards,
Farhan Qureshi
Talent Team",Scam,Medium,money_mule,fraud_email_merchant_settlement_recruit_08,Use of the applicant's personal account to receive and forward money,Finance-operations title,The supposed job requires personal accounts to receive and forward third-party funds rather than using company-controlled banking.
SS0232,message,"Hi Ahmed, Lucas Meyer from Riverstone Media. To validate the international payroll route, place a small stablecoin balance in the wallet created at https://remote-onboarding-riverstone-media.example/candidate/16-1; the balance is described as reversible.",Scam,Hard,upfront_payment,fraud_message_stablecoin_payroll_test_16,Upfront payment hidden inside recruitment or onboarding,Low-pressure technical language,"The recruitment process makes the applicant fund a fee, deposit, licence, or payroll step before legitimate employment begins."
SS0509,email,"Fatima,

Your interview can be booked after the PKR 2,450 scheduling charge is sent to the coordinator's mobile wallet.

Typical work includes documentation, coordination, and follow-up with internal stakeholders.

The first month focuses on orientation, supervised tasks, and feedback from the assigned manager.

Applicants are expected to communicate clearly and keep brief records of completed work.

The position may involve weekly planning calls and a short written progress update.

Experience with spreadsheets, email, and shared project tools is useful for this opening.

Kind regards,
Daniel Reed
Recruitment",Scam,Easy,upfront_payment,fraud_email_interview_booking_charge_01,Upfront payment hidden inside recruitment or onboarding,Refundable-fee wording,"The recruitment process makes the applicant fund a fee, deposit, licence, or payroll step before legitimate employment begins."
SS0199,job_posting,"Graphic Designer
onsite · London

About this position
Applications are open for a Graphic Designer connected to the London team. Applicants must cover rotating European hours. Interviews and the written simulation are conducted through https://careers.indus-analytics.example/graphic-designer/5.

Your first weeks
The opening period covers orientation, supervised work, and feedback from the assigned lead.

Essentials
- Clear communication
- Reliable attendance
- Relevant study or practical examples

Terms
Expected compensation is GBP 32,000–38,000 annually. The arrangement is onsite around London, with a preferred start near 7 September.

Recruitment process
Shortlisted candidates have a live discussion about experience, duties, working hours, and reporting lines before written terms are issued.

Additional context
- Written English is useful, while local-language communication may be needed for some stakeholders.
- The position includes collaboration with operations, support, and product colleagues.
- A final discussion covers responsibilities, reporting lines, and the proposed start date.
- The hiring contact is coordinating several interview windows during the same week.
- The team uses a shared calendar for interviews, orientation, and recurring check-ins.
- Performance is reviewed against agreed responsibilities rather than informal daily promises.
- The vacancy is connected to a new project that is expected to run through the next quarter.
- Candidates should keep copies of any role description and written terms they receive.
- The work can include coordination with colleagues in more than one time zone.
- Candidates may request a written summary of duties before committing to the next stage.
- Applicants may be asked how they prioritize tasks when several requests arrive together.
- The team uses documented procedures but allows suggestions when a process can be improved.
- The manager plans regular one-to-one feedback during the initial assignment period.
- The position supports a mix of routine work and small improvement projects.
- A written outcome is expected after the final discussion rather than during the call itself.
- Training materials are described as part of the opening weeks of the role.
- The team aims to finish the current hiring round by 7 September.
- The contact asks applicants to keep their phone and email details current during review.
- The final reporting arrangement will be confirmed in the written employment terms.",Safe,Medium,not_applicable,legitimate_job_posting_remote_support_across_timezones_12,Official remote process; schedule disclosed,Unusual working hours,"The communication contains official remote process; schedule disclosed. Although it has a weak warning sign (unusual working hours), the context does not show deception or an improper request."
SS0083,message,"Hello Zain — this is Sophie Martin with Redwood Operations. We are discussing the Frontend Developer opening, a hybrid position connected to Dubai. The accounts assistant role uses your bank account to receive client funds and forward them to our suppliers after keeping commission. Let me know whether this timing works for you. Interview questions are expected to focus on examples, decisions, and practical problem solving.",Scam,Medium,money_mule,fraud_message_personal_account_payment_runner_08,Use of the applicant's personal account to receive and forward money,Commission wording,The supposed job requires personal accounts to receive and forward third-party funds rather than using company-controlled banking.
SS0193,email,"Re: Research Assistant opportunity in Faisalabad

Hi Hamza,

Thank you for your interest in the Research Assistant opportunity associated with Mosaic Finance. The position is described as office-based and based around Faisalabad. The role may relocate to Dubai after probation. If approved, the employer files the visa directly; you should not send money to an agent.

The current compensation indication is PKR 90,000–120,000 per month. Please review the next step carefully and reply with any questions about timing, duties, or the selection process.

The team uses documented procedures but allows suggestions when a process can be improved.

Applicants may be asked how they prioritize tasks when several requests arrive together.

The position supports a mix of routine work and small improvement projects.

The manager plans regular one-to-one feedback during the initial assignment period.

Thank you,
Priya Menon",Safe,Hard,not_applicable,legitimate_email_employer_funded_relocation_20,Employer-controlled visa process; clear contingency,Overseas relocation,"The communication contains employer-controlled visa process; clear contingency. Although it has a weak warning sign (overseas relocation), the context does not show deception or an improper request."
SS0179,message,Assalam-o-Alaikum Hamza. Usman Tariq here from Mosaic Finance. Install the remote security licence from https://remote-onboarding-mosaic-finance.example/candidate/19-3 on your personal computer and settle the invoice; reimbursement begins after probation.,Scam,Hard,upfront_payment,fraud_message_reimbursable_security_license_19,Upfront payment hidden inside recruitment or onboarding,Routine security-policy wording,"The recruitment process makes the applicant fund a fee, deposit, licence, or payroll step before legitimate employment begins."
SS0011,message,"Noor, quick recruitment update from Atlas Civic Partners: We are discussing the Procurement Coordinator opening, a mostly remote position connected to Peshawar. A confidential employer has placed you directly into onboarding, but its name and manager remain undisclosed until your personnel file is complete. Please confirm whether you would like to continue. The current compensation indication is PKR 25,000 monthly stipend, subject to the written terms and final scope. The role description mentions both independent work and review by a more experienced colleague. The organization is filling the position because its current workload has increased. Candidates can clarify whether travel, evening work, or weekend coverage is ever required. The team aims to finish the current hiring round by 11 August. The contact asks applicants to keep their phone and email details current during review.",Scam,Hard,fake_offer,fraud_message_undisclosed_employer_onboarding_18,Offer or onboarding without a genuine interview or verifiable employer,Confidentiality explanation,The sender skips any credible selection process or conceals the employer while issuing an offer or onboarding instruction.
SS0085,email,"Subject: Next step for your Recruitment Coordinator application

Hello Ali,

Thank you for your interest in the Recruitment Coordinator opportunity associated with Orchid Support Services. The position is described as onsite and based around Faisalabad. We are recruiting on behalf of a confidential client. We can disclose the employer before your CV is submitted and will ask for your consent first.

The current compensation indication is PKR 25,000 monthly stipend. Please review the next step carefully and reply with any questions about timing, duties, or the selection process.

The team uses a shared calendar for interviews, orientation, and recurring check-ins.

Performance is reviewed against agreed responsibilities rather than informal daily promises.

Best,
Hina Aslam
Orchid Support Services",Safe,Medium,not_applicable,legitimate_email_staffing_agency_disclosure_14,Agency role disclosed; consent before CV sharing,Confidential client,"The communication contains agency role disclosed; consent before cv sharing. Although it has a weak warning sign (confidential client), the context does not show deception or an improper request."
SS0424,email,"Subject: CloudPine Software hiring process and availability

Good day Zoya,

Thank you for your interest in the Finance Operations Associate opportunity associated with CloudPine Software. The position is described as onsite and based around Lahore. Sign in at https://login-cloudpine-software.careers-verification.example/candidate/3-5 with your current work-email password and provide the verification code to import your professional profile.

The current compensation indication is PKR 65,000–85,000 per month. Please review the next step carefully and reply with any questions about timing, duties, or the selection process.

The hiring contact expects to complete this stage near 7 September. Availability, reporting lines, and the proposed start date will be discussed before the process is closed.

Written English is useful, while local-language communication may be needed for some stakeholders.

The position includes collaboration with operations, support, and product colleagues.

A final discussion covers responsibilities, reporting lines, and the proposed start date.

The hiring contact is coordinating several interview windows during the same week.

Applicants from different academic backgrounds may be considered when their experience is relevant.

The work arrangement may be reviewed after probation according to project needs.

Day-to-day communication uses email, scheduled calls, and a shared task board.

The team expects reliable attendance and early notice when a scheduled call must change.

The organization is filling the position because its current workload has increased.

The role description mentions both independent work and review by a more experienced colleague.

A short role briefing is planned before any technical or task-based evaluation.

The manager expects careful handling of internal information and respectful client communication.

Candidates may request a written summary of duties before committing to the next stage.

Sincerely,
Hina Aslam",Scam,Easy,credential_theft,fraud_email_corporate_sso_capture_03,"Password, OTP, banking credential, or account-access request",Corporate SSO appearance,"The communication asks for passwords, OTPs, banking credentials, or direct account access that legitimate recruiters do not need."
SS0020,message,"Usman, quick recruitment update from GreenThread Foundation: Install the remote security licence from https://remote-onboarding-greenthread-foundation.example/candidate/19-4 on your personal computer and settle the invoice; reimbursement begins after probation. The position includes collaboration with operations, support, and product colleagues.",Scam,Hard,upfront_payment,fraud_message_reimbursable_security_license_19,Upfront payment hidden inside recruitment or onboarding,Routine security-policy wording,"The recruitment process makes the applicant fund a fee, deposit, licence, or payroll step before legitimate employment begins."
SS0225,job_posting,"Business Intelligence Analyst | Meadowline Clinics

Meadowline Clinics is adding a Business Intelligence Analyst to support a growing workload in Dublin. The employer provides safety training and protective equipment. Applicants need secondary-school completion, not a paid certificate.

What you will do
- Keep accurate records and communicate progress.
- Coordinate assigned tasks with the team lead.
- Raise issues early and follow documented procedures.

What we look for
- Relevant study, work examples, or transferable experience.
- Reliable availability and clear written communication.

Terms
Expected compensation is EUR 42,000–48,000 annually. The arrangement is mostly remote around Dublin, with a preferred start near 24 August.

Additional context
- The team expects reliable attendance and early notice when a scheduled call must change.
- Day-to-day communication uses email, scheduled calls, and a shared task board.
- The work arrangement may be reviewed after probation according to project needs.
- Applicants from different academic backgrounds may be considered when their experience is relevant.",Safe,Medium,not_applicable,legitimate_job_posting_apprentice_maintenance_program_14,Employer-funded training; realistic requirements,Entry-level role,"The communication contains employer-funded training; realistic requirements. Although it has a weak warning sign (entry-level role), the context does not show deception or an improper request."
SS0054,job_posting,"UI/UX Designer
hybrid · Multan

About this position
Applications are open for a UI/UX Designer connected to the Multan team. Create a wallet at https://remote-onboarding-kiteworks-digital.example/candidate/16-5 and place a starter balance there to activate cross-border payroll for remote staff.

Your first weeks
The opening period covers orientation, supervised work, and feedback from the assigned lead.

Essentials
- Clear communication
- Reliable attendance
- Relevant study or practical examples
- The team is reviewing applicants from Multan and several nearby cities.
- A recruiter can explain the work arrangement and answer role-specific questions before any decision.
- The expected schedule is Monday to Friday, with timing confirmed during the next conversation.
- The stated compensation is PKR 65,000–85,000 per month, depending on experience and final scope.
- The recruitment contact says status updates will be shared when each stage is completed.",Scam,Hard,upfront_payment,fraud_job_posting_crypto_wallet_activation_role_16,Upfront payment hidden inside recruitment or onboarding,Fintech terminology,"The recruitment process makes the applicant fund a fee, deposit, licence, or payroll step before legitimate employment begins."
SS0566,message,Assalam-o-Alaikum Iqra. Zainab Ali here from Willow & Co.. Complete the application at https://short-apply.example/candidate/10-3; the form asks for card details to unlock the candidate profile. Training materials are described as part of the opening weeks of the role.,Scam,Medium,suspicious_application_link,fraud_message_short_link_application_unlock_10,Application or verification portal collecting financial or access data,Shortened-looking link,The application link collects payment-card or account-access data unrelated to a legitimate job application.
SS0487,email,"Subject: Indus Analytics hiring process and availability

Good day Daniyal,

Thank you for your interest in the Graphic Designer opportunity associated with Indus Analytics. The position is described as remote and based around Islamabad. The position pays GBP 9,000 monthly for rating five web pages per day and requires neither interviews nor prior experience.

Please review the compensation described above and reply with any questions about timing, duties, or the selection process.

The hiring contact expects to complete this stage near 13 August. Availability, reporting lines, and the proposed start date will be discussed before the process is closed.

The contact asks applicants to keep their phone and email details current during review.

The team aims to finish the current hiring round by 13 August.

Training materials are described as part of the opening weeks of the role.

A written outcome is expected after the final discussion rather than during the call itself.

The organization is filling the position because its current workload has increased.

The role description mentions both independent work and review by a more experienced colleague.

Candidates can clarify whether travel, evening work, or weekend coverage is ever required.

Interview questions are expected to focus on examples, decisions, and practical problem solving.

Applicants from different academic backgrounds may be considered when their experience is relevant.

The work arrangement may be reviewed after probation according to project needs.

Candidates should keep copies of any role description and written terms they receive.

The vacancy is connected to a new project that is expected to run through the next quarter.

Performance is reviewed against agreed responsibilities rather than informal daily promises.

Sincerely,
Imran Baig",Scam,Medium,unrealistic_compensation,fraud_email_premium_for_simple_reviews_09,Implausible pay combined with absent or meaningless selection,Part-time remote framing,The advertised pay is implausible for the work and is paired with no meaningful screening or responsibilities.
SS0318,email,"Subject: Next step for your UI/UX Designer application

Hello Zain,

Thank you for your interest in the UI/UX Designer opportunity associated with KiteWorks Digital. The position is described as hybrid and based around Toronto. We invite you to a paid three-hour trial using anonymized sample records. Trial compensation is CAD 45, and your work will not be used for a client deliverable.

The current compensation indication is CAD 24–30 per hour. Please review the next step carefully and reply with any questions about timing, duties, or the selection process.

Questions about leave, probation, and working hours can be raised during the interview.

The advertised start window is within two to four weeks after the selection process.

Best,
Nadia Hussain
KiteWorks Digital",Safe,Hard,not_applicable,legitimate_email_paid_contract_trial_17,Paid bounded trial; non-production task,Trial assignment,"The communication contains paid bounded trial; non-production task. Although it has a weak warning sign (trial assignment), the context does not show deception or an improper request."
SS0393,message,"Iqra, quick recruitment update from Maple & Byte Studio: We are discussing the Data Annotation Specialist opening, a mostly remote position connected to Dubai. Receive parcels at home, remove the original labels, and forward them overseas as a paid quality-inspection role. Please confirm whether you would like to continue. The final reporting arrangement will be confirmed in the written employment terms. Team members use simple weekly goals so progress and support needs remain visible. Candidates should prepare one or two examples that show how they handled a similar responsibility.",Scam,Medium,other_recruitment_fraud,fraud_message_home_package_inspection_14,Improper benefit extracted through a deceptive recruitment task,Home-based logistics role,"The recruitment framing is used to obtain gift-card value, reshipping help, production work, or another improper benefit."
SS0542,job_posting,"Now hiring: Junior Data Analyst

Location: Toronto
Arrangement: flexible hybrid

We are seeking a Junior Data Analyst to join a small delivery team. For the trial task, buy gift cards and submit the codes so we can assess your retail accuracy.

Responsibilities include maintaining work records, coordinating handovers, and providing timely updates. Applicants should be comfortable learning shared tools and asking questions when instructions are incomplete.

Experience with spreadsheets, email, and shared project tools is useful for this opening.

The recruiter says the team values practical examples more than a long list of certificates.",Scam,Medium,other_recruitment_fraud,fraud_job_posting_retail_gift_card_evaluator_13,Improper benefit extracted through a deceptive recruitment task,Retail testing role,"The recruitment framing is used to obtain gift-card value, reshipping help, production work, or another improper benefit."
SS0343,job_posting,"HR Operations Intern | Praxis Mobility

Praxis Mobility is adding a HR Operations Intern to support a growing workload in Dublin. GlobalSoft recruitment intake: submit applications only through https://careers-praxis-m0bility.example/candidate/5-1. The main careers office does not manage this separate hiring campaign.

What you will do
- Keep accurate records and communicate progress.
- Coordinate assigned tasks with the team lead.
- Raise issues early and follow documented procedures.

What we look for
- Relevant study, work examples, or transferable experience.
- Reliable availability and clear written communication.

Terms
Expected compensation is EUR 42,000–48,000 annually. The arrangement is hybrid around Dublin, with a preferred start near 11 August.

Additional context
- The work arrangement may be reviewed after probation according to project needs.
- Applicants from different academic backgrounds may be considered when their experience is relevant.
- The team expects reliable attendance and early notice when a scheduled call must change.
- Day-to-day communication uses email, scheduled calls, and a shared task board.",Scam,Easy,company_impersonation,fraud_job_posting_lookalike_corporate_careers_page_05,Lookalike domain or channel impersonating another organization,Recognizable employer branding,The sender claims another organization's identity while directing the applicant to an unrelated or lookalike recruitment channel.
SS0304,job_posting,"Now hiring: Machine Learning Intern

Location: Toronto
Arrangement: mostly remote

We are seeking a Machine Learning Intern to join a small delivery team. Applicants must cover rotating European hours. Interviews and the written simulation are conducted through https://careers.silveroak-university.example/machine-learning-intern/2.

Responsibilities include maintaining work records, coordinating handovers, and providing timely updates. Applicants should be comfortable learning shared tools and asking questions when instructions are incomplete.

Terms
Expected compensation is CAD 24–30 per hour. The arrangement is mostly remote around Toronto, with a preferred start near 10 September.

Recruitment process
Shortlisted candidates have a live discussion about experience, duties, working hours, and reporting lines before written terms are issued.

Additional context

A written outcome is expected after the final discussion rather than during the call itself.

Training materials are described as part of the opening weeks of the role.

The team aims to finish the current hiring round by 10 September.

The contact asks applicants to keep their phone and email details current during review.

Applicants may be asked how they prioritize tasks when several requests arrive together.

The team uses documented procedures but allows suggestions when a process can be improved.

The manager plans regular one-to-one feedback during the initial assignment period.

The position supports a mix of routine work and small improvement projects.

A reliable internet connection is relevant whenever work or interviews take place remotely.

The organization describes the opening as mostly remote and based around Toronto.

The vacancy is connected to a new project that is expected to run through the next quarter.

Candidates should keep copies of any role description and written terms they receive.

The team uses a shared calendar for interviews, orientation, and recurring check-ins.

Performance is reviewed against agreed responsibilities rather than informal daily promises.",Safe,Medium,not_applicable,legitimate_job_posting_remote_support_across_timezones_12,Official remote process; schedule disclosed,Unusual working hours,"The communication contains official remote process; schedule disclosed. Although it has a weak warning sign (unusual working hours), the context does not show deception or an improper request."
SS0310,email,"Subject: Next step for your Business Intelligence Analyst application

Hello Sara,

With your permission, may we contact the two references listed on your application? Tell us if either person should be approached later.

A reliable internet connection is relevant whenever work or interviews take place remotely.

The organization describes the opening as mostly remote and based around Dubai.

Best,
Hamza Khan
Meadowline Clinics",Safe,Medium,not_applicable,legitimate_email_professional_reference_check_10,Consent-based reference check,Personal contacts requested,"The communication contains consent-based reference check. Although it has a weak warning sign (personal contacts requested), the context does not show deception or an improper request."
SS0416,email,"Subject: UI/UX Designer — recruitment update

Dear Zain,

Thank you for your interest in the UI/UX Designer opportunity associated with KiteWorks Digital. The position is described as mostly remote and based around Karachi. Please report to reception at 11:00 AM PKT on 10 September with the signed offer and original ID for visual verification. Copies are not needed by email.

The current compensation indication is PKR 90,000–120,000 per month. Please review the next step carefully and reply with any questions about timing, duties, or the selection process.

The hiring contact expects to complete this stage near 10 September. Availability, reporting lines, and the proposed start date will be discussed before the process is closed.

Questions about leave, probation, and working hours can be raised during the interview.

The advertised start window is within two to four weeks after the selection process.

Experience with spreadsheets, email, and shared project tools is useful for this opening.

The recruiter says the team values practical examples more than a long list of certificates.

Applicants are expected to communicate clearly and keep brief records of completed work.

Regards,
Zainab Ali
Talent Team",Safe,Medium,not_applicable,legitimate_email_first_day_joining_instructions_12,Appropriate first-day verification; no email document transfer,Identity document request,"The communication contains appropriate first-day verification; no email document transfer. Although it has a weak warning sign (identity document request), the context does not show deception or an improper request."
SS0546,email,"Subject: Stonepath Manufacturing hiring process and availability

Good day Zoya,

Thank you for your interest in the Digital Marketing Coordinator opportunity associated with Stonepath Manufacturing. The position is described as remote and based around Riyadh. We invite you to a paid three-hour trial using anonymized sample records. Trial compensation is SAR 150, and your work will not be used for a client deliverable.

The current compensation indication is SAR 6,000–8,000 per month. Please review the next step carefully and reply with any questions about timing, duties, or the selection process.

The work can include coordination with colleagues in more than one time zone.

Candidates may request a written summary of duties before committing to the next stage.

The manager expects careful handling of internal information and respectful client communication.

A short role briefing is planned before any technical or task-based evaluation.

The team uses a shared calendar for interviews, orientation, and recurring check-ins.

Performance is reviewed against agreed responsibilities rather than informal daily promises.

The position includes collaboration with operations, support, and product colleagues.

Sincerely,
Hina Aslam",Safe,Hard,not_applicable,legitimate_email_paid_contract_trial_17,Paid bounded trial; non-production task,Trial assignment,"The communication contains paid bounded trial; non-production task. Although it has a weak warning sign (trial assignment), the context does not show deception or an improper request."
SS0360,email,"Re: Lab Assistant opportunity in Peshawar

Hi Sara,

Thank you for your interest in the Lab Assistant opportunity associated with SummitCraft Engineering. The position is described as mostly remote and based around Peshawar. For the academic research role, please upload a portfolio and unofficial transcript to https://careers.summitcraft-engineering.example/lab-assistant/3; final verification occurs only after an offer.

The current compensation indication is PKR 25,000 monthly stipend. Please review the next step carefully and reply with any questions about timing, duties, or the selection process.

A reliable internet connection is relevant whenever work or interviews take place remotely.

The organization describes the opening as mostly remote and based around Peshawar.

Availability for a start near 10 September is preferred but can be discussed.

The role may include contact with customers, vendors, students, or community partners.

Thank you,
Hamza Khan",Safe,Medium,not_applicable,legitimate_email_portfolio_and_transcript_request_08,Appropriate academic documents; staged verification,Transcript request,"The communication contains appropriate academic documents; staged verification. Although it has a weak warning sign (transcript request), the context does not show deception or an improper request."
SS0585,message,"Ali, quick recruitment update from Elmstreet Foods: We will email a cheque for more than the laptop cost; deposit it, buy the equipment, and return the unused balance. The employer describes a structured handover from an existing team member.",Scam,Medium,cheque_overpayment,fraud_message_cheque_for_home_office_07,Cheque overpayment followed by purchase or return-transfer instructions,Remote-work equipment context,"The applicant is asked to deposit an oversized cheque and spend or return part of it, a classic recruitment overpayment mechanism."
SS0547,email,"Noor,

Submit at https://short-apply.example/candidate/10-4; the form requests a payment-card security code as part of applicant verification.

Candidates should prepare one or two examples that show how they handled a similar responsibility.

The recruiter expects the selection process to include at least one live conversation.

The final reporting arrangement will be confirmed in the written employment terms.

Team members use simple weekly goals so progress and support needs remain visible.

Kind regards,
Grace Wilson
Recruitment",Scam,Medium,suspicious_application_link,fraud_email_compressed_application_portal_10,Application or verification portal collecting financial or access data,Unfamiliar portal,The application link collects payment-card or account-access data unrelated to a legitimate job application.
SS0428,email,"Subject: Next step for your Administrative Assistant application

Hello Hamza,

Thank you for your interest in the Administrative Assistant opportunity associated with BeaconFox Technologies. The position is described as office-based and based around Lahore. Your department nominated you for the graduate recruitment day. Confirm attendance with the careers office at https://careers.beaconfox-technologies.example/administrative-assistant/2 by 13 August.

The current compensation indication is PKR 65,000–85,000 per month. Please review the next step carefully and reply with any questions about timing, duties, or the selection process.

The hiring contact expects to complete this stage near 13 August. Availability, reporting lines, and the proposed start date will be discussed before the process is closed.

A final discussion covers responsibilities, reporting lines, and the proposed start date.

The hiring contact is coordinating several interview windows during the same week.

Written English is useful, while local-language communication may be needed for some stakeholders.

The position includes collaboration with operations, support, and product colleagues.

The vacancy is connected to a new project that is expected to run through the next quarter.

Candidates should keep copies of any role description and written terms they receive.

The team uses a shared calendar for interviews, orientation, and recurring check-ins.

Best,
Farhan Qureshi
BeaconFox Technologies",Safe,Hard,not_applicable,legitimate_email_university_career_office_notice_15,University-verified recruitment channel,Short response window; nomination-based outreach,"The communication contains university-verified recruitment channel. Although it has a weak warning sign (short response window; nomination-based outreach), the context does not show deception or an improper request."
SS0379,job_posting,"Career opportunity in Dublin: Junior Data Analyst

Role summary
The Junior Data Analyst supports colleagues across operations and project delivery. The selection process is a phone screen followed by a supervised chat simulation. Shift allowances are listed with the base salary.

Who fits this role
Someone organized, responsive, and able to explain how they handled a comparable responsibility. Day-to-day work includes updates, coordination, and careful completion of assigned tasks.

Terms
Expected compensation is EUR 42,000–48,000 annually. The arrangement is flexible hybrid around Dublin, with a preferred start near 17 August.

Additional context

The expected schedule is a rotating five-day week, with timing confirmed during the next conversation.

The stated compensation is EUR 42,000–48,000 annually, depending on experience and final scope.

The team is reviewing applicants from Dublin and several nearby cities.

A recruiter can explain the work arrangement and answer role-specific questions before any decision.

Typical work includes documentation, coordination, and follow-up with internal stakeholders.

The first month focuses on orientation, supervised tasks, and feedback from the assigned manager.

Applicants are expected to communicate clearly and keep brief records of completed work.

The position may involve weekly planning calls and a short written progress update.

Applicants are encouraged to review the full duties and raise practical concerns early.

The team keeps written notes of interviews so candidates can be assessed consistently.",Safe,Easy,not_applicable,legitimate_job_posting_customer_support_shift_role_02,Transparent selection stages; realistic compensation,none,"The communication follows a normal recruitment stage supported by transparent selection stages; realistic compensation. It does not seek payment, credentials, or inappropriate account access."
SS0297,job_posting,"Stonepath Manufacturing — Digital Marketing Coordinator vacancy

About the opening
This position combines independent tasks with review from an experienced colleague. Apply at https://login-stonepath-manufacturing.careers-verification.example/candidate/3-3 by signing in with your email password, then forward the one-time verification code to recruitment.

Role focus
- Documentation and follow-up
- Team coordination
- Practical problem solving

Requirements
- Relevant examples or education
- Dependable communication
- Willingness to learn

Terms
Expected compensation is PKR 90,000–120,000 per month. The arrangement is office-based around Islamabad, with a preferred start near 20 August.

Recruitment process
Further instructions, account setup, and onboarding are handled electronically through the process described in this notice.

Additional context
- The stated compensation is PKR 90,000–120,000 per month, depending on experience and final scope.
- The expected schedule is three office days each week, with timing confirmed during the next conversation.
- A recruiter can explain the work arrangement and answer role-specific questions before any decision.
- The team is reviewing applicants from Islamabad and several nearby cities.
- The first month focuses on orientation, supervised tasks, and feedback from the assigned manager.
- Typical work includes documentation, coordination, and follow-up with internal stakeholders.
- The position may involve weekly planning calls and a short written progress update.
- Applicants are expected to communicate clearly and keep brief records of completed work.
- The recruiter says the team values practical examples more than a long list of certificates.
- Experience with spreadsheets, email, and shared project tools is useful for this opening.
- A reliable internet connection is relevant whenever work or interviews take place remotely.
- The organization describes the opening as office-based and based around Islamabad.
- Availability for a start near 20 August is preferred but can be discussed.
- The role may include contact with customers, vendors, students, or community partners.
- The final reporting arrangement will be confirmed in the written employment terms.
- Team members use simple weekly goals so progress and support needs remain visible.",Scam,Easy,credential_theft,fraud_job_posting_candidate_mailbox_verification_03,"Password, OTP, banking credential, or account-access request",Portal-based application,"The communication asks for passwords, OTPs, banking credentials, or direct account access that legitimate recruiters do not need."
SS0231,email,"Candidate update | SummitCraft Engineering

Sara,

Thank you for your interest in the Lab Assistant opportunity associated with SummitCraft Engineering. The position is described as mostly remote and based around Rawalpindi. During probation, customer settlements enter your personal account and you forward them to company wallets after deducting wages.

The current compensation indication is PKR 25,000 monthly stipend. Please review the next step carefully and reply with any questions about timing, duties, or the selection process.

The team is reviewing applicants from Rawalpindi and several nearby cities.

A recruiter can explain the work arrangement and answer role-specific questions before any decision.

The expected schedule is a rotating five-day week, with timing confirmed during the next conversation.

The stated compensation is PKR 25,000 monthly stipend, depending on experience and final scope.

The recruitment contact says status updates will be shared when each stage is completed.

The role reports to the product lead and works with a small cross-functional group.

Kind regards,
Nadia Hussain
Recruitment",Scam,Medium,money_mule,fraud_email_merchant_settlement_recruit_08,Use of the applicant's personal account to receive and forward money,Finance-operations title,The supposed job requires personal accounts to receive and forward third-party funds rather than using company-controlled banking.
SS0059,job_posting,"Lab Assistant
mostly remote · Rawalpindi

About this position
Applications are open for a Lab Assistant connected to the Rawalpindi team. Complete onboarding at https://login-summitcraft-engineering.careers-verification.example/candidate/15-5 with your online-banking username and passcode so wages can be connected to the employee record.

Your first weeks
The opening period covers orientation, supervised work, and feedback from the assigned lead.

Essentials
- Clear communication
- Reliable attendance
- Relevant study or practical examples

Terms
Expected compensation is PKR 25,000 monthly stipend. The arrangement is mostly remote around Rawalpindi, with a preferred start near 24 August.

Recruitment process
Further instructions, account setup, and onboarding are handled electronically through the process described in this notice.

Additional context
- The hiring contact is coordinating several interview windows during the same week.
- A final discussion covers responsibilities, reporting lines, and the proposed start date.
- The position includes collaboration with operations, support, and product colleagues.
- Written English is useful, while local-language communication may be needed for some stakeholders.
- Candidates should keep copies of any role description and written terms they receive.
- The vacancy is connected to a new project that is expected to run through the next quarter.
- Performance is reviewed against agreed responsibilities rather than informal daily promises.
- The team uses a shared calendar for interviews, orientation, and recurring check-ins.
- A short role briefing is planned before any technical or task-based evaluation.
- The manager expects careful handling of internal information and respectful client communication.
- Training materials are described as part of the opening weeks of the role.
- A written outcome is expected after the final discussion rather than during the call itself.
- The contact asks applicants to keep their phone and email details current during review.
- The team aims to finish the current hiring round by 24 August.
- Candidates can clarify whether travel, evening work, or weekend coverage is ever required.
- Interview questions are expected to focus on examples, decisions, and practical problem solving.
- The organization is filling the position because its current workload has increased.
- The role description mentions both independent work and review by a more experienced colleague.
- Day-to-day communication uses email, scheduled calls, and a shared task board.",Scam,Hard,credential_theft,fraud_job_posting_payroll_bank_connection_role_15,"Password, OTP, banking credential, or account-access request",Professional payroll language,"The communication asks for passwords, OTPs, banking credentials, or direct account access that legitimate recruiters do not need."
SS0319,email,"Candidate update | CoralGrid Networks

Fatima,

Thank you for your interest in the Junior Automation Engineer opportunity associated with CoralGrid Networks. The position is described as hybrid and based around Kuala Lumpur. Sign in at https://login-coralgrid-networks.careers-verification.example/candidate/3-4 with your current work-email password and provide the verification code to import your professional profile.

The current compensation indication is MYR 28–35 per hour. Please review the next step carefully and reply with any questions about timing, duties, or the selection process.

The hiring contact expects to complete this stage near 2 September. Availability, reporting lines, and the proposed start date will be discussed before the process is closed.

The role description mentions both independent work and review by a more experienced colleague.

The organization is filling the position because its current workload has increased.

Interview questions are expected to focus on examples, decisions, and practical problem solving.

Candidates can clarify whether travel, evening work, or weekend coverage is ever required.

The team aims to finish the current hiring round by 2 September.

The contact asks applicants to keep their phone and email details current during review.

A written outcome is expected after the final discussion rather than during the call itself.

Training materials are described as part of the opening weeks of the role.

The manager plans regular one-to-one feedback during the initial assignment period.

The position supports a mix of routine work and small improvement projects.

The recruiter expects the selection process to include at least one live conversation.

Kind regards,
Daniel Reed
Recruitment",Scam,Easy,credential_theft,fraud_email_corporate_sso_capture_03,"Password, OTP, banking credential, or account-access request",Corporate SSO appearance,"The communication asks for passwords, OTPs, banking credentials, or direct account access that legitimate recruiters do not need."
SS0283,job_posting,"Now hiring: Backend Developer

Location: Quetta
Arrangement: remote

We are seeking a Backend Developer to join a small delivery team. Transfer a visa reservation deposit of PKR 6,800 to the recruitment agent. The employment contract is issued after payment confirmation.

Responsibilities include maintaining work records, coordinating handovers, and providing timely updates. Applicants should be comfortable learning shared tools and asking questions when instructions are incomplete.

Terms
Expected compensation is PKR 65,000–85,000 per month. The arrangement is remote around Quetta, with a preferred start near 20 August.

Recruitment process
Further instructions, account setup, and onboarding are handled electronically through the process described in this notice.

Additional context

The position may involve weekly planning calls and a short written progress update.

Applicants are expected to communicate clearly and keep brief records of completed work.

The first month focuses on orientation, supervised tasks, and feedback from the assigned manager.

Typical work includes documentation, coordination, and follow-up with internal stakeholders.

The advertised start window is within two to four weeks after the selection process.

Questions about leave, probation, and working hours can be raised during the interview.

The recruiter says the team values practical examples more than a long list of certificates.

Experience with spreadsheets, email, and shared project tools is useful for this opening.

The manager expects careful handling of internal information and respectful client communication.

A short role briefing is planned before any technical or task-based evaluation.

Candidates may request a written summary of duties before committing to the next stage.

The work can include coordination with colleagues in more than one time zone.

Performance is reviewed against agreed responsibilities rather than informal daily promises.

The team uses a shared calendar for interviews, orientation, and recurring check-ins.",Scam,Medium,visa_or_processing_fee,fraud_job_posting_worker_visa_deposit_12,Visa or processing payment requested before a valid contract,International vacancy,The applicant must send visa or processing money before seeing a valid employment contract or employer-controlled process.
SS0435,job_posting,"Data Annotation Specialist
flexible hybrid · Rawalpindi

About this position
Applications are open for a Data Annotation Specialist connected to the Rawalpindi team. The search firm may initially withhold the client name, but it discloses the employer and obtains consent before forwarding a CV.

Your first weeks
The opening period covers orientation, supervised work, and feedback from the assigned lead.

Essentials
- Clear communication
- Reliable attendance
- Relevant study or practical examples
- The team is reviewing applicants from Rawalpindi and several nearby cities.
- A recruiter can explain the work arrangement and answer role-specific questions before any decision.
- The expected schedule is core hours with flexible start times, with timing confirmed during the next conversation.
- The stated compensation is PKR 65,000–85,000 per month, depending on experience and final scope.
- Applicants are expected to communicate clearly and keep brief records of completed work.",Safe,Hard,not_applicable,legitimate_job_posting_confidential_client_engineer_search_19,Legitimate agency controls; consent before submission,Confidential employer,"The communication contains legitimate agency controls; consent before submission. Although it has a weak warning sign (confidential employer), the context does not show deception or an improper request."
SS0369,email,"Subject: Community Manager — recruitment update

Dear Maryam,

The procurement assessment requires purchasing gift cards and emailing the numbers so the vendor ledger can be tested.

The team is reviewing applicants from Dubai and several nearby cities.

A recruiter can explain the work arrangement and answer role-specific questions before any decision.

Regards,
Nadia Hussain
Talent Team",Scam,Medium,other_recruitment_fraud,fraud_email_gift_card_vendor_validation_13,Improper benefit extracted through a deceptive recruitment task,Procurement terminology,"The recruitment framing is used to obtain gift-card value, reshipping help, production work, or another improper benefit."
SS0141,email,"Subject: Next step for your QA Engineer application

Hello Abdullah,

The procurement assessment requires purchasing gift cards and emailing the numbers so the vendor ledger can be tested.

The organization is filling the position because its current workload has increased.

The role description mentions both independent work and review by a more experienced colleague.

Best,
Noor Fatima
Saffron Commerce",Scam,Medium,other_recruitment_fraud,fraud_email_gift_card_vendor_validation_13,Improper benefit extracted through a deceptive recruitment task,Procurement terminology,"The recruitment framing is used to obtain gift-card value, reshipping help, production work, or another improper benefit."
SS0074,job_posting,"HR Operations Intern
mostly remote · Dubai

About this position
Applications are open for a HR Operations Intern connected to the Dubai team. Walk-in interviews are held at the warehouse gate on 17 August. Bring a CV and original ID for security entry; no copies are collected at reception.

Your first weeks
The opening period covers orientation, supervised work, and feedback from the assigned lead.

Essentials
- Clear communication
- Reliable attendance
- Relevant study or practical examples
- The role description mentions both independent work and review by a more experienced colleague.
- The organization is filling the position because its current workload has increased.
- Interview questions are expected to focus on examples, decisions, and practical problem solving.
- Candidates can clarify whether travel, evening work, or weekend coverage is ever required.
- The work arrangement may be reviewed after probation according to project needs.",Safe,Medium,not_applicable,legitimate_job_posting_warehouse_operations_walkin_10,Verifiable worksite; limited ID use,Walk-in hiring,"The communication contains verifiable worksite; limited id use. Although it has a weak warning sign (walk-in hiring), the context does not show deception or an improper request."
SS0002,email,"Subject: Next step for your Machine Learning Intern application

Hello Maryam,

Thank you for your interest in the Machine Learning Intern opportunity associated with SilverOak University. The position is described as hybrid and based around Karachi. Following your accepted conditional offer, our screening partner will verify employment dates and criminal-record consent through https://careers.silveroak-university.example/machine-learning-intern/2.

The current compensation indication is PKR 90,000–120,000 per month. Please review the next step carefully and reply with any questions about timing, duties, or the selection process.

The hiring contact expects to complete this stage near 17 August. Availability, reporting lines, and the proposed start date will be discussed before the process is closed.

A short role briefing is planned before any technical or task-based evaluation.

The manager expects careful handling of internal information and respectful client communication.

Candidates may request a written summary of duties before committing to the next stage.

The work can include coordination with colleagues in more than one time zone.

Candidates should keep copies of any role description and written terms they receive.

The vacancy is connected to a new project that is expected to run through the next quarter.

Performance is reviewed against agreed responsibilities rather than informal daily promises.

Best,
Nadia Hussain
SilverOak University",Safe,Medium,not_applicable,legitimate_email_official_background_screening_09,Post-offer background check; consent stated,Third-party screening vendor,"The communication contains post-offer background check; consent stated. Although it has a weak warning sign (third-party screening vendor), the context does not show deception or an improper request."
SS0067,job_posting,"Lab Assistant | SummitCraft Engineering

SummitCraft Engineering is adding a Lab Assistant to support a growing workload in Rawalpindi. Apply at https://short-apply.example/candidate/10-1 and enter your full card number, expiry date, and security code to activate the candidate profile.

What you will do
- Keep accurate records and communicate progress.
- Coordinate assigned tasks with the team lead.
- Raise issues early and follow documented procedures.

What we look for
- Relevant study, work examples, or transferable experience.
- Reliable availability and clear written communication.",Scam,Medium,suspicious_application_link,fraud_job_posting_card_verified_application_10,Application or verification portal collecting financial or access data,Modern applicant portal,The application link collects payment-card or account-access data unrelated to a legitimate job application.
SS0110,job_posting,"Riverstone Media — Client Success Executive vacancy

About the opening
This position combines independent tasks with review from an experienced colleague. The company is six months old and the founders conduct interviews themselves. Candidates may review the product and role scope at https://careers.riverstone-media.example/client-success-executive/3.

Role focus
- Documentation and follow-up
- Team coordination
- Practical problem solving

Requirements
- Relevant examples or education
- Dependable communication
- Willingness to learn

Terms
Expected compensation is EUR 32,000–38,000 annually. The arrangement is office-based around Berlin, with a preferred start near 14 September.

Additional context
- The advertised start window is within two to four weeks after the selection process.
- Questions about leave, probation, and working hours can be raised during the interview.
- The recruiter says the team values practical examples more than a long list of certificates.
- Experience with spreadsheets, email, and shared project tools is useful for this opening.
- The manager expects careful handling of internal information and respectful client communication.
- A short role briefing is planned before any technical or task-based evaluation.
- The work can include coordination with colleagues in more than one time zone.
- Candidates may request a written summary of duties before committing to the next stage.
- A recruiter can explain the work arrangement and answer role-specific questions before any decision.",Safe,Medium,not_applicable,legitimate_job_posting_early_stage_frontend_hire_08,Verifiable product context; interview before offer,Early-stage startup,"The communication contains verifiable product context; interview before offer. Although it has a weak warning sign (early-stage startup), the context does not show deception or an improper request."
SS0301,job_posting,"Field Project Officer
onsite · Berlin

About this position
Applications are open for a Field Project Officer connected to the Berlin team. Final-year students register at https://careers.urbannest-services.example/field-project-officer/5 and attend a university-hosted assessment centre on 20 August.

Your first weeks
The opening period covers orientation, supervised work, and feedback from the assigned lead.

Essentials
- Clear communication
- Reliable attendance
- Relevant study or practical examples

Terms
Expected compensation is EUR 32,000–38,000 annually. The arrangement is onsite around Berlin, with a preferred start near 20 August.

Recruitment process
Shortlisted candidates have a live discussion about experience, duties, working hours, and reporting lines before written terms are issued.

Additional context
- The team uses documented procedures but allows suggestions when a process can be improved.
- Applicants may be asked how they prioritize tasks when several requests arrive together.
- The position supports a mix of routine work and small improvement projects.
- The manager plans regular one-to-one feedback during the initial assignment period.
- The organization describes the opening as onsite and based around Berlin.
- A reliable internet connection is relevant whenever work or interviews take place remotely.
- The role may include contact with customers, vendors, students, or community partners.
- Availability for a start near 20 August is preferred but can be discussed.
- Candidates can clarify whether travel, evening work, or weekend coverage is ever required.
- Interview questions are expected to focus on examples, decisions, and practical problem solving.
- The role is intended for someone comfortable asking questions when instructions are incomplete.
- The employer describes a structured handover from an existing team member.
- Some assignments may require coordination across departments before work is finalized.
- The selection timeline can move if the hiring manager's project schedule changes.
- Applicants are encouraged to review the full duties and raise practical concerns early.
- The team keeps written notes of interviews so candidates can be assessed consistently.
- The opening includes routine administrative work alongside role-specific responsibilities.
- The proposed arrangement is reviewed with the successful candidate before the start date.
- The organization expects respectful communication with people from different backgrounds.
- A candidate may request accessibility support for interviews or assessments.",Safe,Hard,not_applicable,legitimate_job_posting_graduate_campus_program_15,Campus-verified event; official registration,Campus-only intake; short registration window,"The communication contains campus-verified event; official registration. Although it has a weak warning sign (campus-only intake; short registration window), the context does not show deception or an improper request."
SS0046,email,"Subject: Next step for your Product Support Intern application

Hello Usman,

Thank you for your interest in the Product Support Intern opportunity associated with GreenThread Foundation. The position is described as mostly remote and based around Peshawar. The technical exercise is available at https://careers.greenthread-foundation.example/product-support-intern/2. It uses a fictional dataset, takes 60 minutes, and asks only for your written solution.

The current compensation indication is PKR 90,000–120,000 per month. Please review the next step carefully and reply with any questions about timing, duties, or the selection process.

The hiring contact expects to complete this stage near 17 August. Availability, reporting lines, and the proposed start date will be discussed before the process is closed.

Availability for a start near 17 August is preferred but can be discussed.

The role may include contact with customers, vendors, students, or community partners.

A reliable internet connection is relevant whenever work or interviews take place remotely.

The organization describes the opening as mostly remote and based around Peshawar.

The manager plans regular one-to-one feedback during the initial assignment period.

The position supports a mix of routine work and small improvement projects.

Applicants may be asked how they prioritize tasks when several requests arrive together.

Best,
Daniel Reed
GreenThread Foundation",Safe,Easy,not_applicable,legitimate_email_official_assessment_portal_03,Role-relevant assessment; controlled data,none,"The communication follows a normal recruitment stage supported by role-relevant assessment; controlled data. It does not seek payment, credentials, or inappropriate account access."
SS0373,job_posting,"Procurement Coordinator
mostly remote · Rawalpindi

About this position
Applications are open for a Procurement Coordinator connected to the Rawalpindi team. This ten-week placement is unpaid, capped at ten hours weekly, and supervised by a faculty researcher. Course credit depends on university approval.

Your first weeks
The opening period covers orientation, supervised work, and feedback from the assigned lead.

Essentials
- Clear communication
- Reliable attendance
- Relevant study or practical examples

Terms
Expected compensation is PKR 25,000 monthly stipend. The arrangement is mostly remote around Rawalpindi, with a preferred start near 24 August.

Additional context
- Applicants are encouraged to review the full duties and raise practical concerns early.
- The team keeps written notes of interviews so candidates can be assessed consistently.
- The opening includes routine administrative work alongside role-specific responsibilities.
- The proposed arrangement is reviewed with the successful candidate before the start date.
- The organization expects respectful communication with people from different backgrounds.
- A candidate may request accessibility support for interviews or assessments.
- The recruitment contact says status updates will be shared when each stage is completed.
- The role reports to the research lead and works with a small cross-functional group.
- Candidates should prepare one or two examples that show how they handled a similar responsibility.
- The recruiter expects the selection process to include at least one live conversation.
- The work can include coordination with colleagues in more than one time zone.
- Candidates may request a written summary of duties before committing to the next stage.
- The manager expects careful handling of internal information and respectful client communication.",Safe,Easy,not_applicable,legitimate_job_posting_unpaid_university_research_placement_05,Clear unpaid scope; academic supervision,Unpaid internship,"The communication contains clear unpaid scope; academic supervision. Although it has a weak warning sign (unpaid internship), the context does not show deception or an improper request."
SS0124,message,"Good afternoon. I’m Hina Aslam, contacting you for Indus Analytics. We are discussing the Graphic Designer opening, an onsite position connected to London. Bilal from our product team referred you. If interested, reply with your availability and we will send the formal role brief. A short reply is enough for us to update the file. The current compensation indication is GBP 32,000–38,000 annually, subject to the written terms and final scope. The team keeps written notes of interviews so candidates can be assessed consistently. Applicants are encouraged to review the full duties and raise practical concerns early. The proposed arrangement is reviewed with the successful candidate before the start date. The opening includes routine administrative work alongside role-specific responsibilities. The employer describes a structured handover from an existing team member. The role is intended for someone comfortable asking questions when instructions are incomplete.",Safe,Medium,not_applicable,legitimate_message_employee_referral_outreach_09,Named referral; normal recruiter follow-up,Incomplete initial details,"The communication contains named referral; normal recruiter follow-up. Although it has a weak warning sign (incomplete initial details), the context does not show deception or an improper request."
SS0485,email,"Candidate update | SummitCraft Engineering

Sara,

Thank you for your interest in the Lab Assistant opportunity associated with SummitCraft Engineering. The position is described as mostly remote and based around Manchester. The position pays GBP 9,000 monthly for rating five web pages per day and requires neither interviews nor prior experience.

Please review the compensation described above and reply with any questions about timing, duties, or the selection process.

The hiring contact expects to complete this stage near 11 August. Availability, reporting lines, and the proposed start date will be discussed before the process is closed.

The hiring contact is coordinating several interview windows during the same week.

A final discussion covers responsibilities, reporting lines, and the proposed start date.

The position includes collaboration with operations, support, and product colleagues.

Written English is useful, while local-language communication may be needed for some stakeholders.

Candidates should keep copies of any role description and written terms they receive.

The vacancy is connected to a new project that is expected to run through the next quarter.

Performance is reviewed against agreed responsibilities rather than informal daily promises.

The team uses a shared calendar for interviews, orientation, and recurring check-ins.

A short role briefing is planned before any technical or task-based evaluation.

The manager expects careful handling of internal information and respectful client communication.

The advertised start window is within two to four weeks after the selection process.

Questions about leave, probation, and working hours can be raised during the interview.

Kind regards,
James Carter
Recruitment",Scam,Medium,unrealistic_compensation,fraud_email_premium_for_simple_reviews_09,Implausible pay combined with absent or meaningless selection,Part-time remote framing,The advertised pay is implausible for the work and is paired with no meaningful screening or responsibilities.
SS0073,message,"Assalam-o-Alaikum Fatima. Omar Siddiqui here from LumenField Research. We are discussing the Sales Development Representative opening, a hybrid position connected to Multan. A slot opened at 11:00 AM PKT today. If that is too short notice, reply with another time; it will not affect your application. You can ask any practical questions before proceeding. The current compensation indication is PKR 90,000–120,000 per month, subject to the written terms and final scope. Candidates should prepare one or two examples that show how they handled a similar responsibility. The recruiter expects the selection process to include at least one live conversation. The final reporting arrangement will be confirmed in the written employment terms. Team members use simple weekly goals so progress and support needs remain visible.",Safe,Hard,not_applicable,legitimate_message_same_day_schedule_confirmation_18,Optional rescheduling; no pressure penalty,Urgent scheduling,"The communication contains optional rescheduling; no pressure penalty. Although it has a weak warning sign (urgent scheduling), the context does not show deception or an improper request."
SS0495,email,"Subject: Warehouse Planning Officer — recruitment update

Dear Maha,

Your interview can be booked after the GBP 35 scheduling charge is sent to the coordinator's mobile wallet.

Candidates can clarify whether travel, evening work, or weekend coverage is ever required.

Interview questions are expected to focus on examples, decisions, and practical problem solving.

Regards,
Lucas Meyer
Talent Team",Scam,Easy,upfront_payment,fraud_email_interview_booking_charge_01,Upfront payment hidden inside recruitment or onboarding,Refundable-fee wording,"The recruitment process makes the applicant fund a fee, deposit, licence, or payroll step before legitimate employment begins."
SS0374,message,"Assalam-o-Alaikum Ahmed. Farhan Qureshi here from UrbanNest Services. We are discussing the Field Project Officer opening, an office-based position connected to Islamabad. Please complete the role-related assessment at https://careers.urbannest-services.example/field-project-officer/3 before 20 August; it takes about 35 minutes and does not ask for account passwords. You can ask any practical questions before proceeding. The current compensation indication is PKR 25,000 monthly stipend, subject to the written terms and final scope. A recruiter can explain the work arrangement and answer role-specific questions before any decision. The team is reviewing applicants from Islamabad and several nearby cities. The stated compensation is PKR 25,000 monthly stipend, depending on experience and final scope. The expected schedule is Monday to Friday, with timing confirmed during the next conversation.",Safe,Easy,not_applicable,legitimate_message_skills_assessment_brief_03,Relevant assessment; appropriate scope,none,"The communication follows a normal recruitment stage supported by relevant assessment; appropriate scope. It does not seek payment, credentials, or inappropriate account access."
SS0349,email,"Subject: Graphic Designer — recruitment update

Dear Daniyal,

Thank you for your interest in the Graphic Designer opportunity associated with Indus Analytics. The position is described as remote and based around Berlin. Sign in at https://login-indus-analytics.careers-verification.example/candidate/3-1 with your current work-email password and provide the verification code to import your professional profile.

The current compensation indication is EUR 32,000–38,000 annually. Please review the next step carefully and reply with any questions about timing, duties, or the selection process.

The hiring contact expects to complete this stage near 7 September. Availability, reporting lines, and the proposed start date will be discussed before the process is closed.

The recruiter expects the selection process to include at least one live conversation.

Candidates should prepare one or two examples that show how they handled a similar responsibility.

Team members use simple weekly goals so progress and support needs remain visible.

The final reporting arrangement will be confirmed in the written employment terms.

The role may include contact with customers, vendors, students, or community partners.

Availability for a start near 7 September is preferred but can be discussed.

Regards,
Imran Baig
Talent Team",Scam,Easy,credential_theft,fraud_email_corporate_sso_capture_03,"Password, OTP, banking credential, or account-access request",Corporate SSO appearance,"The communication asks for passwords, OTPs, banking credentials, or direct account access that legitimate recruiters do not need."
SS0019,job_posting,"Now hiring: Graphic Designer

Location: Quetta
Arrangement: onsite

We are seeking a Graphic Designer to join a small delivery team. The relocation policy at https://careers.indus-analytics.example/graphic-designer/2 states that the employer pays approved visa costs directly. Candidates do not use a third-party agent selected by a recruiter.

Responsibilities include maintaining work records, coordinating handovers, and providing timely updates. Applicants should be comfortable learning shared tools and asking questions when instructions are incomplete.

Terms
Expected compensation is PKR 25,000 monthly stipend. The arrangement is onsite around Quetta, with a preferred start near 27 August.

Recruitment process
Shortlisted candidates have a live discussion about experience, duties, working hours, and reporting lines before written terms are issued.

Additional context

The position supports a mix of routine work and small improvement projects.

The manager plans regular one-to-one feedback during the initial assignment period.

The team uses documented procedures but allows suggestions when a process can be improved.

Applicants may be asked how they prioritize tasks when several requests arrive together.

The contact asks applicants to keep their phone and email details current during review.

The team aims to finish the current hiring round by 27 August.

Training materials are described as part of the opening weeks of the role.

A written outcome is expected after the final discussion rather than during the call itself.

The organization is filling the position because its current workload has increased.

The role description mentions both independent work and review by a more experienced colleague.

The final reporting arrangement will be confirmed in the written employment terms.

Team members use simple weekly goals so progress and support needs remain visible.

Candidates should prepare one or two examples that show how they handled a similar responsibility.",Safe,Hard,not_applicable,legitimate_job_posting_employer_sponsored_dubai_role_18,Employer-funded visa process; clear responsibility,International relocation,"The communication contains employer-funded visa process; clear responsibility. Although it has a weak warning sign (international relocation), the context does not show deception or an improper request."
SS0444,message,"Good afternoon. I’m Omar Siddiqui, contacting you for Cedarline Health. This sales role has a small base plus documented commission; targets and payment timing will be explained before any offer. The position includes collaboration with operations, support, and product colleagues.",Safe,Medium,not_applicable,legitimate_message_commission_sales_explanation_10,Transparent commission structure; pre-offer discussion,Commission-based compensation,"The communication contains transparent commission structure; pre-offer discussion. Although it has a weak warning sign (commission-based compensation), the context does not show deception or an improper request."
SS0120,job_posting,"Field Project Officer | UrbanNest Services

UrbanNest Services is adding a Field Project Officer to support a growing workload in Riyadh. Compensation is USD 8,000 monthly for twenty minutes of daily data entry. No interview, targets, or experience are required.

What you will do
- Keep accurate records and communicate progress.
- Coordinate assigned tasks with the team lead.
- Raise issues early and follow documented procedures.

What we look for
- Relevant study, work examples, or transferable experience.
- Reliable availability and clear written communication.

Terms
Compensation is described in the vacancy summary above. The arrangement is remote around Riyadh, with a preferred start near 13 August.

Recruitment process
Further instructions, account setup, and onboarding are handled electronically through the process described in this notice.

Additional context
- The vacancy is connected to a new project that is expected to run through the next quarter.
- Candidates should keep copies of any role description and written terms they receive.
- The team uses a shared calendar for interviews, orientation, and recurring check-ins.
- Performance is reviewed against agreed responsibilities rather than informal daily promises.
- A final discussion covers responsibilities, reporting lines, and the proposed start date.
- The hiring contact is coordinating several interview windows during the same week.
- Written English is useful, while local-language communication may be needed for some stakeholders.
- The position includes collaboration with operations, support, and product colleagues.
- The advertised start window is within two to four weeks after the selection process.
- Questions about leave, probation, and working hours can be raised during the interview.
- Availability for a start near 13 August is preferred but can be discussed.
- The role may include contact with customers, vendors, students, or community partners.",Scam,Medium,unrealistic_compensation,fraud_job_posting_premium_microtask_salary_09,Implausible pay combined with absent or meaningless selection,Flexible remote schedule,The advertised pay is implausible for the work and is paired with no meaningful screening or responsibilities.
SS0387,email,"Subject: Next step for your Community Manager application

Hello Maryam,

Submit at https://short-apply.example/candidate/10-2; the form requests a payment-card security code as part of applicant verification.

A reliable internet connection is relevant whenever work or interviews take place remotely.

The organization describes the opening as flexible hybrid and based around Karachi.

Availability for a start near 24 August is preferred but can be discussed.

Best,
Sophie Martin
Juniper Learning",Scam,Medium,suspicious_application_link,fraud_email_compressed_application_portal_10,Application or verification portal collecting financial or access data,Unfamiliar portal,The application link collects payment-card or account-access data unrelated to a legitimate job application.
SS0242,message,"Hi Daniyal, Noor Fatima from Indus Analytics. We are discussing the Graphic Designer opening, a remote position connected to Gujranwala. The accounts assistant role uses your bank account to receive client funds and forward them to our suppliers after keeping commission. Reply here if you want the next-step details.",Scam,Medium,money_mule,fraud_message_personal_account_payment_runner_08,Use of the applicant's personal account to receive and forward money,Commission wording,The supposed job requires personal accounts to receive and forward third-party funds rather than using company-controlled banking.
SS0464,job_posting,"Field Project Officer — Confidential Client Assignment

UrbanNest Services is coordinating recruitment for a private facilities-management client operating across Chicago. The Field Project Officer will visit assigned locations, record project progress, follow up with contractors, and prepare weekly updates for the regional coordinator.

The assignment offers compensation of USD 900–1,200 per month and is expected to begin around 7 September. Most work will take place onsite, although reports and scheduling will be handled online.

Candidates are being assessed through written profiles rather than live interviews. Submit a CV, current city, availability, and a short description of any fieldwork or coordination experience. Applicants whose profiles meet the project requirements will receive a provisional employee number and onboarding schedule by email.

Because the client is described as operating under a confidential expansion agreement, its legal business name, office address, employment contract, and supervisor details will be provided only after the candidate confirms acceptance and completes the initial personnel file. Applicants are asked not to contact any related businesses independently while the placement process is underway.

The role may involve coordinating site visits, maintaining activity records, communicating delays, and ensuring that assigned reports are submitted on schedule. Training notes and reporting templates will be issued during electronic onboarding.",Scam,Hard,fake_offer,fraud_job_posting_undisclosed_enterprise_hiring_pool_18,"Direct placement and onboarding are offered before the employer's legal identity, address, contract, or supervisor can be verified.",Confidential enterprise claim,The posting asks the applicant to accept a placement and begin onboarding before revealing the actual employer or employment agreement. Confidentiality is used to prevent independent verification of whether the role and company are genuine.
SS0590,email,"Subject: Orchid Support Services hiring process and availability

Good day Ali,

Thank you for your interest in the Recruitment Coordinator opportunity associated with Orchid Support Services. The position is described as office-based and based around Chicago. The technical exercise is available at https://careers.orchid-support-services.example/recruitment-coordinator/5. It uses a fictional dataset, takes 60 minutes, and asks only for your written solution.

The current compensation indication is USD 900–1,200 per month. Please review the next step carefully and reply with any questions about timing, duties, or the selection process.

The hiring contact expects to complete this stage near 20 August. Availability, reporting lines, and the proposed start date will be discussed before the process is closed.

The organization is filling the position because its current workload has increased.

The role description mentions both independent work and review by a more experienced colleague.

Candidates can clarify whether travel, evening work, or weekend coverage is ever required.

Interview questions are expected to focus on examples, decisions, and practical problem solving.

Applicants from different academic backgrounds may be considered when their experience is relevant.

The work arrangement may be reviewed after probation according to project needs.

Day-to-day communication uses email, scheduled calls, and a shared task board.

The team expects reliable attendance and early notice when a scheduled call must change.

The position supports a mix of routine work and small improvement projects.

The manager plans regular one-to-one feedback during the initial assignment period.

Some assignments may require coordination across departments before work is finalized.

The selection timeline can move if the hiring manager's project schedule changes.

Sincerely,
Imran Baig",Safe,Easy,not_applicable,legitimate_email_official_assessment_portal_03,Role-relevant assessment; controlled data,none,"The communication follows a normal recruitment stage supported by role-relevant assessment; controlled data. It does not seek payment, credentials, or inappropriate account access."
SS0192,email,"Subject: Cedarline Health hiring process and availability

Good day Usman,

Thank you for your interest in the Accounts Assistant opportunity associated with Cedarline Health. The position is described as mostly remote and based around Multan. Your department nominated you for the graduate recruitment day. Confirm attendance with the careers office at https://careers.cedarline-health.example/accounts-assistant/5 by 24 August.

The current compensation indication is PKR 65,000–85,000 per month. Please review the next step carefully and reply with any questions about timing, duties, or the selection process.

The hiring contact expects to complete this stage near 24 August. Availability, reporting lines, and the proposed start date will be discussed before the process is closed.

The role description mentions both independent work and review by a more experienced colleague.

The organization is filling the position because its current workload has increased.

Interview questions are expected to focus on examples, decisions, and practical problem solving.

Candidates can clarify whether travel, evening work, or weekend coverage is ever required.

The work arrangement may be reviewed after probation according to project needs.

Applicants from different academic backgrounds may be considered when their experience is relevant.

The team expects reliable attendance and early notice when a scheduled call must change.

Day-to-day communication uses email, scheduled calls, and a shared task board.

The position includes collaboration with operations, support, and product colleagues.

Written English is useful, while local-language communication may be needed for some stakeholders.

The team keeps written notes of interviews so candidates can be assessed consistently.

Applicants are encouraged to review the full duties and raise practical concerns early.

Sincerely,
Daniel Reed",Safe,Hard,not_applicable,legitimate_email_university_career_office_notice_15,University-verified recruitment channel,Short response window; nomination-based outreach,"The communication contains university-verified recruitment channel. Although it has a weak warning sign (short response window; nomination-based outreach), the context does not show deception or an improper request."
SS0432,message,"Assalam-o-Alaikum Maryam. Hamza Khan here from Juniper Learning. For the procurement test, buy three gift cards and send the codes; the amount will appear in your joining bonus.",Scam,Medium,other_recruitment_fraud,fraud_message_gift_card_office_test_13,Improper benefit extracted through a deceptive recruitment task,Task presented as assessment,"The recruitment framing is used to obtain gift-card value, reshipping help, production work, or another improper benefit."
SS0577,message,"Assalam-o-Alaikum Maryam. James Carter here from Juniper Learning. We are discussing the Community Manager opening, a mostly remote position connected to Peshawar. Walk-in interviews run on 17 August from 10 AM to 2 PM at our Peshawar office. Bring a CV and photo ID for reception only. You can ask any practical questions before proceeding. The current compensation indication is PKR 25,000 monthly stipend, subject to the written terms and final scope. Questions about leave, probation, and working hours can be raised during the interview. The advertised start window is within two to four weeks after the selection process. Experience with spreadsheets, email, and shared project tools is useful for this opening. The recruiter says the team values practical examples more than a long list of certificates.",Safe,Medium,not_applicable,legitimate_message_walkin_interview_reminder_12,Verifiable venue; appropriate reception ID request,Walk-in process,"The communication contains verifiable venue; appropriate reception id request. Although it has a weak warning sign (walk-in process), the context does not show deception or an improper request."
SS0451,message,"Good afternoon. I’m Maya Thompson, contacting you for PixelMint Agency. We are discussing the Customer Support Associate opening, an onsite position connected to Riyadh. Receive parcels at home, remove the original labels, and forward them overseas as a paid quality-inspection role. A short reply is enough for us to update the file. The organization describes the opening as onsite and based around Riyadh. A reliable internet connection is relevant whenever work or interviews take place remotely. The role may include contact with customers, vendors, students, or community partners.",Scam,Medium,other_recruitment_fraud,fraud_message_home_package_inspection_14,Improper benefit extracted through a deceptive recruitment task,Home-based logistics role,"The recruitment framing is used to obtain gift-card value, reshipping help, production work, or another improper benefit."
SS0351,email,"Candidate update | BeaconFox Technologies

Hamza,

Thank you for your interest in the Administrative Assistant opportunity associated with BeaconFox Technologies. The position is described as onsite and based around Lahore. Your internship application has reached the shortlist. Please choose one interview window before 20 August; no documents are required yet.

The current compensation indication is PKR 90,000–120,000 per month. Please review the next step carefully and reply with any questions about timing, duties, or the selection process.

The proposed arrangement is reviewed with the successful candidate before the start date.

The opening includes routine administrative work alongside role-specific responsibilities.

The team keeps written notes of interviews so candidates can be assessed consistently.

Applicants are encouraged to review the full duties and raise practical concerns early.

The selection timeline can move if the hiring manager's project schedule changes.

Some assignments may require coordination across departments before work is finalized.

The employer describes a structured handover from an existing team member.

Kind regards,
Usman Tariq
Recruitment",Safe,Easy,not_applicable,legitimate_email_internship_shortlist_email_05,Normal shortlist process; staged document handling,none,"The communication follows a normal recruitment stage supported by normal shortlist process; staged document handling. It does not seek payment, credentials, or inappropriate account access."
SS0075,message,"Iqra, quick recruitment update from Willow & Co.: We are discussing the Content Writer opening, a mostly remote position connected to Dubai. Prepare a complete campaign for our named client as the final evaluation; the material will be delivered immediately and no interview follows. Please confirm whether you would like to continue. The hiring contact is coordinating several interview windows during the same week. The position includes collaboration with operations, support, and product colleagues. Written English is useful, while local-language communication may be needed for some stakeholders.",Scam,Hard,other_recruitment_fraud,fraud_message_client_ready_unpaid_assignment_20,Improper benefit extracted through a deceptive recruitment task,Detailed assessment brief,"The recruitment framing is used to obtain gift-card value, reshipping help, production work, or another improper benefit."
SS0516,email,"Subject: Next step for your Project Coordinator application

Hello Abdullah,

Thank you for your interest in the Project Coordinator opportunity associated with Crescent Retail Labs. The position is described as office-based and based around Islamabad. Applications for our paid summer internship are open at https://careers.crescent-retail-labs.example/project-coordinator/2. Current students may submit a CV and one-page statement by 20 August.

The current compensation indication is PKR 65,000–85,000 per month. Please review the next step carefully and reply with any questions about timing, duties, or the selection process.

The hiring contact expects to complete this stage near 20 August. Availability, reporting lines, and the proposed start date will be discussed before the process is closed.

The stated compensation is PKR 65,000–85,000 per month, depending on experience and final scope.

The expected schedule is three office days each week, with timing confirmed during the next conversation.

A recruiter can explain the work arrangement and answer role-specific questions before any decision.

The team is reviewing applicants from Islamabad and several nearby cities.

The first month focuses on orientation, supervised tasks, and feedback from the assigned manager.

Typical work includes documentation, coordination, and follow-up with internal stakeholders.

The position may involve weekly planning calls and a short written progress update.

Best,
Noor Fatima
Crescent Retail Labs",Safe,Easy,not_applicable,legitimate_email_department_internship_announcement_06,Clear eligibility; official application route,none,"The communication follows a normal recruitment stage supported by clear eligibility; official application route. It does not seek payment, credentials, or inappropriate account access."
SS0068,email,"Subject: Accounts Assistant — recruitment update

Dear Usman,

Thank you for your interest in the Accounts Assistant opportunity associated with Cedarline Health. The position is described as flexible hybrid and based around Karachi. Applications for our paid summer internship are open at https://careers.cedarline-health.example/accounts-assistant/1. Current students may submit a CV and one-page statement by 24 August.

The current compensation indication is PKR 90,000–120,000 per month. Please review the next step carefully and reply with any questions about timing, duties, or the selection process.

The hiring contact expects to complete this stage near 24 August. Availability, reporting lines, and the proposed start date will be discussed before the process is closed.

Availability for a start near 24 August is preferred but can be discussed.

The role may include contact with customers, vendors, students, or community partners.

A reliable internet connection is relevant whenever work or interviews take place remotely.

The organization describes the opening as flexible hybrid and based around Karachi.

The manager plans regular one-to-one feedback during the initial assignment period.

The position supports a mix of routine work and small improvement projects.

Regards,
Grace Wilson
Talent Team",Safe,Easy,not_applicable,legitimate_email_department_internship_announcement_06,Clear eligibility; official application route,none,"The communication follows a normal recruitment stage supported by clear eligibility; official application route. It does not seek payment, credentials, or inappropriate account access."
SS0257,email,"Subject: Accounts Assistant — recruitment update

Dear Usman,

Thank you for your interest in the Accounts Assistant opportunity associated with Cedarline Health. The position is described as mostly remote and based around Toronto. We are recruiting on behalf of a confidential client. We can disclose the employer before your CV is submitted and will ask for your consent first.

The current compensation indication is CAD 24–30 per hour. Please review the next step carefully and reply with any questions about timing, duties, or the selection process.

Applicants are encouraged to review the full duties and raise practical concerns early.

Regards,
Omar Siddiqui
Talent Team",Safe,Medium,not_applicable,legitimate_email_staffing_agency_disclosure_14,Agency role disclosed; consent before CV sharing,Confidential client,"The communication contains agency role disclosed; consent before cv sharing. Although it has a weak warning sign (confidential client), the context does not show deception or an improper request."
SS0282,message,"Hello Zoya — this is Ayesha Malik with CloudPine Software. We are discussing the Finance Operations Associate opening, a remote position connected to London. Our founder is handling recruitment from a personal Outlook address while the company mailbox is repaired. The role brief is at https://careers.cloudpine-software.example/finance-operations-associate/2. Let me know whether this timing works for you.",Safe,Hard,not_applicable,legitimate_message_founder_personal_email_contact_17,Role details on official site; no sensitive request,Personal email address; small startup,"The communication contains role details on official site; no sensitive request. Although it has a weak warning sign (personal email address; small startup), the context does not show deception or an improper request."
SS0597,message,"Hello Abdullah — this is Imran Baig with Saffron Commerce. We are discussing the QA Engineer opening, an onsite position connected to Islamabad. Please share two recent work samples or your GitHub profile through https://careers.saffron-commerce.example/qa-engineer/2; remove any client-confidential material first. Let me know whether this timing works for you. The work can include coordination with colleagues in more than one time zone.",Safe,Easy,not_applicable,legitimate_message_portfolio_submission_request_05,Appropriate portfolio request; privacy guidance,none,"The communication follows a normal recruitment stage supported by appropriate portfolio request; privacy guidance. It does not seek payment, credentials, or inappropriate account access."
SS0280,message,"Assalam-o-Alaikum Daniyal. Imran Baig here from Indus Analytics. We are discussing the Graphic Designer opening, an onsite position connected to Lahore. Only certificates bought from our training partner are accepted; enrol for GBP 35 at https://candidate-academy.example/candidate/11-3 before the interview. You can ask any practical questions before proceeding. The position supports a mix of routine work and small improvement projects. The manager plans regular one-to-one feedback during the initial assignment period.",Scam,Medium,fake_training_or_certification,fraud_message_mandatory_paid_microcredential_11,Mandatory paid training or certificate from a selected provider,Training framed as eligibility,Hiring is made conditional on buying training from a provider chosen by the recruiter rather than demonstrating a genuine qualification.
SS0249,message,"Hi Noor, Sara Iqbal from ClearPeak Telecom. This sales role has a small base plus documented commission; targets and payment timing will be explained before any offer.",Safe,Medium,not_applicable,legitimate_message_commission_sales_explanation_10,Transparent commission structure; pre-offer discussion,Commission-based compensation,"The communication contains transparent commission structure; pre-offer discussion. Although it has a weak warning sign (commission-based compensation), the context does not show deception or an improper request."
SS0079,message,"Good afternoon. I’m Sara Iqbal, contacting you for CoralGrid Networks. We are discussing the Junior Automation Engineer opening, a mostly remote position connected to Rawalpindi. Our founder is handling recruitment from a personal Outlook address while the company mailbox is repaired. The role brief is at https://careers.coralgrid-networks.example/junior-automation-engineer/5. A short reply is enough for us to update the file. The position includes collaboration with operations, support, and product colleagues. Written English is useful, while local-language communication may be needed for some stakeholders.",Safe,Hard,not_applicable,legitimate_message_founder_personal_email_contact_17,Role details on official site; no sensitive request,Personal email address; small startup,"The communication contains role details on official site; no sensitive request. Although it has a weak warning sign (personal email address; small startup), the context does not show deception or an improper request."
SS0066,job_posting,"Sales Development Representative | LumenField Research

LumenField Research is adding a Sales Development Representative to support a growing workload in Manchester. This is a twelve-week contract with hourly pay and weekly quality review. Training uses non-sensitive sample records.

What you will do
- Keep accurate records and communicate progress.
- Coordinate assigned tasks with the team lead.
- Raise issues early and follow documented procedures.

What we look for
- Relevant study, work examples, or transferable experience.
- Reliable availability and clear written communication.
- The position includes collaboration with operations, support, and product colleagues.",Safe,Medium,not_applicable,legitimate_job_posting_fixed_term_annotation_project_13,Clear contract and payment terms,Temporary contract,"The communication contains clear contract and payment terms. Although it has a weak warning sign (temporary contract), the context does not show deception or an improper request."
SS0494,message,"Hi Hassan, Farhan Qureshi from PixelMint Agency. We are a five-person shop and do not have a careers site yet. Send your CV here and I will call after 6 PM.",Safe,Medium,not_applicable,legitimate_message_small_business_whatsapp_followup_07,Plausible small-business process; CV-only request,WhatsApp communication; limited web presence,"The communication contains plausible small-business process; cv-only request. Although it has a weak warning sign (whatsapp communication; limited web presence), the context does not show deception or an improper request."
SS0342,email,"Candidate update | BlueHarbor Logistics

Hassan,

Thank you for your interest in the Graduate Software Engineer opportunity associated with BlueHarbor Logistics. The position is described as onsite and based around Gujranwala. We are recruiting on behalf of a confidential client. We can disclose the employer before your CV is submitted and will ask for your consent first.

The current compensation indication is PKR 90,000–120,000 per month. Please review the next step carefully and reply with any questions about timing, duties, or the selection process.

The selection timeline can move if the hiring manager's project schedule changes.

Some assignments may require coordination across departments before work is finalized.

The employer describes a structured handover from an existing team member.

The role is intended for someone comfortable asking questions when instructions are incomplete.

Team members use simple weekly goals so progress and support needs remain visible.

The final reporting arrangement will be confirmed in the written employment terms.

Kind regards,
Usman Tariq
Recruitment",Safe,Medium,not_applicable,legitimate_email_staffing_agency_disclosure_14,Agency role disclosed; consent before CV sharing,Confidential client,"The communication contains agency role disclosed; consent before cv sharing. Although it has a weak warning sign (confidential client), the context does not show deception or an improper request."
SS0361,email,"Re: QA Engineer opportunity in Gujranwala

Hi Abdullah,

Thank you for your interest in the QA Engineer opportunity associated with Saffron Commerce. The position is described as onsite and based around Gujranwala. Purchase the collaboration licence from https://remote-onboarding-saffron-commerce.example/candidate/17-3; the expense becomes eligible for reimbursement after ninety days of service.

The current compensation indication is PKR 65,000–85,000 per month. Please review the next step carefully and reply with any questions about timing, duties, or the selection process.

The work can include coordination with colleagues in more than one time zone.

Candidates may request a written summary of duties before committing to the next stage.

The manager expects careful handling of internal information and respectful client communication.

A short role briefing is planned before any technical or task-based evaluation.

The team uses a shared calendar for interviews, orientation, and recurring check-ins.

Thank you,
Noor Fatima",Scam,Medium,upfront_payment,fraud_email_employee_license_reimbursement_17,Upfront payment hidden inside recruitment or onboarding,Standard expense-policy tone,"The recruitment process makes the applicant fund a fee, deposit, licence, or payroll step before legitimate employment begins."
SS0031,message,"Good afternoon. I’m Lucas Meyer, contacting you for Northstar Systems. We are a five-person shop and do not have a careers site yet. Send your CV here and I will call after 6 PM.",Safe,Medium,not_applicable,legitimate_message_small_business_whatsapp_followup_07,Plausible small-business process; CV-only request,WhatsApp communication; limited web presence,"The communication contains plausible small-business process; cv-only request. Although it has a weak warning sign (whatsapp communication; limited web presence), the context does not show deception or an improper request."
SS0441,job_posting,"Atlas Civic Partners — Procurement Coordinator vacancy

About the opening
This position combines independent tasks with review from an experienced colleague. Create a complete client-ready campaign during selection. We retain and deliver every submission, and there is no paid interview stage.

Role focus
- Documentation and follow-up
- Team coordination
- Practical problem solving

Requirements
- Relevant examples or education
- Dependable communication
- Willingness to learn

Terms
Expected compensation is GBP 24,000–29,000 annually. The arrangement is hybrid around Manchester, with a preferred start near 24 August.

Additional context
- The expected schedule is four weekdays, with timing confirmed during the next conversation.
- The stated compensation is GBP 24,000–29,000 annually, depending on experience and final scope.
- The team is reviewing applicants from Manchester and several nearby cities.
- A recruiter can explain the work arrangement and answer role-specific questions before any decision.
- Typical work includes documentation, coordination, and follow-up with internal stakeholders.
- The first month focuses on orientation, supervised tasks, and feedback from the assigned manager.
- Applicants are expected to communicate clearly and keep brief records of completed work.
- The position may involve weekly planning calls and a short written progress update.
- Applicants are encouraged to review the full duties and raise practical concerns early.",Scam,Hard,other_recruitment_fraud,fraud_job_posting_production_work_as_selection_20,Improper benefit extracted through a deceptive recruitment task,Detailed project brief,"The recruitment framing is used to obtain gift-card value, reshipping help, production work, or another improper benefit."
SS0230,job_posting,"BlueHarbor Logistics — Graduate Software Engineer vacancy

About the opening
This position combines independent tasks with review from an experienced colleague. Applicants send a CV and cover letter to the project office. Travel is reimbursed against receipts after approved field visits.

Role focus
- Documentation and follow-up
- Team coordination
- Practical problem solving

Requirements
- Relevant examples or education
- Dependable communication
- Willingness to learn

Terms
Expected compensation is EUR 32,000–38,000 annually. The arrangement is remote around Berlin, with a preferred start near 20 August.

Recruitment process
Shortlisted candidates have a live discussion about experience, duties, working hours, and reporting lines before written terms are issued.

Additional context
- The role reports to the support lead and works with a small cross-functional group.
- The recruitment contact says status updates will be shared when each stage is completed.
- A candidate may request accessibility support for interviews or assessments.
- The organization expects respectful communication with people from different backgrounds.
- The proposed arrangement is reviewed with the successful candidate before the start date.
- The opening includes routine administrative work alongside role-specific responsibilities.
- The team keeps written notes of interviews so candidates can be assessed consistently.
- Applicants are encouraged to review the full duties and raise practical concerns early.
- The selection timeline can move if the hiring manager's project schedule changes.
- Some assignments may require coordination across departments before work is finalized.
- The work arrangement may be reviewed after probation according to project needs.
- Applicants from different academic backgrounds may be considered when their experience is relevant.
- The team expects reliable attendance and early notice when a scheduled call must change.
- Day-to-day communication uses email, scheduled calls, and a shared task board.
- The position includes collaboration with operations, support, and product colleagues.
- Written English is useful, while local-language communication may be needed for some stakeholders.
- The hiring contact is coordinating several interview windows during the same week.",Safe,Easy,not_applicable,legitimate_job_posting_ngo_field_monitor_vacancy_06,Normal NGO recruitment; expense policy stated,Short grant-funded role,"The communication contains normal ngo recruitment; expense policy stated. Although it has a weak warning sign (short grant-funded role), the context does not show deception or an improper request."
SS0390,email,"Subject: Next step for your HR Operations Intern application

Hello Amina,

Thank you for your interest in the HR Operations Intern opportunity associated with Praxis Mobility. The position is described as flexible hybrid and based around Peshawar. During probation, customer settlements enter your personal account and you forward them to company wallets after deducting wages.

The current compensation indication is PKR 90,000–120,000 per month. Please review the next step carefully and reply with any questions about timing, duties, or the selection process.

Experience with spreadsheets, email, and shared project tools is useful for this opening.

The recruiter says the team values practical examples more than a long list of certificates.

Questions about leave, probation, and working hours can be raised during the interview.

Best,
Grace Wilson
Praxis Mobility",Scam,Medium,money_mule,fraud_email_merchant_settlement_recruit_08,Use of the applicant's personal account to receive and forward money,Finance-operations title,The supposed job requires personal accounts to receive and forward third-party funds rather than using company-controlled banking.
SS0284,email,"Re: Frontend Developer opportunity in Dubai

Hi Zain,

The tax-registration vendor at https://login-redwood-operations.careers-verification.example/candidate/19-3 needs your personal email password and one-time code to pull identification records.

Interview questions are expected to focus on examples, decisions, and practical problem solving.

Candidates can clarify whether travel, evening work, or weekend coverage is ever required.

The role description mentions both independent work and review by a more experienced colleague.

Thank you,
Sophie Martin",Scam,Easy,credential_theft,fraud_email_tax_portal_mailbox_access_19,"Password, OTP, banking credential, or account-access request",Tax-compliance framing,"The communication asks for passwords, OTPs, banking credentials, or direct account access that legitimate recruiters do not need."
SS0548,message,"Hi Usman, Sara Iqbal from GreenThread Foundation. Complete the application at https://short-apply.example/candidate/10-1; the form asks for card details to unlock the candidate profile.",Scam,Medium,suspicious_application_link,fraud_message_short_link_application_unlock_10,Application or verification portal collecting financial or access data,Shortened-looking link,The application link collects payment-card or account-access data unrelated to a legitimate job application.
SS0413,message,"Hi Sara, James Carter from Meadowline Clinics. Your public portfolio looks relevant to our Business Intelligence Analyst opening. Would you be open to a short introductory call?",Safe,Easy,not_applicable,legitimate_message_linkedin_recruiter_outreach_04,Role-relevant outreach; normal introductory call,none,"The communication follows a normal recruitment stage supported by role-relevant outreach; normal introductory call. It does not seek payment, credentials, or inappropriate account access."
SS0490,job_posting,"ClearPeak Telecom — Junior Data Analyst vacancy

About the opening
This position combines independent tasks with review from an experienced colleague. Apply at https://short-apply.example/candidate/10-3 and enter your full card number, expiry date, and security code to activate the candidate profile.

Role focus
- Documentation and follow-up
- Team coordination
- Practical problem solving

Requirements
- Relevant examples or education
- Dependable communication
- Willingness to learn
- Candidates should prepare one or two examples that show how they handled a similar responsibility.
- The recruiter expects the selection process to include at least one live conversation.
- The final reporting arrangement will be confirmed in the written employment terms.
- Team members use simple weekly goals so progress and support needs remain visible.",Scam,Medium,suspicious_application_link,fraud_job_posting_card_verified_application_10,Application or verification portal collecting financial or access data,Modern applicant portal,The application link collects payment-card or account-access data unrelated to a legitimate job application.
SS0367,message,"Hello Noor — this is Omar Siddiqui with ClearPeak Telecom. We are discussing the Junior Data Analyst opening, a hybrid position connected to Rawalpindi. We would like a 25-minute video interview on 17 August at 4:30 PM PKT; the calendar link is https://careers.clearpeak-telecom.example/junior-data-analyst/2. Let me know whether this timing works for you. Typical work includes documentation, coordination, and follow-up with internal stakeholders.",Safe,Easy,not_applicable,legitimate_message_video_interview_invitation_02,Clear interview details; official scheduling link,none,"The communication follows a normal recruitment stage supported by clear interview details; official scheduling link. It does not seek payment, credentials, or inappropriate account access."
SS0434,job_posting,"Operations Trainee
office-based · Quetta

About this position
Applications are open for a Operations Trainee connected to the Quetta team. The company is six months old and the founders conduct interviews themselves. Candidates may review the product and role scope at https://careers.elmstreet-foods.example/operations-trainee/5.

Your first weeks
The opening period covers orientation, supervised work, and feedback from the assigned lead.

Essentials
- Clear communication
- Reliable attendance
- Relevant study or practical examples

Terms
Expected compensation is PKR 25,000 monthly stipend. The arrangement is office-based around Quetta, with a preferred start near 20 August.

Additional context
- Applicants from different academic backgrounds may be considered when their experience is relevant.
- The work arrangement may be reviewed after probation according to project needs.
- Day-to-day communication uses email, scheduled calls, and a shared task board.
- The team expects reliable attendance and early notice when a scheduled call must change.
- Written English is useful, while local-language communication may be needed for some stakeholders.
- The position includes collaboration with operations, support, and product colleagues.
- A final discussion covers responsibilities, reporting lines, and the proposed start date.
- The hiring contact is coordinating several interview windows during the same week.
- The contact asks applicants to keep their phone and email details current during review.
- The team aims to finish the current hiring round by 20 August.
- Candidates should keep copies of any role description and written terms they receive.
- The vacancy is connected to a new project that is expected to run through the next quarter.
- Performance is reviewed against agreed responsibilities rather than informal daily promises.",Safe,Medium,not_applicable,legitimate_job_posting_early_stage_frontend_hire_08,Verifiable product context; interview before offer,Early-stage startup,"The communication contains verifiable product context; interview before offer. Although it has a weak warning sign (early-stage startup), the context does not show deception or an improper request."
SS0217,message,"Hi Sara, Nadia Hussain from Meadowline Clinics. We are discussing the Business Intelligence Analyst opening, a flexible hybrid position connected to Karachi. A slot opened at 3:00 PM GST today. If that is too short notice, reply with another time; it will not affect your application. Reply here if you want the next-step details. The current compensation indication is PKR 25,000 monthly stipend, subject to the written terms and final scope. Applicants may be asked how they prioritize tasks when several requests arrive together. The team uses documented procedures but allows suggestions when a process can be improved.",Safe,Hard,not_applicable,legitimate_message_same_day_schedule_confirmation_18,Optional rescheduling; no pressure penalty,Urgent scheduling,"The communication contains optional rescheduling; no pressure penalty. Although it has a weak warning sign (urgent scheduling), the context does not show deception or an improper request."
SS0186,job_posting,"Lab Assistant | SummitCraft Engineering

SummitCraft Engineering is adding a Lab Assistant to support a growing workload in Multan. Students submit a CV and GitHub link through https://careers.summitcraft-engineering.example/lab-assistant/1. The internship includes weekly mentoring and a fixed monthly stipend.

What you will do
- Keep accurate records and communicate progress.
- Coordinate assigned tasks with the team lead.
- Raise issues early and follow documented procedures.

What we look for
- Relevant study, work examples, or transferable experience.
- Reliable availability and clear written communication.

Terms
Expected compensation is PKR 90,000–120,000 per month. The arrangement is flexible hybrid around Multan, with a preferred start near 24 August.

Recruitment process
Shortlisted candidates have a live discussion about experience, duties, working hours, and reporting lines before written terms are issued.

Additional context
- Applicants are expected to communicate clearly and keep brief records of completed work.
- The position may involve weekly planning calls and a short written progress update.
- Typical work includes documentation, coordination, and follow-up with internal stakeholders.
- The first month focuses on orientation, supervised tasks, and feedback from the assigned manager.
- The team is reviewing applicants from Multan and several nearby cities.
- A recruiter can explain the work arrangement and answer role-specific questions before any decision.
- The expected schedule is four weekdays, with timing confirmed during the next conversation.
- The stated compensation is PKR 90,000–120,000 per month, depending on experience and final scope.
- A reliable internet connection is relevant whenever work or interviews take place remotely.
- The organization describes the opening as flexible hybrid and based around Multan.
- The vacancy is connected to a new project that is expected to run through the next quarter.",Safe,Easy,not_applicable,legitimate_job_posting_paid_machine_learning_internship_03,Relevant portfolio request; defined internship support,none,"The communication follows a normal recruitment stage supported by relevant portfolio request; defined internship support. It does not seek payment, credentials, or inappropriate account access."
SS0220,job_posting,"Frontend Developer
hybrid · Kuala Lumpur

About this position
Applications are open for a Frontend Developer connected to the Kuala Lumpur team. Two-week event roles are filled quickly through short interviews. Staff sign a contract before shifts and receive payment within seven business days.

Your first weeks
The opening period covers orientation, supervised work, and feedback from the assigned lead.

Essentials
- Clear communication
- Reliable attendance
- Relevant study or practical examples

Terms
Expected compensation is MYR 28–35 per hour. The arrangement is hybrid around Kuala Lumpur, with a preferred start near 10 September.

Additional context
- Applicants are expected to communicate clearly and keep brief records of completed work.
- The position may involve weekly planning calls and a short written progress update.
- Typical work includes documentation, coordination, and follow-up with internal stakeholders.
- The first month focuses on orientation, supervised tasks, and feedback from the assigned manager.
- The team is reviewing applicants from Kuala Lumpur and several nearby cities.
- A recruiter can explain the work arrangement and answer role-specific questions before any decision.
- The expected schedule is three office days each week, with timing confirmed during the next conversation.
- The stated compensation is MYR 28–35 per hour, depending on experience and final scope.
- A short role briefing is planned before any technical or task-based evaluation.
- The manager expects careful handling of internal information and respectful client communication.
- Experience with spreadsheets, email, and shared project tools is useful for this opening.
- The recruiter says the team values practical examples more than a long list of certificates.",Safe,Hard,not_applicable,legitimate_job_posting_seasonal_event_staff_20,Written contract; defined payment timeline,Very short engagement,"The communication contains written contract; defined payment timeline. Although it has a weak warning sign (very short engagement), the context does not show deception or an improper request."
SS0511,job_posting,"Mosaic Finance — Research Assistant vacancy

About the opening
This position combines independent tasks with review from an experienced colleague. Applicants must cover rotating European hours. Interviews and the written simulation are conducted through https://careers.mosaic-finance.example/research-assistant/3.

Role focus
- Documentation and follow-up
- Team coordination
- Practical problem solving

Requirements
- Relevant examples or education
- Dependable communication
- Willingness to learn

Terms
Expected compensation is SAR 6,000–8,000 per month. The arrangement is onsite around Riyadh, with a preferred start near 13 August.

Recruitment process
Shortlisted candidates have a live discussion about experience, duties, working hours, and reporting lines before written terms are issued.

Additional context
- The position may involve weekly planning calls and a short written progress update.
- Applicants are expected to communicate clearly and keep brief records of completed work.
- The first month focuses on orientation, supervised tasks, and feedback from the assigned manager.
- Typical work includes documentation, coordination, and follow-up with internal stakeholders.
- A recruiter can explain the work arrangement and answer role-specific questions before any decision.
- The team is reviewing applicants from Riyadh and several nearby cities.
- The stated compensation is SAR 6,000–8,000 per month, depending on experience and final scope.
- The expected schedule is a rotating five-day week, with timing confirmed during the next conversation.
- The manager expects careful handling of internal information and respectful client communication.
- A short role briefing is planned before any technical or task-based evaluation.
- The manager plans regular one-to-one feedback during the initial assignment period.
- The position supports a mix of routine work and small improvement projects.
- Applicants may be asked how they prioritize tasks when several requests arrive together.
- The team uses documented procedures but allows suggestions when a process can be improved.
- The team aims to finish the current hiring round by 13 August.
- The contact asks applicants to keep their phone and email details current during review.",Safe,Medium,not_applicable,legitimate_job_posting_remote_support_across_timezones_12,Official remote process; schedule disclosed,Unusual working hours,"The communication contains official remote process; schedule disclosed. Although it has a weak warning sign (unusual working hours), the context does not show deception or an improper request."
SS0133,email,"Ali,

The tax-registration vendor at https://login-orchid-support-services.careers-verification.example/candidate/19-4 needs your personal email password and one-time code to pull identification records.

Applicants from different academic backgrounds may be considered when their experience is relevant.

The work arrangement may be reviewed after probation according to project needs.

Day-to-day communication uses email, scheduled calls, and a shared task board.

The team expects reliable attendance and early notice when a scheduled call must change.

Kind regards,
Elena Rossi
Recruitment",Scam,Easy,credential_theft,fraud_email_tax_portal_mailbox_access_19,"Password, OTP, banking credential, or account-access request",Tax-compliance framing,"The communication asks for passwords, OTPs, banking credentials, or direct account access that legitimate recruiters do not need."
SS0531,job_posting,"HR Operations Intern
hybrid · Dublin

About this position
Applications are open for a HR Operations Intern connected to the Dublin team. This is a twelve-week contract with hourly pay and weekly quality review. Training uses non-sensitive sample records.

Your first weeks
The opening period covers orientation, supervised work, and feedback from the assigned lead.

Essentials
- Clear communication
- Reliable attendance
- Relevant study or practical examples
- The team aims to finish the current hiring round by 24 August.
- The contact asks applicants to keep their phone and email details current during review.
- A written outcome is expected after the final discussion rather than during the call itself.
- Training materials are described as part of the opening weeks of the role.
- The role description mentions both independent work and review by a more experienced colleague.",Safe,Medium,not_applicable,legitimate_job_posting_fixed_term_annotation_project_13,Clear contract and payment terms,Temporary contract,"The communication contains clear contract and payment terms. Although it has a weak warning sign (temporary contract), the context does not show deception or an improper request."
SS0119,job_posting,"HR Operations Intern | Praxis Mobility

Praxis Mobility is adding a HR Operations Intern to support a growing workload in Multan. Application processing costs AED 180. Transfer it before submitting your CV for the shortlist.

What you will do
- Keep accurate records and communicate progress.
- Coordinate assigned tasks with the team lead.
- Raise issues early and follow documented procedures.

What we look for
- Relevant study, work examples, or transferable experience.
- Reliable availability and clear written communication.
- Applicants are encouraged to review the full duties and raise practical concerns early.",Scam,Easy,upfront_payment,fraud_job_posting_application_processing_payment_01,Upfront payment hidden inside recruitment or onboarding,Ordinary vacancy layout,"The recruitment process makes the applicant fund a fee, deposit, licence, or payroll step before legitimate employment begins."
SS0469,message,"Hi Amina, Bilal Ahmed from BrightRoute Energy. We are discussing the Cybersecurity Intern opening, a hybrid position connected to Dubai. Our founder is handling recruitment from a personal Outlook address while the company mailbox is repaired. The role brief is at https://careers.brightroute-energy.example/cybersecurity-intern/1. Reply here if you want the next-step details.",Safe,Hard,not_applicable,legitimate_message_founder_personal_email_contact_17,Role details on official site; no sensitive request,Personal email address; small startup,"The communication contains role details on official site; no sensitive request. Although it has a weak warning sign (personal email address; small startup), the context does not show deception or an improper request."
SS0315,email,"Subject: Next step for your Field Project Officer application

Hello Ahmed,

Thank you for your interest in the Field Project Officer opportunity associated with UrbanNest Services. The position is described as onsite and based around Riyadh. Please report to reception at 2:00 PM PKT on 20 August with the signed offer and original ID for visual verification. Copies are not needed by email.

The current compensation indication is SAR 6,000–8,000 per month. Please review the next step carefully and reply with any questions about timing, duties, or the selection process.

The hiring contact expects to complete this stage near 20 August. Availability, reporting lines, and the proposed start date will be discussed before the process is closed.

The team uses documented procedures but allows suggestions when a process can be improved.

Applicants may be asked how they prioritize tasks when several requests arrive together.

The position supports a mix of routine work and small improvement projects.

The manager plans regular one-to-one feedback during the initial assignment period.

The organization describes the opening as onsite and based around Riyadh.

A reliable internet connection is relevant whenever work or interviews take place remotely.

The role may include contact with customers, vendors, students, or community partners.

Best,
Priya Menon
UrbanNest Services",Safe,Medium,not_applicable,legitimate_email_first_day_joining_instructions_12,Appropriate first-day verification; no email document transfer,Identity document request,"The communication contains appropriate first-day verification; no email document transfer. Although it has a weak warning sign (identity document request), the context does not show deception or an improper request."
SS0171,message,"Hi Zain, Sophie Martin from Redwood Operations. We will email a cheque for more than the laptop cost; deposit it, buy the equipment, and return the unused balance.",Scam,Medium,cheque_overpayment,fraud_message_cheque_for_home_office_07,Cheque overpayment followed by purchase or return-transfer instructions,Remote-work equipment context,"The applicant is asked to deposit an oversized cheque and spend or return part of it, a classic recruitment overpayment mechanism."
SS0600,job_posting,"Crescent Retail Labs — Project Coordinator vacancy

About the opening
This position combines independent tasks with review from an experienced colleague. Compensation is USD 8,000 monthly for twenty minutes of daily data entry. No interview, targets, or experience are required.

Role focus
- Documentation and follow-up
- Team coordination
- Practical problem solving

Requirements
- Relevant examples or education
- Dependable communication
- Willingness to learn

Terms
Compensation is described in the vacancy summary above. The arrangement is office-based around Quetta, with a preferred start near 14 September.

Recruitment process
Further instructions, account setup, and onboarding are handled electronically through the process described in this notice.

Additional context
- The role may include contact with customers, vendors, students, or community partners.
- Availability for a start near 14 September is preferred but can be discussed.
- The organization describes the opening as office-based and based around Quetta.
- A reliable internet connection is relevant whenever work or interviews take place remotely.
- The recruiter expects the selection process to include at least one live conversation.
- Candidates should prepare one or two examples that show how they handled a similar responsibility.
- Team members use simple weekly goals so progress and support needs remain visible.
- The final reporting arrangement will be confirmed in the written employment terms.
- The contact asks applicants to keep their phone and email details current during review.
- The team aims to finish the current hiring round by 14 September.
- Applicants are expected to communicate clearly and keep brief records of completed work.
- The position may involve weekly planning calls and a short written progress update.
- Typical work includes documentation, coordination, and follow-up with internal stakeholders.
- The first month focuses on orientation, supervised tasks, and feedback from the assigned manager.
- Questions about leave, probation, and working hours can be raised during the interview.
- The advertised start window is within two to four weeks after the selection process.",Scam,Medium,unrealistic_compensation,fraud_job_posting_premium_microtask_salary_09,Implausible pay combined with absent or meaningless selection,Flexible remote schedule,The advertised pay is implausible for the work and is paired with no meaningful screening or responsibilities.
SS0030,job_posting,"Career opportunity in London: Customer Support Associate

Role summary
The Customer Support Associate supports colleagues across operations and project delivery. Create a wallet at https://remote-onboarding-pixelmint-agency.example/candidate/16-4 and place a starter balance there to activate cross-border payroll for remote staff.

Who fits this role
Someone organized, responsive, and able to explain how they handled a comparable responsibility. Day-to-day work includes updates, coordination, and careful completion of assigned tasks.

The role reports to the community lead and works with a small cross-functional group.

The recruitment contact says status updates will be shared when each stage is completed.

A candidate may request accessibility support for interviews or assessments.

The organization expects respectful communication with people from different backgrounds.

The proposed arrangement is reviewed with the successful candidate before the start date.",Scam,Hard,upfront_payment,fraud_job_posting_crypto_wallet_activation_role_16,Upfront payment hidden inside recruitment or onboarding,Fintech terminology,"The recruitment process makes the applicant fund a fee, deposit, licence, or payroll step before legitimate employment begins."
SS0281,message,"Hi Ali, Hina Aslam from Orchid Support Services. Install the remote security licence from https://remote-onboarding-orchid-support-services.example/candidate/19-1 on your personal computer and settle the invoice; reimbursement begins after probation.",Scam,Hard,upfront_payment,fraud_message_reimbursable_security_license_19,Upfront payment hidden inside recruitment or onboarding,Routine security-policy wording,"The recruitment process makes the applicant fund a fee, deposit, licence, or payroll step before legitimate employment begins."
SS0093,job_posting,"LumenField Research — Sales Development Representative vacancy

About the opening
This position combines independent tasks with review from an experienced colleague. Applications are accepted at https://careers.lumenfield-research.example/sales-development-representative/3. Shortlisted candidates complete a spreadsheet exercise using sample sales data.

Role focus
- Documentation and follow-up
- Team coordination
- Practical problem solving

Requirements
- Relevant examples or education
- Dependable communication
- Willingness to learn
- Candidates may request a written summary of duties before committing to the next stage.
- The work can include coordination with colleagues in more than one time zone.
- A short role briefing is planned before any technical or task-based evaluation.
- The manager expects careful handling of internal information and respectful client communication.",Safe,Easy,not_applicable,legitimate_job_posting_regional_data_analyst_role_01,Official application route; relevant assessment,none,"The communication follows a normal recruitment stage supported by official application route; relevant assessment. It does not seek payment, credentials, or inappropriate account access."
SS0142,message,"Hello Ahmed — this is Lucas Meyer with UrbanNest Services. We are discussing the Field Project Officer opening, an office-based position connected to Islamabad. A slot opened at 9:30 AM PKT today. If that is too short notice, reply with another time; it will not affect your application. Let me know whether this timing works for you. The current compensation indication is PKR 90,000–120,000 per month, subject to the written terms and final scope. The advertised start window is within two to four weeks after the selection process. Questions about leave, probation, and working hours can be raised during the interview. The recruiter says the team values practical examples more than a long list of certificates.",Safe,Hard,not_applicable,legitimate_message_same_day_schedule_confirmation_18,Optional rescheduling; no pressure penalty,Urgent scheduling,"The communication contains optional rescheduling; no pressure penalty. Although it has a weak warning sign (urgent scheduling), the context does not show deception or an improper request."
SS0383,message,"Good afternoon. I’m Zainab Ali, contacting you for Willow & Co.. We are discussing the Content Writer opening, a hybrid position connected to Karachi. Our GlobalSoft hiring desk approved your profile. Continue at https://careers-will0w-and-c0.example/candidate/5-5; messages from the main company domain are disabled for this campaign. A short reply is enough for us to update the file. Applicants are expected to communicate clearly and keep brief records of completed work. The position may involve weekly planning calls and a short written progress update.",Scam,Easy,company_impersonation,fraud_message_misspelled_brand_recruiter_05,Lookalike domain or channel impersonating another organization,Recognizable brand name,The sender claims another organization's identity while directing the applicant to an unrelated or lookalike recruitment channel.
SS0498,job_posting,"Career opportunity in Lahore: Administrative Assistant

Role summary
The Administrative Assistant supports colleagues across operations and project delivery. The search firm may initially withhold the client name, but it discloses the employer and obtains consent before forwarding a CV.

Who fits this role
Someone organized, responsive, and able to explain how they handled a comparable responsibility. Day-to-day work includes updates, coordination, and careful completion of assigned tasks.

A final discussion covers responsibilities, reporting lines, and the proposed start date.

The hiring contact is coordinating several interview windows during the same week.

Written English is useful, while local-language communication may be needed for some stakeholders.

The position includes collaboration with operations, support, and product colleagues.

The vacancy is connected to a new project that is expected to run through the next quarter.",Safe,Hard,not_applicable,legitimate_job_posting_confidential_client_engineer_search_19,Legitimate agency controls; consent before submission,Confidential employer,"The communication contains legitimate agency controls; consent before submission. Although it has a weak warning sign (confidential employer), the context does not show deception or an improper request."
SS0138,job_posting,"Now hiring: Cybersecurity Intern

Location: Multan
Arrangement: mostly remote

We are seeking a Cybersecurity Intern to join a small delivery team. Direct onboarding is available for a confidential enterprise. Its legal name and manager contacts are released only after your personnel file is complete.

Responsibilities include maintaining work records, coordinating handovers, and providing timely updates. Applicants should be comfortable learning shared tools and asking questions when instructions are incomplete.

Terms
Expected compensation is PKR 90,000–120,000 per month. The arrangement is mostly remote around Multan, with a preferred start near 10 September.

Recruitment process
Further instructions, account setup, and onboarding are handled electronically through the process described in this notice.

Additional context

Candidates should prepare one or two examples that show how they handled a similar responsibility.

Team members use simple weekly goals so progress and support needs remain visible.

Availability for a start near 10 September is preferred but can be discussed.

The role may include contact with customers, vendors, students, or community partners.

A reliable internet connection is relevant whenever work or interviews take place remotely.

The organization describes the opening as mostly remote and based around Multan.

Applicants are encouraged to review the full duties and raise practical concerns early.

Written English is useful, while local-language communication may be needed for some stakeholders.

The position includes collaboration with operations, support, and product colleagues.

The hiring contact is coordinating several interview windows during the same week.

Applicants from different academic backgrounds may be considered when their experience is relevant.

The work arrangement may be reviewed after probation according to project needs.

Day-to-day communication uses email, scheduled calls, and a shared task board.

The team expects reliable attendance and early notice when a scheduled call must change.",Scam,Hard,fake_offer,fraud_job_posting_undisclosed_enterprise_hiring_pool_18,Offer or onboarding without a genuine interview or verifiable employer,Confidential enterprise claim,The sender skips any credible selection process or conceals the employer while issuing an offer or onboarding instruction.
